"PREF IBKR","CMON","BOND_","CRDT SCORE_","EX-DIV DATE","CALL DATE","MATUR DATE","DIV AMOUNT","COUPON","Aug2022_Price","Oct19_Price","CGRUP","Last Price","Oct19_diff","Aug2022_diff","SMA88","SMA268","SMA88 chg","SMA268 chg","6M Low","6M High","1Y Low","1Y High","TIME TO DIV","Div adj.price","6M_Low_diff","6M_High_diff","SMA88_chg_norm","SMA268_chg_norm","6M_Low_diff_norm","6M_High_diff_norm","Aug4_chg","Oct19_chg","Aug4_chg_norm","Oct19_chg_norm","1Y_High_diff","1Y_Low_diff","1Y_High_diff_norm","1Y_Low_diff_norm","ADV_6M","ADV_3M","ADV_15D","AVG_ADV","SOLIDITY_SCORE","CUR_YIELD","FINAL_THG","SOLIDITY_WEIGHT_USED","YIELD_WEIGHT_USED"
"ACGLN","ACGL","","12","12/13/2024","","","0.2800","4.5500","21.7000","16.6200","c450","17.1500","0.5300","-4.5500","17.3600","18.8600","-1.1800","-9.0700","16.4400","20.9900","16.4400","21.2200","73.0000","17.1000","0.6600","-3.8900","52.5500","67.2400","70.3000","52.7500","-4.6000","0.4800","61.1300","68.1700","-4.1200","0.6600","54.0700","82.7400","33071.0000","32833.0000","35307.0000","33737.0000","66.9900","0.0665","436.5800","1.1200","2103.8600"
"ACGLO","ACGL","","11.5","12/13/2024","","","0.3400","5.4500","24.9300","19.3400","c550","20.7000","1.3600","-4.2300","20.7600","22.0700","-0.3100","-6.1900","19.9900","23.8200","19.2000","24.5000","73.0000","20.6400","0.6500","-3.1800","48.3200","55.1400","70.5300","43.4600","-4.2900","1.3000","58.4300","60.8300","-3.8600","1.4400","50.6600","74.9800","19885.0000","18509.0000","14436.0000","17610.0000","66.9900","0.0660","411.6200","1.1200","2103.8600"
"ACP PRA","ACP","","15","12/16/2024","","","0.3300","5.2500","24.6100","21.4700","c525","20.6000","-0.8700","-4.0100","21.3600","22.9000","-3.5400","-10.0600","20.0500","25.0000","19.6500","26.3300","76.0000","20.5500","0.5000","-4.4500","64.0100","71.4000","74.0900","60.0700","-4.0600","-0.9200","56.4300","80.6900","-5.7800","0.9000","75.8400","80.3500","2037.0000","1795.0000","1978.0000","1936.0000","56.0900","0.0639","443.2700","1.1200","2103.8600"
"ADC PRA","ADC","","11","10/22/2024","","","0.2700","4.2500","20.9200","15.8300","c425","16.9500","1.1200","-3.9700","17.4300","18.4600","-2.7400","-8.1800","16.9100","21.9400","15.7100","21.9400","21.0000","16.7400","-0.1700","-5.2000","60.1300","63.5000","90.0000","69.8700","-4.1800","0.9100","57.4800","64.3200","-5.2000","1.0300","68.2300","79.0500","15340.0000","11999.0000","9936.0000","12425.0000","65.3200","0.0635","443.9800","1.1200","2103.8600"
"AEFC","AEG","BB","12.5","11/29/2024","12/15/2024","","0.3200","5.1000","24.3200","18.5600","c500","19.7200","1.1600","-4.6000","20.0300","21.0300","-1.5300","-6.2200","18.6100","22.7000","18.2400","22.9000","59.0000","19.6100","1.0000","-3.0900","54.2500","55.2700","62.2300","42.2900","-4.7100","1.0500","62.0900","63.0600","-3.2900","1.3700","43.1800","75.6700","37485.0000","43497.0000","34566.0000","38516.0000","35.7600","0.0650","373.9300","1.1200","2103.8600"
"AFGC","AFG","BB","11.5","11/29/2024","","","0.3200","5.1300","26.2200","18.4600","c500","19.0200","0.5600","-7.2000","19.1200","20.7100","-0.5000","-8.1500","18.0100","23.4200","18.0100","23.4200","59.0000","18.9100","0.9000","-4.5100","49.2500","63.3800","64.6000","60.8500","-7.3100","0.4500","84.7000","68.4300","-4.5100","0.9000","59.1800","80.3500","6187.0000","5388.0000","7524.0000","6366.0000","64.8000","0.0678","437.2400","1.1200","2103.8600"
"AFGD","AFG","BB","11.5","11/15/2024","","","0.3500","5.6300","25.5600","20.3600","c550","20.4700","0.1100","-5.0900","20.7500","22.7100","-1.3500","-9.8600","18.1900","25.3700","18.1900","25.6100","45.0000","20.2900","2.1000","-5.0800","53.3800","70.5600","36.1100","68.3000","-5.2700","-0.0700","66.9600","73.0900","-5.3200","2.1000","69.8000","68.4100","7274.0000","7007.0000","6548.0000","6943.0000","64.8000","0.0694","439.2900","1.1200","2103.8600"
"AGM PRD","AGM","","NR","12/27/2024","","","0.3600","5.7000","25.2800","21.0400","c550","21.4100","0.3700","-3.8700","21.9700","22.8800","-2.5400","-6.4100","20.9200","24.8600","20.2600","25.7000","87.0000","21.4000","0.4800","-3.4600","59.1600","56.0700","74.5700","47.1200","-3.8800","0.3600","54.8700","69.2400","-4.3000","1.1400","56.4300","77.9600","4367.0000","4428.0000","6988.0000","5261.0000","50.7400","0.0666","410.1000","1.1200","2103.8600"
"AGM PRE","AGM","","NR","12/27/2024","","","0.3600","5.7500","24.9000","21.5500","c550","21.5700","0.0200","-3.3300","22.0300","23.0000","-2.0900","-6.2200","21.2500","24.4000","20.3100","24.9300","87.0000","21.5600","0.3100","-2.8400","56.9700","55.2700","78.6100","39.0200","-3.3400","0.0100","50.1700","72.3700","-3.3700","1.2500","44.2300","76.8700","3635.0000","1923.0000","2617.0000","2725.0000","50.7400","0.0667","402.3200","1.1200","2103.8600"
"AGM PRF","AGM","","NR","12/27/2024","","","0.3300","5.2500","22.5000","19.9000","c525","19.4400","-0.4600","-3.0600","20.2900","21.1700","-4.1800","-8.1900","19.2600","23.3400","17.8200","23.9900","87.0000","19.4300","0.1700","-3.9100","67.1200","63.5400","81.9300","53.0100","-3.0700","-0.4700","47.8300","76.6700","-4.5600","1.6100","59.8400","73.2800","9180.0000","8152.0000","9428.0000","8920.0000","50.7400","0.0676","428.7500","1.1200","2103.8600"
"AGM PRG","AGM","","NR","12/27/2024","","","0.3000","4.8800","21.8000","18.2000","c475","18.2700","0.0700","-3.5300","18.8900","19.7900","-3.3000","-7.6900","17.8800","22.1500","17.1600","22.3700","87.0000","18.2600","0.3800","-3.8900","62.8500","61.4400","76.9400","52.7500","-3.5400","0.0600","51.9100","71.9200","-4.1100","1.1000","53.9300","78.3600","9043.0000","8225.0000","11870.0000","9713.0000","50.7400","0.0668","420.0100","1.1200","2103.8600"
"AHH PRA","AHH","","NR","1/2/2025","","","0.4200","6.7500","26.4300","20.5000","c675","21.8100","1.3200","-4.6100","21.9400","22.4700","-0.5300","-2.9000","19.8800","24.9300","19.5200","25.7600","3.0000","21.4100","1.5300","-3.5200","49.3900","41.3300","49.6400","47.9100","-5.0200","0.9100","64.7800","64.3200","-4.3500","1.8900","57.0800","70.5000","8170.0000","5522.0000","3627.0000","5773.0000","35.8100","0.0788","388.6900","1.1200","2103.8600"
"AIZN","AIZ","BB","10","12/27/2024","","","0.3300","5.2500","24.0000","17.7400","c525","20.3400","2.6000","-3.6600","19.6600","20.9200","3.4400","-2.7800","18.0100","23.1400","17.7000","23.1400","87.0000","20.3300","2.3200","-2.8100","30.1100","40.8200","30.8900","38.6300","-3.6700","2.5900","53.0400","49.2800","-2.8100","2.6300","36.8900","63.1300","11875.0000","13182.0000","11776.0000","12278.0000","63.2800","0.0646","350.6400","1.1200","2103.8600"
"ALL PRH","ALL","","12","12/27/2024","","","0.3200","5.1000","24.7800","18.7400","c500","20.8700","2.1300","-3.9100","21.0800","22.2100","-1.0000","-6.0400","19.3700","24.8500","18.3800","24.9700","87.0000","20.8600","1.4900","-3.9900","51.6800","54.5100","50.5900","54.0500","-3.9200","2.1200","55.2200","53.4900","-4.1100","2.4800","53.9300","64.6300","86243.0000","72306.0000","75646.0000","78065.0000","75.5700","0.0611","402.9400","1.1200","2103.8600"
"ALL PRI","ALL","","12","12/27/2024","","","0.3000","4.7500","24.9200","17.8500","c475","19.4500","1.6000","-5.4700","19.5700","20.8700","-0.6200","-6.8100","18.5600","23.4500","17.5000","24.4900","87.0000","19.4400","0.8800","-4.0100","49.8300","57.7500","65.0700","54.3100","-5.4800","1.5900","68.7800","58.2300","-5.0500","1.9400","66.2600","70.0000","23508.0000","20730.0000","26601.0000","23613.0000","75.5700","0.0611","420.3900","1.1200","2103.8600"
"AMH PRG","AMH","","9","12/13/2024","","","0.3700","5.8800","25.4700","21.4300","c575","22.7700","1.3400","-2.7000","23.0700","23.4100","-1.2900","-2.7500","21.7600","25.1600","21.1000","25.3400","73.0000","22.7000","0.9400","-2.4600","53.0800","40.7000","63.6500","34.0500","-2.7700","1.2700","45.2200","61.1000","-2.6400","1.6000","34.6600","73.3800","8130.0000","9785.0000","10658.0000","9524.0000","60.3600","0.0648","377.3300","1.1200","2103.8600"
"AMH PRH","AMH","","9","12/13/2024","","","0.3900","6.2500","25.8500","22.3800","c625","23.4800","1.1000","-2.3700","24.1200","24.3200","-2.6700","-3.4500","22.7000","25.4900","21.7400","26.2500","73.0000","23.4100","0.7100","-2.0800","59.7900","43.6400","69.1100","29.0800","-2.4400","1.0300","42.3500","63.2400","-2.8400","1.6700","37.2800","72.6900","7882.0000","7279.0000","5991.0000","7051.0000","60.3600","0.0667","388.9900","1.1200","2103.8600"
"ASB PRE","ASB","","10","12/2/2024","","","0.3700","5.8800","25.1000","16.7700","c575","20.4000","3.6200","-4.7100","20.4600","21.3500","-0.3500","-4.4900","19.2500","23.7400","16.2000","23.7500","62.0000","20.2700","1.0200","-3.4700","48.5200","48.0100","61.7500","47.2500","-4.8300","3.5000","63.1300","41.1400","-3.4800","4.0700","45.6700","48.8100","3685.0000","2928.0000","3848.0000","3487.0000","55.0600","0.0725","385.5700","1.1200","2103.8600"
"ASB PRF","ASB","","10","12/2/2024","","","0.3500","5.6300","25.2500","16.4000","c550","19.3000","2.9000","-5.9500","19.6100","20.4300","-1.6000","-5.5200","18.5100","22.4500","15.3000","22.9100","62.0000","19.1900","0.6800","-3.2600","54.5900","52.3300","69.8200","44.5100","-6.0600","2.7900","73.8300","47.4900","-3.7200","3.8900","48.8200","50.6000","5919.0000","4723.0000","3373.0000","4672.0000","55.0600","0.0733","402.4400","1.1200","2103.8600"
"ATH PRB","-","","11","12/13/2024","","","0.3500","5.6300","25.2600","18.0000","c550","19.8000","1.8000","-5.4600","19.7100","21.1000","0.4300","-6.1800","18.3400","23.5300","16.6600","23.5300","73.0000","19.7300","1.3900","-3.8000","44.7300","55.1000","52.9700","51.5700","-5.5300","1.7300","69.2200","56.9800","-3.8000","3.0700","49.8700","58.7600","21477.0000","21218.0000","19488.0000","20727.0000","44.0500","0.0713","385.1200","1.1200","2103.8600"
"ATH PRD","-","","11","12/13/2024","","","0.3000","4.8800","21.6900","15.2400","c475","16.8900","1.6500","-4.8000","17.0600","18.3100","-0.9700","-7.7500","15.8600","20.6100","15.1900","20.6100","73.0000","16.8300","0.9700","-3.7800","51.5300","61.7000","62.9400","51.3100","-4.8600","1.5900","63.3900","58.2300","-3.7800","1.6400","49.6100","72.9900","46850.0000","43301.0000","47488.0000","45880.0000","44.0500","0.0725","406.3400","1.1200","2103.8600"
"AXS PRE","AXS","","11.5","12/26/2024","","","0.3400","5.5000","24.0400","19.2600","c550","20.4200","1.1600","-3.6200","20.5400","21.4500","-0.5900","-4.8200","19.4500","23.2100","18.7700","23.6600","86.0000","20.4000","0.9500","-2.8100","49.6800","49.3900","63.4100","38.6300","-3.6400","1.1400","52.7800","62.2600","-3.2600","1.6300","42.7900","73.0800","31353.0000","28635.0000","27234.0000","29074.0000","67.3500","0.0674","402.3500","1.1200","2103.8600"
"BAC PRB","BAC","","11","10/29/2024","6/16/2023","","0.3800","6.0000","25.6900","23.0200","c600","24.8700","1.8500","-0.8200","24.7300","25.0500","0.5600","-0.7100","24.0400","25.6300","22.3000","25.6300","28.0000","24.6100","0.5700","-1.0200","44.1000","32.1300","72.4300","15.2300","-1.0800","1.5900","30.5200","58.2300","-1.0200","2.3100","13.4100","66.3200","80844.0000","92816.0000","136655.0000","103438.0000","78.0400","0.0610","358.6100","1.1200","2103.8600"
"BAC PRK","BAC","","11","1/2/2025","","","0.3700","5.8800","25.6800","22.0000","c575","24.4600","2.4600","-1.2200","24.2600","24.7600","0.8100","-1.2000","23.3500","25.3200","21.5100","25.4300","3.0000","24.1000","0.7500","-1.2200","42.8800","34.1900","68.1600","17.8400","-1.5800","2.1000","34.8700","53.6700","-1.3300","2.5900","17.4800","63.5300","51814.0000","55015.0000","70449.0000","59093.0000","78.0400","0.0610","358.6800","1.1200","2103.8600"
"BAC PRM","BAC","","11","12/2/2024","","","0.3400","5.3800","25.1800","20.7000","c525","21.7800","1.0800","-3.4000","22.1100","23.1300","-1.5000","-5.8200","20.8300","24.8800","20.5400","24.8800","62.0000","21.6700","0.8400","-3.2100","54.1000","53.5900","66.0200","43.8600","-3.5100","0.9700","51.6500","63.7800","-3.2100","1.1300","42.1300","78.0600","90513.0000","82259.0000","113292.0000","95355.0000","78.0400","0.0621","414.5000","1.1200","2103.8600"
"BAC PRN","BAC","","11","12/2/2024","","","0.3100","5.0000","23.9000","19.2500","c500","20.3800","1.1300","-3.5200","20.5300","21.7100","-0.7200","-6.1400","19.3700","23.8600","19.0000","24.0400","62.0000","20.2800","0.9100","-3.5800","50.3200","54.9300","64.3600","48.6900","-3.6200","1.0300","52.6100","63.2400","-3.7600","1.2800","49.3400","76.5700","108347.0000","102306.0000","157451.0000","122702.0000","78.0400","0.0616","415.3900","1.1200","2103.8600"
"BAC PRP","BAC","","11","10/15/2024","","","0.2600","4.1200","20.8000","15.5700","c400","16.8900","1.3200","-3.9100","17.0500","18.1600","-0.9400","-6.9700","16.1700","20.0000","15.4000","20.5800","14.0000","16.6700","0.5000","-3.3300","51.3800","58.4200","74.0900","45.4200","-4.1300","1.1000","57.0400","62.6200","-3.9100","1.2700","51.3100","76.6700","68978.0000","63597.0000","83404.0000","71993.0000","78.0400","0.0618","423.1500","1.1200","2103.8600"
"BAC PRQ","BAC","","11","11/1/2024","","","0.2700","4.2500","20.4600","16.1100","c425","17.3400","1.2300","-3.1200","17.4800","18.5800","-0.8200","-6.6800","16.5600","20.5100","15.9800","21.0000","31.0000","17.1600","0.6000","-3.3500","50.8000","57.2000","71.7200","45.6900","-3.3000","1.0500","49.8300","63.0600","-3.8400","1.1800","50.3900","77.5600","106481.0000","107420.0000","133213.0000","115705.0000","78.0400","0.0619","420.1100","1.1200","2103.8600"
"BAC PRS","BAC","","11","11/1/2024","","","0.3000","4.7500","22.4900","18.2400","c475","","1.1000","-3.1500","19.5600","20.7900","-1.1000","-6.9700","18.5500","23.0500","17.8200","23.4400","31.0000","19.1400","0.5900","-3.9100","52.1600","58.4200","71.9600","53.0100","-3.3500","0.9000","50.2600","64.4100","-4.3000","1.3200","56.4300","76.1700","47421.0000","39513.0000","56478.0000","47804.0000","78.0400","0.0620","426.9300","1.1200","2103.8600"
"BCV PRA","BCV","","16","12/16/2024","","","0.3400","5.3900","24.6900","22.1500","c525","21.7600","-0.3900","-2.9300","22.1900","22.9200","-1.9200","-5.0700","21.5100","24.7100","21.5100","25.2600","76.0000","21.7100","0.2000","-3.0000","56.1400","50.4400","81.2200","41.1100","-2.9800","-0.4400","47.0400","76.4000","-3.5500","0.2000","46.5900","87.3100","1612.0000","1503.0000","614.0000","1243.0000","59.6100","0.0621","405.3500","1.1200","2103.8600"
"BFS PRD","BFS","","NR","12/27/2024","","","0.3800","6.1300","24.1500","19.3000","c625","20.9300","1.6300","-3.2200","20.9800","21.4600","-0.2400","-2.4800","19.3000","23.7600","19.0100","23.9500","87.0000","20.9200","1.6200","-2.8400","47.9800","39.5600","47.5100","39.0200","-3.2300","1.6200","49.2200","57.9600","-3.0300","1.9100","39.7700","70.3000","3324.0000","2441.0000","677.0000","2147.0000","44.2000","0.0733","369.2900","1.1200","2103.8600"
"BFS PRE","BFS","","NR","12/27/2024","","","0.3800","6.0000","24.6000","18.9300","c600","21.5500","2.6200","-3.0500","20.8300","21.4500","3.4500","0.4700","18.3400","24.0600","18.3400","24.4900","87.0000","21.5400","3.2000","-2.5200","30.0600","27.1800","10.0000","34.8400","-3.0600","2.6100","47.7400","49.1100","-2.9500","3.2000","38.7200","57.4600","4223.0000","3916.0000","1950.0000","3363.0000","44.2000","0.0696","316.1300","1.1200","2103.8600"
"BHFAL","BHF","BB","10.5","12/2/2024","9/15/2023","","0.3900","6.2500","26.3500","20.6900","c625","19.3000","-1.3900","-7.0500","20.6200","22.5700","-6.3900","-14.4900","19.0500","25.4700","19.0500","25.4700","62.0000","19.1800","0.1300","-6.2900","77.8600","90.0000","82.8800","84.1200","-7.1700","-1.5100","83.4800","85.9700","-6.2900","0.1300","82.5200","88.0100","19681.0000","19960.0000","19296.0000","19646.0000","59.6400","0.0815","532.8200","1.1200","2103.8600"
"BHFAM","BHF","","10.5","12/6/2024","","","0.2900","4.6300","21.1300","13.3500","c450","13.3100","-0.0400","-7.8200","14.6100","16.0700","-8.8900","-17.1700","13.0800","18.8800","13.0300","18.9500","66.0000","13.2300","0.1500","-5.6500","90.0000","35.5800","82.4000","75.7500","-7.9000","-0.1200","89.8300","73.5300","-5.7200","0.2000","75.0500","87.3100","34251.0000","25972.0000","32136.0000","30786.0000","58.4700","0.0875","493.5000","1.1200","2103.8600"
"BHFAN","BHF","","10","12/6/2024","","","0.3400","5.3800","22.6900","15.2700","c525","14.8600","-0.4100","-7.8300","16.2500","18.2400","-8.5400","-18.5500","14.5400","21.4700","14.5400","21.6300","66.0000","14.7700","0.2300","-6.7000","88.3000","35.5800","80.5000","89.4800","-7.9200","-0.5000","90.0000","76.9400","-6.8600","0.2300","90.0000","87.0100","61802.0000","59891.0000","62539.0000","61411.0000","58.4700","0.0911","510.4400","1.1200","2103.8600"
"BOH PRA","BOH","","12","10/17/2024","8/1/2026","","0.2700","4.3800","20.4400","13.0500","c425","15.7100","2.6600","-4.7300","15.6300","16.5300","0.4900","-4.9400","14.5100","19.1000","12.8600","19.2400","16.0000","15.4900","0.9800","-3.6100","44.4400","49.9000","62.7000","49.0800","-4.9500","2.4400","64.1700","50.6300","-3.7500","2.6300","49.2100","63.1300","8946.0000","6478.0000","6744.0000","7389.0000","54.6600","0.0707","392.0800","1.1200","2103.8600"
"BWBBP","BWB","","NR","11/11/2024","8/17/2026","","0.3700","5.8800","23.5200","16.5700","c575","18.5200","1.9500","-5.0000","18.8700","19.1000","-1.8700","-3.0400","18.1000","21.4000","15.2500","22.0000","41.0000","18.3200","0.2200","-3.0800","55.9000","41.9200","80.7400","42.1600","-5.2000","1.7500","66.3500","56.8000","-3.6800","3.0700","48.3000","58.7600","2900.0000","1887.0000","2185.0000","2324.0000","47.6900","0.0802","408.0800","1.1200","2103.8600"
"CADE PRA","CADE","","NR","11/1/2024","11/20/2024","","0.3400","5.5000","24.1600","16.6900","c550","20.6700","3.9800","-3.4900","20.9100","21.1900","-1.1600","-2.4300","19.6000","23.2200","16.1300","23.4900","31.0000","20.4500","0.8500","-2.7700","52.4500","39.3500","65.7900","38.1000","-3.7100","3.7600","53.3900","38.8100","-3.0400","4.3200","39.9000","46.3200","9878.0000","11125.0000","10303.0000","10436.0000","30.2700","0.0672","333.9000","1.1200","2103.8600"
"CFG PRE","CFG","","10","12/18/2024","","","0.3100","5.0000","22.3400","16.2000","c500","18.9300","2.7300","-3.4100","19.2600","20.3000","-1.6900","-6.7400","17.9900","22.6800","15.1700","23.3800","78.0000","18.8900","0.9000","-3.7900","55.0300","57.4500","64.6000","51.4400","-3.4500","2.6900","51.1300","48.3900","-4.4900","3.7200","58.9200","52.2900","32735.0000","29195.0000","26352.0000","29427.0000","59.6300","0.0662","398.6600","1.1200","2103.8600"
"CFR PRB","CFR","","11.5","11/27/2024","","","0.2800","4.4500","21.8000","15.8900","c450","17.2500","1.3600","-4.5500","17.3900","18.6400","-0.8000","-7.4500","16.3400","21.7000","15.6000","22.1500","57.0000","17.1500","0.8100","-4.5500","50.7000","60.4400","66.7400","61.3700","-4.6500","1.2600","61.5700","61.1900","-5.0000","1.5500","65.6100","73.8800","9482.0000","8719.0000","8014.0000","8738.0000","61.3500","0.0649","419.5600","1.1200","2103.8600"
"CIM PRA","CIM","","NR","12/11/2024","10/21/2021","","0.5000","8.0000","22.8200","18.1500","c775","22.0300","3.8800","-0.7900","21.7500","22.6200","1.2700","-2.6200","19.8500","24.5600","17.3300","24.5600","71.0000","21.9200","2.0700","-2.6400","40.6500","40.1500","36.8200","36.4100","-0.9000","3.7700","28.9600","38.7200","-2.6400","4.5900","34.6600","43.6300","9058.0000","10246.0000","8230.0000","9178.0000","18.6700","0.0912","347.0500","1.1200","2103.8600"
"CMSC","CMS","BB","11.5","12/27/2024","10/15/2023","","0.3700","5.8800","25.1900","21.7400","c575","22.5300","0.7900","-2.6600","22.4800","23.7200","0.2400","-5.0400","21.2800","25.0300","21.2800","25.3600","87.0000","22.5200","1.2400","-2.5100","45.6500","50.3100","56.5300","34.7100","-2.6700","0.7800","44.3500","65.4800","-2.8400","1.2400","37.2800","76.9700","31497.0000","43971.0000","99901.0000","58456.0000","68.5900","0.0653","393.2200","1.1200","2103.8600"
"CNO PRA","CNO","BB","NR","11/15/2024","11/25/2025","","0.3200","5.1300","22.0800","14.9500","c500","17.4100","2.4600","-4.6700","18.3000","19.7700","-4.8400","-11.9200","16.5400","22.0000","14.6400","22.5300","45.0000","17.2500","0.7100","-4.7500","70.3300","79.2100","69.1100","63.9900","-4.8300","2.3000","63.1300","51.8800","-5.2800","2.6100","69.2800","63.3300","1567.0000","1319.0000","1334.0000","1407.0000","53.6900","0.0743","455.2800","1.1200","2103.8600"
"COF PRI","COF","","10","11/13/2024","","","0.3100","5.0000","23.2100","16.1200","c500","19.0400","2.9200","-4.1700","19.0400","19.9300","0.0200","-4.4800","17.7500","21.8300","15.6500","22.0400","43.0000","18.8800","1.1300","-2.9500","46.7200","47.9600","59.1400","40.4600","-4.3300","2.7600","58.7800","47.7600","-3.1600","3.2300","41.4800","57.1600","104561.0000","94219.0000","101874.0000","100218.0000","74.3600","0.0662","392.9500","1.1200","2103.8600"
"COF PRJ","COF","","10","11/13/2024","","","0.3000","4.8000","21.9000","15.5400","c475","17.9500","2.4100","-3.9500","18.2000","19.0200","-1.3800","-5.6400","16.9700","20.7200","15.0500","20.8500","43.0000","17.7900","0.8200","-2.9300","53.5200","52.8300","66.5000","40.2000","-4.1100","2.2500","56.8700","52.3300","-3.0600","2.7400","40.1600","62.0400","100287.0000","90939.0000","80786.0000","90671.0000","74.3600","0.0675","409.3700","1.1200","2103.8600"
"COF PRK","COF","","10","11/13/2024","","","0.2900","4.6300","22.1700","14.9900","c450","17.5000","2.5100","-4.6700","17.5900","18.7300","-0.5200","-6.5500","16.4600","20.8500","14.6400","21.0700","43.0000","17.3500","0.8900","-3.5000","49.3400","56.6600","64.8400","47.6500","-4.8200","2.3600","63.0400","51.3400","-3.7200","2.7100","48.8200","62.3400","9192.0000","9169.0000","10897.0000","9753.0000","74.3600","0.0667","414.5700","1.1200","2103.8600"
"COF PRL","COF","","10","11/13/2024","","","0.2700","4.3800","20.0600","13.8400","c425","16.6100","2.7700","-3.4500","16.6200","17.7300","-0.0700","-6.3200","15.4200","20.1400","13.5700","20.1600","43.0000","16.4700","1.0500","-3.6700","47.1600","55.6900","61.0400","49.8700","-3.5900","2.6300","52.3500","48.9300","-3.6900","2.9000","48.4300","60.4500","46742.0000","42724.0000","36489.0000","41985.0000","74.3600","0.0665","407.8300","1.1200","2103.8600"
"COF PRN","COF","","10","11/13/2024","","","0.2700","4.2500","19.9400","13.6800","c425","16.5500","2.8700","-3.3900","16.3900","17.2800","0.9700","-4.2300","15.1500","19.7200","13.2600","19.8100","43.0000","16.4100","1.2600","-3.3100","42.1100","46.9100","56.0500","45.1600","-3.5300","2.7300","51.8300","48.0300","-3.4000","3.1500","44.6200","57.9600","33541.0000","26085.0000","21243.0000","26957.0000","74.3600","0.0647","386.9500","1.1200","2103.8600"
"CUBB","CUBI","BB","NR","12/13/2024","","","0.3400","5.3800","23.5600","18.7500","c525","19.7500","1.0000","-3.8100","19.8600","19.9900","-0.5400","-1.2000","18.3000","21.8500","16.8900","22.0000","73.0000","19.6900","1.3900","-2.1600","49.4400","34.1900","52.9700","30.1300","-3.8700","0.9400","54.7800","64.0500","-2.3100","2.8000","30.3300","61.4400","2185.0000","2752.0000","1207.0000","2048.0000","45.6500","0.0683","351.1600","1.1200","2103.8600"
"DCOMP","DCOM","","8","11/5/2024","2/15/2025","","0.3400","5.5000","22.3800","14.5100","c550","18.2800","3.7600","-4.1100","18.7400","19.0200","-2.5000","-3.9600","17.0500","20.7500","14.2600","21.4400","35.0000","18.0600","1.0100","-2.6900","58.9600","45.7800","61.9900","37.0600","-4.3200","3.5500","58.7000","40.6900","-3.3800","3.8000","44.3600","51.4900","5677.0000","4303.0000","5740.0000","5240.0000","24.0300","0.0761","358.9100","1.1200","2103.8600"
"DLR PRJ","DLR","","10.5","12/13/2024","","","0.3300","5.2500","25.3800","19.5500","c525","20.9700","1.4100","-4.4200","21.1100","22.1900","-0.7200","-5.5500","20.0200","24.6300","19.0600","24.6300","73.0000","20.9000","0.8800","-3.7300","50.3200","52.4600","65.0700","50.6500","-4.4800","1.3500","60.0900","60.3800","-3.7300","1.8400","48.9500","71.0000","12720.0000","10598.0000","7168.0000","10162.0000","71.0100","0.0628","406.6500","1.1200","2103.8600"
"DLR PRK","DLR","","10.5","12/13/2024","","","0.3700","5.8800","26.4000","22.0000","c575","23.3600","1.3600","-3.0400","23.3700","24.1700","-0.0500","-3.3300","22.1000","25.4100","21.4000","25.6100","73.0000","23.2900","1.1900","-2.1200","47.0600","43.1300","57.7200","29.6100","-3.1100","1.2900","48.1700","60.9200","-2.3200","1.8900","30.4600","70.5000","13232.0000","14167.0000","10693.0000","12697.0000","71.0100","0.0631","378.4000","1.1200","2103.8600"
"DLR PRL","DLR","","10.5","12/13/2024","","","0.3300","5.2000","25.3700","19.3200","c525","20.1200","0.8000","-5.2500","20.4900","21.7800","-1.8000","-7.6100","19.6100","24.2600","19.0100","24.4500","73.0000","20.0600","0.4500","-4.2000","55.5600","61.1100","75.2800","56.8000","-5.3100","0.7400","67.3000","65.8400","-4.3900","1.0500","57.6100","78.8600","19672.0000","21987.0000","20040.0000","20566.0000","71.0100","0.0648","436.8800","1.1200","2103.8600"
"DTB","DTE","BB","11.5","12/27/2024","","","0.2700","4.3800","22.2900","17.3000","c425","17.5100","0.2100","-4.7800","17.7100","19.1400","-1.1200","-8.5200","16.9300","21.7100","16.9300","22.6500","87.0000","17.5000","0.5700","-4.2100","52.2600","64.9300","72.4300","56.9300","-4.7900","0.2000","62.7800","70.6700","-5.1500","0.5700","67.5700","83.6300","15694.0000","13002.0000","17521.0000","15406.0000","73.0500","0.0626","441.3100","1.1200","2103.8600"
"DTG","DTE","BB","11.5","11/15/2024","","","0.2700","4.3800","20.8900","17.3200","c425","17.2300","-0.0900","-3.6600","17.6200","19.1900","-2.2200","-10.2000","16.7100","22.0500","16.7100","22.2500","45.0000","17.0900","0.3800","-4.9600","57.6000","71.9800","76.9400","66.7300","-3.8000","-0.2300","54.1700","74.5200","-5.1600","0.3800","67.7000","85.5200","22340.0000","21985.0000","17935.0000","20753.0000","73.0500","0.0641","459.6100","1.1200","2103.8600"
"DTW","DTE","BB","11.5","11/15/2024","12/1/2022","","0.3300","5.2500","25.4200","20.8800","c525","21.2700","0.3900","-4.1500","21.6000","22.8500","-1.5400","-6.9200","20.5500","25.1100","20.4200","25.1700","45.0000","21.1100","0.5600","-4.0000","54.3000","58.2100","72.6700","54.1800","-4.3100","0.2300","58.6100","70.4000","-4.0600","0.6900","53.2800","82.4400","22281.0000","15966.0000","16561.0000","18269.0000","73.0500","0.0622","428.4500","1.1200","2103.8600"
"DUK PRA","DUK","","11","11/15/2024","","","0.3600","5.7500","26.4900","22.9100","c550","24.4200","1.5100","-2.0700","24.7900","24.9700","-1.5000","-2.2100","24.0600","25.5900","22.7100","25.6600","45.0000","24.2400","0.1800","-1.3500","54.1000","38.4300","81.6900","19.5400","-2.2500","1.3300","40.7000","60.5600","-1.4200","1.5300","18.6600","74.0800","58524.0000","59319.0000","50080.0000","55975.0000","76.0900","0.0593","376.9100","1.1200","2103.8600"
"DUKB","DUK","BB","12","12/13/2024","","","0.3500","5.6300","26.0800","21.9300","c550","23.9200","1.9900","-2.1600","24.5100","24.7200","-2.4300","-3.2400","23.3000","25.4600","21.8000","25.5000","73.0000","23.8500","0.5500","-1.6100","58.6200","42.7600","72.9100","22.9400","-2.2300","1.9200","40.5200","55.2800","-1.6500","2.0500","21.6700","68.9100","27745.0000","28548.0000","31894.0000","29395.0000","77.6100","0.0590","379.8400","1.1200","2103.8600"
"ECF PRA","ECF","","16","12/16/2024","","","0.3300","5.2500","24.8400","21.8300","c525","21.7600","-0.0700","-3.0800","21.8800","22.5000","-0.5300","-3.2800","20.2100","24.3600","20.2100","24.4300","76.0000","21.7100","1.5000","-2.6500","49.3900","42.9200","50.3600","36.5400","-3.1300","-0.1200","48.3500","73.5300","-2.7200","1.5000","35.7000","74.3800","1241.0000","936.0000","447.0000","875.0000","61.2400","0.0605","370.6400","1.1200","2103.8600"
"EFSCP","EFSC","","NR","11/27/2024","","","0.3100","5.0000","21.7500","15.4000","c500","19.7600","4.3600","-1.9900","18.8700","19.6200","4.7400","0.7000","17.2000","22.2200","13.6800","22.2200","57.0000","19.6500","2.4500","-2.5700","23.7900","26.2100","27.8000","35.4900","-2.1000","4.2500","39.3900","34.4300","-2.5700","5.9700","33.7400","29.9000","2384.0000","2106.0000","1204.0000","1898.0000","49.8200","0.0636","292.0700","1.1200","2103.8600"
"ELC","ETR","BB","15","11/29/2024","","","0.3000","4.8800","25.3000","20.0200","c475","20.1900","0.1700","-5.1100","20.5700","21.6100","-1.8300","-6.5800","19.8600","23.4300","19.8600","23.4500","59.0000","20.0900","0.2300","-3.3400","55.7100","56.7800","80.5000","45.5600","-5.2100","0.0700","66.4300","71.8300","-3.3600","0.2300","44.1000","87.0100","12365.0000","10434.0000","10722.0000","11173.0000","80.7200","0.0607","433.7100","1.1200","2103.8600"
"EMP","ETR","BB","14.5","12/27/2024","","","0.3100","4.9000","25.3000","20.0700","c475","20.6200","0.5500","-4.6800","20.7200","21.8400","-0.4900","-5.5700","20.0100","23.6100","19.9000","24.2300","87.0000","20.6100","0.6000","-3.0000","49.2000","52.5400","71.7200","41.1100","-4.6900","0.5400","61.9100","67.6300","-3.6200","0.7100","47.5100","82.2400","11847.0000","10946.0000","9235.0000","10676.0000","80.7200","0.0594","415.6600","1.1200","2103.8600"
"ENJ","ETR","BB","14.5","11/29/2024","12/1/2017","","0.3100","5.0000","24.7900","19.4900","c500","20.3000","0.8100","-4.4900","20.7300","21.6800","-2.0700","-6.3800","19.8600","23.9100","19.3100","24.5900","59.0000","20.1900","0.3300","-3.7200","56.8700","55.9400","78.1300","50.5200","-4.6000","0.7000","61.1300","66.2000","-4.4000","0.8800","57.7400","80.5500","1525.0000","1304.0000","1163.0000","1330.0000","80.7200","0.0619","436.3800","1.1200","2103.8600"
"ENO","ETR","BB","13","12/27/2024","","","0.3400","5.5000","25.4000","20.7500","c550","21.8600","1.1100","-3.5400","22.0000","23.0200","-0.6500","-5.0400","21.2100","25.2600","20.5000","25.3200","87.0000","21.8500","0.6400","-3.4100","49.9800","50.3100","70.7700","46.4700","-3.5500","1.1000","52.0000","62.6200","-3.4700","1.3500","45.5400","75.8700","7465.0000","8092.0000","4777.0000","6778.0000","80.7200","0.0629","416.3000","1.1200","2103.8600"
"EQH PRA","EQH","","10.5","11/29/2024","","","0.3300","5.2500","23.7700","17.7900","c525","20.5800","2.7900","-3.1900","20.4000","21.6200","0.8600","-4.8100","18.4100","23.7600","17.2600","23.8900","59.0000","20.4700","2.0600","-3.2900","42.6400","49.3500","37.0600","44.9000","-3.3000","2.6800","49.8300","48.4800","-3.4200","3.2100","44.8900","57.3600","47627.0000","46975.0000","50250.0000","48284.0000","66.3000","0.0641","372.0800","1.1200","2103.8600"
"EQH PRC","EQH","","10.5","11/29/2024","","","0.2700","4.3000","21.0800","13.9500","c425","17.2400","3.2900","-3.8400","16.8900","18.1600","2.0800","-5.0700","15.8300","20.0200","13.3500","20.6900","59.0000","17.1500","1.3200","-2.8700","36.7200","50.4400","54.6300","39.4100","-3.9300","3.2000","55.3000","43.8300","-3.5400","3.8000","46.4600","51.4900","26749.0000","33489.0000","61185.0000","40475.0000","66.3000","0.0627","368.3200","1.1200","2103.8600"
"ETI PR","ETR","","10","12/30/2024","","","0.3400","5.3800","25.5000","21.7500","c525","22.7900","1.0400","-2.7100","23.3800","23.6800","-2.5200","-3.7400","22.3600","24.9900","21.3900","25.4300","0.0000","22.4500","0.0900","-2.5400","59.0600","44.8600","83.8300","35.1000","-3.0500","0.7000","47.6500","66.2000","-2.9800","1.0600","39.1100","78.7600","1901.0000","1476.0000","1280.0000","1552.0000","79.1300","0.0599","408.7000","1.1200","2103.8600"
"F PRB","F","BB","9.5","11/12/2024","6/1/2024","","0.3900","6.2000","26.7900","20.8300","c625","21.5000","0.6700","-5.2900","21.3500","23.2800","0.7100","-7.6400","19.8500","25.3900","19.8500","25.6400","42.0000","21.2900","1.4400","-4.1000","43.3700","61.2300","51.7800","55.4900","-5.5000","0.4600","68.9600","68.3400","-4.3500","1.4400","57.0800","74.9800","43765.0000","45803.0000","48778.0000","46115.0000","55.8400","0.0728","420.1200","1.1200","2103.8600"
"F PRC","F","BB","9","11/12/2024","12/1/2024","","0.3800","6.0000","25.9900","20.4900","c600","21.3400","0.8500","-4.6500","20.9400","22.9000","1.9000","-6.8000","19.2000","25.0200","19.2000","25.3800","42.0000","21.1400","1.9400","-3.8800","37.5900","57.7100","39.9100","52.6100","-4.8500","0.6500","63.3000","66.6400","-4.2400","1.9400","55.6400","70.0000","46984.0000","44923.0000","32399.0000","41435.0000","55.8400","0.0710","400.4000","1.1200","2103.8600"
"FBRT PRE","FBRT","","NR","12/27/2024","","","0.4700","7.5000","21.6800","18.2000","c750","21.1000","2.9000","-0.5800","20.6200","21.4300","2.3400","-1.5600","19.0500","23.6500","18.0300","23.6500","87.0000","21.0800","2.0300","-2.5700","35.4500","35.7000","37.7700","35.4900","-0.6000","2.8800","26.3500","46.6900","-2.5700","3.0500","33.7400","58.9600","13477.0000","11659.0000","7211.0000","10782.0000","23.6000","0.0889","348.8600","1.1200","2103.8600"
"FCNCO","FCNCA","","9.5","11/27/2024","","","0.3500","5.6300","24.0800","19.4000","c550","23.2600","3.8600","-0.8200","22.2500","22.9100","4.5400","1.5200","20.5700","24.8100","18.9100","24.8300","57.0000","23.1300","2.5600","-1.6800","24.7700","22.7700","25.1900","23.8600","-0.9500","3.7300","29.3900","39.0800","-1.7000","4.2200","22.3300","47.3100","12682.0000","13862.0000","23155.0000","16566.0000","59.3600","0.0609","292.6600","1.1200","2103.8600"
"FCNCP","FCNCA","","9.5","11/27/2024","","","0.3400","5.3800","23.6600","18.8500","c525","21.6000","2.7500","-2.0600","21.3600","22.3200","1.1400","-3.2100","19.3000","24.4200","18.6900","24.4200","57.0000","21.4800","2.1800","-2.9400","41.2800","42.6300","34.2100","40.3300","-2.1800","2.6300","40.0900","48.9300","-2.9400","2.7900","38.5900","61.5400","15429.0000","19683.0000","23231.0000","19448.0000","59.3600","0.0626","349.6800","1.1200","2103.8600"
"FHN PRF","FHN","","8.5","12/20/2024","","","0.2900","4.7000","","","c475","17.3500","","","17.5000","18.3300","-0.8800","-5.3600","16.4100","21.4800","13.1300","21.4800","80.0000","17.3200","0.9100","-4.1600","51.0900","51.6600","64.3600","56.2700","","","41.6200","43.8400","-4.1600","4.1900","54.5900","47.6100","6813.0000","5474.0000","8040.0000","6776.0000","56.9800","0.0678","386.4600","1.1200","2103.8600"
"FITBO","FITB","","10.5","12/26/2024","","","0.3100","4.9500","25.7900","17.9300","c500","19.8200","1.8900","-5.9700","21.3000","21.7100","-6.9400","-8.7000","19.5200","24.1500","17.5800","24.1500","86.0000","19.8100","0.2900","-4.3400","80.5300","65.6900","79.0800","58.6300","-5.9800","1.8800","73.1300","55.6400","-4.3400","2.2300","56.9500","67.1100","20069.0000","21442.0000","24469.0000","21993.0000","61.8800","0.0625","435.4300","1.1200","2103.8600"
"FITBP","FITB","","NR","12/26/2024","","","0.3800","6.0000","25.6000","22.1300","c600","24.4000","2.2700","-1.2000","24.4000","24.4900","-0.0100","-0.3700","23.0400","25.5600","21.0100","25.9000","86.0000","24.3800","1.3400","-1.1800","46.8700","30.7000","54.1500","17.3200","-1.2200","2.2500","31.7400","52.3300","-1.5200","3.3700","19.9700","55.7700","8135.0000","9050.0000","8836.0000","8674.0000","61.8800","0.0615","332.4300","1.1200","2103.8600"
"FRT PRC","FRT","","12.5","1/2/2025","","","0.3100","5.0000","25.7500","19.6400","c500","20.3000","0.6600","-5.4500","20.6100","21.3900","-1.5300","-5.0800","19.4100","23.2700","18.5700","23.9000","3.0000","20.0000","0.5900","-3.2700","54.2500","50.4800","71.9600","44.6400","-5.7500","0.3600","71.1300","69.2400","-3.9000","1.4300","51.1800","75.0700","5989.0000","5439.0000","2033.0000","4487.0000","41.1400","0.0625","380.7500","1.1200","2103.8600"
"FULTP","FULT","","11","12/2/2024","","","0.3200","5.1300","23.1000","15.0900","c500","18.1900","3.1000","-4.9100","19.0200","19.2500","-4.3400","-5.5100","17.2500","21.2200","14.5600","21.2200","62.0000","18.0900","0.8400","-3.1300","67.9000","52.2900","66.0200","42.8100","-5.0100","3.0000","64.7000","45.6200","-3.1300","3.5300","41.0800","54.1800","8553.0000","6299.0000","8954.0000","7935.0000","54.6300","0.0709","399.5200","1.1200","2103.8600"
"GAB PRG","GAB","","16","12/16/2024","","","0.3100","5.0000","24.5000","21.0000","c500","20.5200","-0.4800","-3.9800","21.0900","21.8100","-2.7000","-5.9200","20.1700","24.0000","20.1700","24.2000","76.0000","20.4700","0.3000","-3.5300","59.9300","54.0100","78.8400","48.0400","-4.0300","-0.5300","56.1700","77.2000","-3.7300","0.3000","48.9500","86.3200","4073.0000","4911.0000","2322.0000","3769.0000","66.2300","0.0611","420.0100","1.1200","2103.8600"
"GAB PRH","GAB","","16","12/16/2024","","","0.3100","5.0000","23.8900","20.9800","c500","20.5700","-0.4100","-3.3200","21.0800","21.8500","-2.4300","-5.8700","20.3900","24.0300","20.3900","24.2400","76.0000","20.5200","0.1300","-3.5100","58.6200","53.8000","82.8800","47.7800","-3.3700","-0.4600","50.4300","76.5800","-3.7200","0.1300","48.8200","88.0100","9143.0000","10262.0000","12839.0000","10748.0000","66.2300","0.0609","419.3900","1.1200","2103.8600"
"GAB PRK","GAB","","16","12/16/2024","","","0.3100","5.0000","24.4000","21.2300","c500","20.5400","-0.6900","-3.8600","21.1000","21.8600","-2.6400","-6.0400","20.4800","24.1700","20.4800","24.2500","76.0000","20.4900","0.0100","-3.6800","59.6400","54.5100","85.7300","50.0000","-3.9100","-0.7400","55.1300","79.0800","-3.7600","0.0100","49.3400","89.2000","7201.0000","8169.0000","10328.0000","8566.0000","66.2300","0.0610","424.9400","1.1200","2103.8600"
"GDV PRH","GDV","","17","12/16/2024","","","0.3400","5.3800","25.8500","22.5500","c525","22.4500","-0.1000","-3.4000","23.2300","23.6700","-3.3400","-5.1400","22.3500","25.1500","22.0000","25.3400","76.0000","22.4000","0.0500","-2.7500","63.0400","50.7300","84.7800","37.8400","-3.4500","-0.1500","51.1300","73.8000","-2.9400","0.4000","38.5900","85.3200","2991.0000","3324.0000","3297.0000","3204.0000","72.2500","0.0600","415.8200","1.1200","2103.8600"
"GDV PRK","GDV","","17","12/13/2024","","","0.2700","4.2500","20.8200","17.6500","c425","18.0900","0.4400","-2.7300","18.4800","19.1200","-2.0900","-5.3900","17.9600","21.3100","16.9600","21.4900","73.0000","18.0400","0.0800","-3.2700","56.9700","51.7800","84.0700","44.6400","-2.7800","0.3900","45.3000","68.9700","-3.4500","1.0800","45.2800","78.5600","7732.0000","8359.0000","4963.0000","7018.0000","72.2500","0.0589","409.8600","1.1200","2103.8600"
"GGN PRB","GGN","","15","12/16/2024","5/7/2018","","0.3100","5.0000","23.6700","21.3800","c500","20.3500","-1.0300","-3.3200","20.7300","21.3700","-1.8100","-4.7900","19.8400","23.8800","19.8400","24.1500","76.0000","20.3000","0.4600","-3.5800","55.6100","49.2700","75.0400","48.6900","-3.3700","-1.0800","50.4300","82.1300","-3.8500","0.4600","50.5200","84.7300","8074.0000","9189.0000","3836.0000","7033.0000","68.7700","0.0616","416.4200","1.1200","2103.8600"
"GGT PRE","GGT","","15","12/16/2024","","","0.3200","5.1300","24.8500","22.9800","c500","22.9100","-0.0700","-1.9400","22.8200","23.0000","0.3800","-0.3900","22.2500","24.6300","21.4100","24.7000","76.0000","22.8600","0.6100","-1.7700","44.9700","30.7900","71.4800","25.0300","-1.9900","-0.1200","38.4300","73.5300","-1.8400","1.4500","24.1600","74.8800","657.0000","567.0000","361.0000","528.0000","50.3000","0.0561","333.3600","1.1200","2103.8600"
"GGT PRG","GGT","","15","12/16/2024","12/20/2024","","0.3200","5.1300","24.5900","22.9500","c500","22.6500","-0.3000","-1.9400","22.6900","22.9600","-0.1600","-1.3600","22.2500","24.4700","21.8700","24.4700","76.0000","22.6000","0.3500","-1.8700","47.6000","34.8600","77.6600","26.3400","-1.9900","-0.3500","38.4300","75.5900","-1.8700","0.7300","24.5600","82.0400","883.0000","1022.0000","513.0000","806.0000","50.3000","0.0567","346.3000","1.1200","2103.8600"
"GNT PRA","GNT","","15","11/15/2024","","","0.3300","5.2000","24.5500","21.5300","c525","21.4900","-0.0500","-3.0700","21.6900","22.2100","-0.9600","-3.2800","21.3300","24.0100","21.1700","24.3000","45.0000","21.3200","-0.0100","-2.6900","51.4800","42.9200","86.2000","37.0600","-3.2300","-0.2100","49.2200","74.3400","-2.9800","0.1500","39.1100","87.8100","800.0000","619.0000","138.0000","519.0000","67.1900","0.0610","399.5900","1.1200","2103.8600"
"GPJA","SO","BB","11.5","12/27/2024","","","0.3100","5.0000","25.6200","20.8200","c500","20.9200","0.1000","-4.7000","22.1500","23.3600","-5.5500","-10.4400","20.7000","24.9800","20.5800","25.6600","87.0000","20.9100","0.2100","-4.0700","73.7800","72.9900","80.9800","55.1000","-4.7100","0.0900","62.0900","71.6600","-4.7500","0.3300","62.3300","86.0200","16536.0000","12256.0000","16104.0000","14965.0000","80.0800","0.0598","465.1900","1.1200","2103.8600"
"GRBK PRA","GRBK","","NR","11/25/2024","","","0.3600","5.7500","22.0800","17.9300","c550","23.5000","5.5700","1.4200","22.8300","23.1200","2.9500","1.6200","21.0600","24.6000","17.1500","25.0000","55.0000","23.3600","2.3000","-1.2400","32.4900","22.3500","31.3600","18.1000","1.2800","5.4300","10.0000","23.8700","-1.6400","6.2100","21.5400","27.5100","3508.0000","2948.0000","4178.0000","3544.0000","25.9000","0.0615","243.9200","1.1200","2103.8600"
"GUT PRC","GUT","","16","12/16/2024","","","0.3400","5.3800","25.3900","23.0200","c525","22.4200","-0.6000","-2.9700","23.7900","24.2100","-5.7500","-7.4100","22.3600","25.0000","22.3300","25.5600","76.0000","22.3700","0.0100","-2.6300","74.7500","60.2700","85.7300","36.2700","-3.0200","-0.6500","47.3900","78.2800","-3.1900","0.0400","41.8700","88.9100","1493.0000","1944.0000","3497.0000","2312.0000","63.6200","0.0601","425.2200","1.1200","2103.8600"
"HBANM","HBAN","","9","11/15/2024","12/1/2022","","0.3600","5.7000","25.4700","17.8000","c550","22.1300","4.3300","-3.3400","22.4300","23.0100","-1.3600","-3.8200","21.3800","25.3900","17.6800","25.3900","45.0000","21.9500","0.5700","-3.4400","53.4200","45.1900","72.4300","46.8600","-3.5200","4.1500","51.7400","35.3200","-3.4400","4.2700","45.1500","46.8200","10934.0000","8385.0000","6003.0000","8441.0000","61.4300","0.0649","375.8200","1.1200","2103.8600"
"HBANP","HBAN","","10","1/2/2025","","","0.2800","4.5000","20.8100","14.0700","c450","17.5300","3.4600","-3.2800","17.5500","18.3500","-0.1000","-4.4700","16.2200","20.6500","13.7100","20.7400","3.0000","17.2600","1.0400","-3.3900","47.3000","47.9200","61.2800","46.2100","-3.5500","3.1900","52.0000","43.9100","-3.4800","3.5500","45.6700","53.9800","39294.0000","39452.0000","43857.0000","40868.0000","61.4300","0.0652","377.1300","1.1200","2103.8600"
"HFRO PRA","HFRO","","16","12/20/2024","","","0.3400","5.3800","23.4500","17.0100","c525","15.9200","-1.0900","-7.5300","15.6800","17.5500","1.5100","-9.2800","14.5000","20.9000","14.5000","21.0900","80.0000","15.8800","1.3800","-5.0200","39.4800","68.1200","53.2000","67.5200","-7.5700","-1.1300","86.9600","82.5700","-5.2100","1.3800","68.3600","75.5700","19004.0000","15703.0000","13128.0000","15945.0000","55.5800","0.0847","465.4100","1.1200","2103.8600"
"HIG PRG","HIG","","11","11/1/2024","11/15/2023","","0.3800","6.0000","26.6000","22.8900","c600","25.0900","2.2000","-1.5100","24.8900","25.0400","0.7900","0.2100","23.9900","25.5300","22.7600","25.6000","31.0000","24.8400","0.8500","-0.6900","42.9800","28.2700","65.7900","10.9200","-1.7600","1.9500","36.4300","55.0100","-0.7600","2.0800","10.0000","68.6100","17845.0000","15761.0000","15624.0000","16410.0000","71.6000","0.0604","341.9100","1.1200","2103.8600"
"HWCPZ","HWC","BB","11","11/27/2024","6/15/2025","","0.3900","6.2500","26.5600","22.4500","c625","23.5800","1.1300","-2.9800","23.7800","24.0500","-0.8200","-1.9700","22.2100","25.4200","21.0500","26.1900","57.0000","23.4400","1.2300","-1.9800","50.8000","37.4200","56.7700","27.7800","-3.1200","0.9900","48.2600","63.6000","-2.7500","2.3900","36.1000","65.5200","7674.0000","7819.0000","6067.0000","7187.0000","61.0100","0.0667","371.6800","1.1200","2103.8600"
"INN PRE","INN","","NR","11/13/2024","11/13/2022","","0.3900","6.2500","21.2200","18.1400","c625","18.1700","0.0300","-3.0500","19.2400","20.3400","-5.5700","-10.6700","17.3000","21.7700","17.3000","22.4800","43.0000","17.9700","0.6700","-3.8000","73.8700","73.9600","70.0600","51.5700","-3.2500","-0.1700","49.3900","73.9800","-4.5100","0.6700","59.1800","82.6400","9255.0000","5830.0000","4580.0000","6555.0000","36.5700","0.0870","465.5600","1.1200","2103.8600"
"INN PRF","INN","","NR","11/13/2024","8/12/2026","","0.3700","5.8800","21.0200","18.0700","c575","17.8600","-0.2100","-3.1600","18.6500","19.9100","-4.2500","-10.2900","17.0300","22.0000","16.7500","22.0000","43.0000","17.6700","0.6400","-4.3300","67.4600","72.3600","70.7700","58.5000","-3.3500","-0.4000","50.2600","76.0400","-4.3300","0.9200","56.8200","80.1500","4635.0000","3536.0000","4854.0000","4341.0000","36.5700","0.0832","453.9000","1.1200","2103.8600"
"JPM PRC","JPM","","11.5","10/29/2024","3/1/2024","","0.3800","6.0000","26.1000","24.1100","c600","25.2800","1.1700","-0.8200","25.1400","25.2700","0.5700","0.0500","24.7400","25.7600","23.8700","25.8200","28.0000","25.0200","0.2800","-0.7400","44.0500","28.9400","79.3200","11.5700","-1.0800","0.9100","30.5200","64.3200","-0.8000","1.1500","10.5200","77.8600","118908.0000","125651.0000","130247.0000","124936.0000","81.9200","0.0600","364.9000","1.1200","2103.8600"
"JPM PRD","JPM","","11.5","10/29/2024","12/1/2023","","0.3600","5.7500","25.7500","23.3000","c550","24.5400","1.2400","-1.2100","24.5300","24.9100","0.0200","-1.4900","23.8200","25.5600","22.8300","25.6700","28.0000","24.2900","0.4700","-1.2700","46.7200","35.4100","74.8100","18.5000","-1.4600","0.9900","33.8300","63.6000","-1.3800","1.4600","18.1300","74.7800","108175.0000","117213.0000","143413.0000","122934.0000","81.9200","0.0592","373.2000","1.1200","2103.8600"
"JPM PRJ","JPM","","11.5","10/29/2024","","","0.3000","4.7500","23.7400","19.3800","c475","20.1600","0.7800","-3.5800","20.3000","21.5000","-0.6800","-6.2500","19.3600","23.9800","19.0200","24.8500","28.0000","19.9500","0.5900","-4.0300","50.1200","55.4000","71.9600","54.5800","-3.7900","0.5700","54.0900","67.3600","-4.9000","0.9300","64.3000","80.0500","71054.0000","71924.0000","62657.0000","68545.0000","81.9200","0.0595","428.6300","1.1200","2103.8600"
"JPM PRL","JPM","","11.5","10/29/2024","","","0.2900","4.6300","21.6200","18.9400","c450","19.5900","0.6500","-2.0300","19.7100","20.8900","-0.6300","-6.2400","18.8800","23.1200","18.7100","23.4400","28.0000","19.3900","0.5100","-3.7300","49.8800","55.3500","73.8600","50.6500","-2.2300","0.4500","40.5200","68.4300","-4.0500","0.6800","53.1500","82.5400","143066.0000","131269.0000","161592.0000","145309.0000","81.9200","0.0597","423.2700","1.1200","2103.8600"
"JPM PRM","JPM","","11.5","10/29/2024","","","0.2600","4.2000","20.7000","17.1700","c425","17.9600","0.7900","-2.7400","18.1300","19.1600","-0.9200","-6.2600","17.2500","21.2400","16.9600","21.6800","28.0000","17.7800","0.5300","-3.4600","51.2900","55.4400","73.3800","47.1200","-2.9200","0.6100","46.5200","67.0000","-3.9000","0.8200","51.1800","81.1400","187185.0000","164882.0000","185220.0000","179095.0000","81.9200","0.0591","420.8400","1.1200","2103.8600"
"JSM","NAVI","BB","7.5","12/13/2024","","","0.3800","6.0000","23.5000","16.7000","c600","18.8200","2.1200","-4.6800","18.4200","19.2800","2.1900","-2.3700","16.5100","20.8300","16.0600","21.8200","73.0000","18.7500","2.2400","-2.0800","36.1800","39.1000","32.7900","29.0800","-4.7500","2.0500","62.4300","54.1200","-3.0700","2.6900","40.3000","62.5400","14958.0000","13581.0000","14093.0000","14210.0000","43.1700","0.0800","364.1000","1.1200","2103.8600"
"KEY PRJ","KEY","","10.5","11/27/2024","","","0.3500","5.6500","25.3600","16.1700","c550","21.1700","5.0000","-4.1900","21.3900","21.8800","-1.0100","-3.2300","19.9700","24.1800","15.1900","24.1800","57.0000","21.0400","1.0700","-3.1400","51.7200","42.7100","60.5600","42.9400","-4.3200","4.8700","58.7000","28.8800","-3.1400","5.8500","41.2100","31.0900","27960.0000","24867.0000","23635.0000","25487.0000","57.4600","0.0671","358.3600","1.1200","2103.8600"
"KEY PRK","KEY","","10.5","11/27/2024","","","0.3500","5.6300","26.1700","16.0500","c550","21.2500","5.2000","-4.9200","21.2000","21.8700","0.2400","-2.8400","19.7600","24.4300","14.9900","24.4300","57.0000","21.1200","1.3600","-3.3100","45.6500","41.0800","53.6800","45.1600","-5.0500","5.0700","65.0400","27.0900","-3.3100","6.1300","43.4400","28.3100","23824.0000","20550.0000","21140.0000","21838.0000","57.4600","0.0666","350.7100","1.1200","2103.8600"
"KIM PRL","KIM","","11.5","12/27/2024","","","0.3200","5.1300","25.4200","19.2000","c500","19.8200","0.6200","-5.6000","20.2700","21.3400","-2.2300","-7.1200","19.3900","23.6800","18.8100","24.1800","87.0000","19.8100","0.4200","-3.8700","57.6500","59.0500","75.9900","52.4800","-5.6100","0.6100","69.9100","67.0000","-4.3700","1.0000","57.3400","79.3500","11649.0000","10895.0000","6937.0000","9827.0000","63.2500","0.0647","427.0600","1.1200","2103.8600"
"KIM PRM","KIM","","11.5","12/27/2024","","","0.3300","5.2500","25.4000","19.8300","c525","20.1600","0.3300","-5.2400","20.6400","21.8700","-2.3300","-7.8100","19.7100","24.4300","19.7100","25.1600","87.0000","20.1500","0.4400","-4.2800","58.1400","61.9500","75.5200","57.8400","-5.2500","0.3200","66.7800","69.6000","-5.0100","0.4400","65.7400","84.9300","15684.0000","16394.0000","14415.0000","15498.0000","63.2500","0.0651","438.1000","1.1200","2103.8600"
"KREF PRA","KREF","","NR","11/27/2024","4/16/2026","","0.4100","6.5000","23.3700","16.1800","c650","20.8500","4.6700","-2.5200","19.3800","19.9400","7.5800","4.5600","17.9800","21.8800","15.8100","23.6600","57.0000","20.7000","2.7200","-1.1800","10.0000","10.0000","21.3900","17.3200","-2.6700","4.5200","44.3500","32.0100","-2.9600","4.8900","38.8500","40.6500","17032.0000","16907.0000","15068.0000","16336.0000","37.8900","0.0785","284.9700","1.1200","2103.8600"
"MBINN","MBIN","","NR","12/13/2024","","","0.3800","6.0000","24.2300","16.5000","c600","19.7800","3.2700","-4.4600","20.3300","21.4000","-2.7400","-7.6300","18.3100","24.2600","16.3100","24.3400","73.0000","19.7000","1.3900","-4.5600","60.1300","61.1900","52.9700","61.5000","-4.5300","3.2000","60.5200","43.8300","-4.6400","3.3900","60.8900","55.5700","7563.0000","6825.0000","4792.0000","6394.0000","40.3900","0.0761","406.0400","1.1200","2103.8600"
"MET PRE","MET","","12","11/27/2024","","","0.3500","5.6300","26.5000","21.2200","c550","23.7600","2.5400","-2.7400","23.6200","24.1700","0.5800","-1.7200","22.6600","25.1900","21.0300","25.2300","57.0000","23.6300","0.9700","-1.5600","44.0000","36.3700","62.9400","22.2900","-2.8700","2.4100","46.0900","50.8900","-1.6000","2.6000","21.0200","63.4300","53590.0000","45382.0000","54509.0000","51160.0000","73.0900","0.0596","354.8200","1.1200","2103.8600"
"MET PRF","MET","","12","11/27/2024","","","0.3000","4.7500","24.5600","18.5000","c475","19.6700","1.1700","-4.8900","19.8700","20.8600","-0.9900","-5.6900","19.0000","23.2100","18.3300","23.2100","57.0000","19.5600","0.5600","-3.6500","51.6300","53.0400","72.6700","49.6100","-5.0000","1.0600","64.6100","62.9800","-3.6500","1.2300","47.9000","77.0600","88400.0000","91183.0000","127054.0000","102213.0000","73.0900","0.0607","411.9800","1.1200","2103.8600"
"MFA PRB","MFA","","NR","11/27/2024","4/15/2018","","0.4700","7.5000","21.9200","18.3400","c750","20.5700","2.2300","-1.3500","20.9900","21.5700","-2.0000","-4.6400","18.2700","23.6700","17.0100","23.6700","57.0000","20.4000","2.1300","-3.2700","56.5300","48.6400","35.4000","44.6400","-1.5200","2.0600","34.3500","54.0300","-3.2700","3.3900","42.9200","55.5700","16330.0000","15141.0000","11833.0000","14435.0000","20.6500","0.0919","384.1100","1.1200","2103.8600"
"MGR","AMG","BB","12","12/27/2024","","","0.3700","5.8800","26.2900","19.6000","c575","20.5500","1.3200","-5.3700","21.0800","22.6400","-0.7400","-7.6100","19.9100","25.1500","19.4300","25.1700","87.0000","20.9100","1.0000","-4.2400","50.4100","61.1100","62.2300","57.3200","-5.3800","1.3100","67.9100","60.7400","-4.2600","1.4800","55.9000","74.5800","17708.0000","16566.0000","15313.0000","16529.0000","65.5000","0.0703","430.8600","1.1200","2103.8600"
"MGRD","AMG","BB","12","12/27/2024","","","0.2600","4.2000","19.5000","15.1800","c425","15.1700","0.2500","-4.0700","15.4800","16.5500","-0.3000","-6.7500","14.6100","18.3700","14.6100","18.3700","87.0000","15.4200","0.8100","-2.9500","48.2800","57.5000","66.7400","40.4600","-4.0800","0.2400","56.6100","70.3100","-2.9500","0.8100","38.7200","81.2400","10256.0000","10147.0000","10419.0000","10274.0000","65.5000","0.0681","415.3000","1.1200","2103.8600"
"MS PRK","MS","","11","12/27/2024","","","0.3700","5.8500","26.3800","21.4000","c575","23.8700","2.4700","-2.5100","23.5800","24.4500","1.2200","-2.3700","22.5200","25.7500","21.1600","26.0000","87.0000","23.8600","1.3400","-1.8900","40.8900","39.1000","54.1500","26.6000","-2.5200","2.4600","43.0400","50.4500","-2.1400","2.7000","28.1000","62.4400","80818.0000","86151.0000","85743.0000","84237.0000","77.8200","0.0613","364.1000","1.1200","2103.8600"
"MS PRL","MS","","11","12/27/2024","","","0.3000","4.8800","24.0000","18.3200","c475","20.0800","1.7600","-3.9200","20.1300","21.7400","-0.2600","-7.6300","19.2600","24.3200","18.1500","24.4900","87.0000","20.0700","0.8100","-4.2500","48.0800","61.1900","66.7400","57.4500","-3.9300","1.7500","55.3000","56.8000","-4.4200","1.9200","58.0000","70.2000","26852.0000","27956.0000","30469.0000","28425.0000","77.8200","0.0608","420.3800","1.1200","2103.8600"
"NCV PRA","NCV","","NR","12/5/2024","","","0.3500","5.6300","24.2800","20.9200","c550","21.1800","0.2600","-3.1000","21.7600","22.0100","-2.6800","-3.7700","20.7200","23.1800","20.6000","23.6400","65.0000","21.0800","0.3600","-2.1000","59.8400","44.9800","77.4200","29.3500","-3.2000","0.1600","48.9600","71.0300","-2.5600","0.4800","33.6100","84.5300","5519.0000","3507.0000","4848.0000","4625.0000","23.6100","0.0668","359.6600","1.1200","2103.8600"
"NCZ PRA","NCZ","","NR","12/5/2024","","","0.3400","5.5000","24.2800","20.5000","c550","20.8400","0.3400","-3.4400","21.0200","21.0500","-0.8400","-0.9900","19.9200","22.0900","19.9200","22.3800","65.0000","20.7500","0.8300","-1.3400","50.9000","33.3100","66.2600","19.4100","-3.5300","0.2500","51.8300","70.2200","-1.6300","0.8300","21.4100","81.0400","8815.0000","8505.0000","3157.0000","6826.0000","23.8500","0.0663","330.1200","1.1200","2103.8600"
"NRUC","-","BB","13","11/1/2024","","","0.3400","5.5000","25.2200","21.7500","c550","24.1900","2.4400","-1.0300","23.5300","24.1200","2.8000","0.2900","22.3800","25.7500","21.6400","25.7500","31.0000","23.9700","1.5900","-1.7800","33.2200","27.9300","48.2200","25.1600","-1.2500","2.2200","32.0000","52.6000","-1.7800","2.3300","23.3800","66.1200","15479.0000","14521.0000","12745.0000","14248.0000","45.3300","0.0574","300.9300","1.1200","2103.8600"
"NSA PRA","NSA","","NR","12/13/2024","","","0.3800","6.0000","25.3000","20.6500","c600","22.9900","2.3400","-2.3100","22.4800","22.8600","2.2700","0.5800","21.1200","24.8000","20.1600","25.2000","73.0000","22.9200","1.8000","-1.8800","35.7900","26.7100","43.2300","26.4700","-2.3800","2.2700","41.8300","52.1500","-2.2800","2.7600","29.9300","61.8400","11964.0000","11715.0000","14593.0000","12757.0000","40.7700","0.0654","313.8800","1.1200","2103.8600"
"NTRSO","NTRS","","13","12/13/2024","","","0.2900","4.7000","24.8500","18.3000","c475","19.4000","1.1000","-5.4500","19.7400","20.8700","-1.7000","-7.0400","18.7400","24.2900","18.1000","24.2900","73.0000","19.3500","0.6100","-4.9400","55.0800","58.7100","71.4800","66.4700","-5.5000","1.0500","68.9600","63.0600","-4.9400","1.2500","64.8200","76.8700","26881.0000","24373.0000","27508.0000","26254.0000","70.1200","0.0607","427.9400","1.1200","2103.8600"
"NYMTZ","NYMT","","NR","1/2/2025","","","0.4400","7.0000","19.7800","16.6000","c700","18.7500","2.1500","-1.0300","18.5200","19.3500","1.2200","-3.0800","16.7500","21.5000","15.3100","21.7500","3.0000","18.3200","1.5700","-3.1800","40.8900","42.0800","48.6900","43.4600","-1.4600","1.7200","33.8300","57.0700","-3.4300","3.0100","45.0200","59.3500","4187.0000","3669.0000","3352.0000","3736.0000","21.4100","0.0955","384.7100","1.1200","2103.8600"
"OPP PRA","OPP","","16","11/1/2024","","","0.2700","4.3800","20.8700","16.9800","c425","17.1400","0.1600","-3.7300","17.9000","18.5600","-4.2500","-7.6500","16.5400","19.9500","16.5400","20.2100","31.0000","16.9600","0.4200","-2.9900","67.4600","61.2800","75.9900","40.9800","-3.9100","-0.0200","55.1300","72.6400","-3.2500","0.4200","42.6600","85.1200","4783.0000","4457.0000","6630.0000","5290.0000","58.6100","0.0646","422.0600","1.1200","2103.8600"
"OPP PRB","OPP","","16","11/1/2024","2/15/2027","","0.3000","4.7500","21.4300","18.7000","c475","18.4400","-0.2600","-2.9900","19.4200","20.0000","-5.0700","-7.8000","18.3400","21.1300","18.3100","22.3100","31.0000","18.2400","-0.1000","-2.8900","71.4500","61.9100","88.3400","39.6700","-3.1900","-0.4600","48.8700","76.5800","-4.0700","-0.0700","53.4100","90.0000","2995.0000","2066.0000","3214.0000","2758.0000","58.6100","0.0651","435.9300","1.1200","2103.8600"
"OZKAP","OZK","","9","11/1/2024","11/15/2026","","0.2900","4.6300","20.7800","14.6100","c450","16.3100","1.7000","-4.4700","16.6100","17.0400","-1.8100","-4.2700","15.6900","19.8800","14.3700","19.8800","31.0000","16.1200","0.4300","-3.7600","55.6100","47.0800","75.7600","51.0500","-4.6600","1.5100","61.6500","58.9500","-3.7600","1.7500","49.3400","71.8900","29164.0000","24480.0000","21925.0000","25190.0000","55.2000","0.0718","410.4100","1.1200","2103.8600"
"PEB PRE","PEB","","NR","12/27/2024","","","0.4000","6.3800","24.7100","18.3200","c625","18.1500","-0.1700","-6.5600","18.0900","20.2400","0.3200","-10.3500","16.2700","23.2200","16.2700","23.2200","87.0000","18.1400","1.8700","-5.0800","45.2600","72.6100","41.5700","68.3000","-6.5700","-0.1800","78.2600","74.0700","-5.0800","1.8700","66.6600","70.7000","9006.0000","7565.0000","3961.0000","6844.0000","35.5200","0.0879","446.4600","1.1200","2103.8600"
"PEB PRF","PEB","","NR","12/27/2024","","","0.3900","6.3000","23.5200","18.5600","c625","18.4500","-0.1100","-5.0700","18.3100","20.3500","0.7900","-9.3300","16.8500","23.7500","16.8500","23.7500","87.0000","18.4400","1.5900","-5.3100","42.9800","68.3300","48.2200","71.3100","-5.0800","-0.1200","65.3000","73.5300","-5.3100","1.5900","69.6700","73.4800","7189.0000","8268.0000","1867.0000","5774.0000","35.5200","0.0854","439.1400","1.1200","2103.8600"
"PEB PRG","PEB","","NR","12/27/2024","","","0.4000","6.3800","23.4000","18.0000","c625","18.3700","0.3700","-5.0300","18.3000","20.0900","0.3800","-8.5700","16.6000","22.9400","16.6000","23.1800","87.0000","18.3600","1.7600","-4.5800","44.9700","65.1400","44.1800","61.7600","-5.0400","0.3600","64.9600","69.2400","-4.8200","1.7600","63.2500","71.7900","9443.0000","8821.0000","4193.0000","7486.0000","35.5200","0.0869","431.4600","1.1200","2103.8600"
"PEB PRH","PEB","","NR","12/27/2024","","","0.3600","5.7000","21.0100","16.3800","c550","16.3600","-0.0200","-4.6500","16.5400","18.1700","-1.0600","-9.9800","15.5100","21.1200","15.0200","21.1200","87.0000","16.3500","0.8400","-4.7700","51.9700","71.0600","66.0200","64.2500","-4.6600","-0.0300","61.6500","72.7300","-4.7700","1.3300","62.5900","76.0700","11295.0000","7199.0000","6454.0000","8316.0000","35.5200","0.0872","452.2500","1.1200","2103.8600"
"PFH","PRU","BB","13","11/15/2024","9/1/2025","","0.2600","4.1300","22.6100","17.3500","c400","17.3900","0.0400","-5.2200","17.4700","18.9000","-0.4600","-8.0000","16.6200","21.2700","16.6200","21.5900","45.0000","17.2600","0.6400","-4.0100","49.0500","62.7500","70.7700","54.3100","-5.3500","-0.0900","67.6500","73.2700","-4.3300","0.6400","56.8200","82.9400","30861.0000","30002.0000","33900.0000","31588.0000","71.0800","0.0598","425.4800","1.1200","2103.8600"
"PRH","PRU","BB","13","11/15/2024","","","0.3700","5.9500","","23.7900","c575","25.1400","1.3500","","24.7900","25.5300","1.4000","-1.5400","23.5900","26.8900","23.1700","26.9500","45.0000","24.9600","1.3700","-1.9300","40.0200","35.6200","53.4400","27.1200","","1.1700","41.6200","61.9900","-1.9900","1.7900","26.1300","71.4900","18925.0000","22952.0000","15463.0000","19113.0000","71.0800","0.0596","355.8700","1.1200","2103.8600"
"PRS","PRU","BB","13","11/1/2024","8/15/2023","","0.3500","5.6300","26.1600","22.5200","c550","23.7100","1.1900","-2.4500","23.2200","24.1300","2.1000","-1.7500","22.3500","25.4200","22.3100","25.4200","31.0000","23.4800","1.1300","-1.9400","36.6200","36.5000","59.1400","27.2500","-2.6800","0.9600","44.4300","63.8700","-1.9400","1.1700","25.4800","77.6600","30406.0000","28478.0000","31338.0000","30074.0000","71.0800","0.0599","360.7600","1.1200","2103.8600"
"PSA PRF","PSA","","13.5","12/12/2024","","","0.3200","5.1500","25.8400","20.8700","c500","20.5800","-0.2900","-5.2600","21.0600","22.6700","-2.3000","-9.2000","19.8700","25.0800","19.8700","25.1100","72.0000","20.5200","0.6500","-4.5600","57.9900","67.7800","70.5300","61.5000","-5.3200","-0.3500","67.3900","75.5900","-4.5900","0.6500","60.2300","82.8400","18539.0000","14635.0000","17927.0000","17034.0000","71.4900","0.0627","446.2200","1.1200","2103.8600"
"PSA PRG","PSA","","13.5","12/12/2024","","","0.3200","5.0500","25.8700","21.1100","c500","20.2500","-0.8600","-5.6200","20.8600","22.4500","-2.9500","-9.7900","19.8700","25.0000","19.8700","25.0600","72.0000","20.1900","0.3200","-4.8100","61.1500","70.2600","78.3700","64.7700","-5.6800","-0.9200","70.5200","80.6900","-4.8700","0.3200","63.9000","86.1200","17025.0000","13952.0000","10733.0000","13903.0000","71.4900","0.0625","458.6800","1.1200","2103.8600"
"PSA PRH","PSA","","13.5","12/12/2024","","","0.3500","5.6000","26.9600","22.7600","c550","22.8000","0.0400","-4.1600","22.9800","24.1700","-0.8000","-5.6700","20.8500","25.7000","20.8500","25.9500","72.0000","22.7300","1.8800","-2.9700","50.7000","52.9600","41.3400","40.7200","-4.2300","-0.0300","57.9100","72.7300","-3.2200","1.8800","42.2600","70.6000","19567.0000","19370.0000","14478.0000","17805.0000","71.4900","0.0616","394.6900","1.1200","2103.8600"
"PSA PRI","PSA","","13.5","12/12/2024","","","0.3000","4.8800","25.8000","19.4400","c475","19.4400","0.0000","-6.3600","19.8600","21.4000","-2.1300","-9.1700","18.6900","23.7200","18.6900","23.9400","72.0000","19.3800","0.6900","-4.3400","57.1600","67.6600","69.5800","58.6300","-6.4200","-0.0600","76.9600","73.0000","-4.5600","0.6900","59.8400","82.4400","15908.0000","12425.0000","10815.0000","13049.0000","71.4900","0.0630","445.4400","1.1200","2103.8600"
"PSA PRJ","PSA","","13.5","12/12/2024","","","0.2900","4.7000","25.0800","18.2500","c475","18.6900","0.4400","-6.3900","19.1300","20.5300","-2.3200","-8.9700","18.2500","23.2100","17.9400","23.2100","72.0000","18.6300","0.3800","-4.5800","58.0900","66.8200","76.9400","61.7600","-6.4500","0.3800","77.2200","69.0600","-4.5800","0.6900","60.1000","82.4400","15014.0000","14716.0000","12785.0000","14172.0000","71.4900","0.0631","447.9800","1.1200","2103.8600"
"PSA PRK","PSA","","13.5","12/12/2024","","","0.3000","4.7500","25.8000","18.4000","c475","18.9200","0.5100","-6.8900","19.3500","20.7200","-2.2600","-8.7400","18.4400","23.1600","18.1600","23.2100","72.0000","18.8500","0.4100","-4.3100","57.8000","65.8500","76.2300","58.2400","-6.9500","0.4500","81.5700","68.4300","-4.3600","0.6900","57.2100","82.4400","16810.0000","18044.0000","15703.0000","16852.0000","71.4900","0.0630","444.7800","1.1200","2103.8600"
"PSA PRL","PSA","","13.5","12/12/2024","","","0.2900","4.6300","24.8400","18.1700","c450","18.5800","0.4100","-6.2600","18.9300","20.2300","-1.8400","-8.1600","17.5200","22.7500","17.5200","22.8900","72.0000","18.5200","1.0000","-4.2300","55.7600","63.4200","62.2300","57.1900","-6.3200","0.3500","76.0900","69.3300","-4.3700","1.0000","57.3400","79.3500","29812.0000","26880.0000","29821.0000","28838.0000","71.4900","0.0625","433.1400","1.1200","2103.8600"
"PSA PRM","PSA","","13.5","12/12/2024","","","0.2600","4.1300","22.7900","16.0500","c400","16.5800","0.5300","-6.2100","16.9500","18.2300","-2.2100","-9.0700","16.1100","20.5200","15.8200","20.7900","72.0000","16.5300","0.4200","-3.9900","57.5500","67.2400","75.9900","54.0500","-6.2600","0.4800","75.5700","68.1700","-4.2600","0.7100","55.9000","82.2400","9087.0000","8769.0000","11110.0000","9655.0000","71.4900","0.0625","441.6100","1.1200","2103.8600"
"PSA PRN","PSA","","13.5","12/12/2024","","","0.2400","3.8800","21.0200","15.1200","c400","15.5700","0.4500","-5.4500","15.9000","16.9900","-2.0500","-8.3300","15.1000","19.1200","14.9000","19.2300","72.0000","15.5200","0.4200","-3.6000","56.7800","64.1300","75.9900","48.9500","-5.5000","0.4000","68.9600","68.8800","-3.7100","0.6200","48.6900","83.1300","17249.0000","18548.0000","25800.0000","20532.0000","71.4900","0.0625","433.4800","1.1200","2103.8600"
"PSA PRO","PSA","","13.5","12/12/2024","11/17/2025","","0.2400","3.9000","20.2900","15.5300","c400","15.6100","0.0800","-4.6800","15.9600","17.0600","-2.1800","-8.4900","15.0700","18.9700","15.0700","19.1300","72.0000","15.5600","0.4900","-3.4100","57.4100","64.8000","74.3300","46.4700","-4.7300","0.0300","62.2600","72.1900","-3.5700","0.4900","46.8500","84.4300","16880.0000","17388.0000","35804.0000","23357.0000","71.4900","0.0627","433.2400","1.1200","2103.8600"
"PSA PRP","PSA","","13.5","12/12/2024","","","0.2500","4.0000","20.8800","15.5400","c400","16.0100","0.4700","-4.8700","16.3100","17.5200","-1.8300","-8.6400","15.3900","19.7600","15.3700","19.9900","72.0000","15.9600","0.5700","-3.8000","55.7100","65.4300","72.4300","51.5700","-4.9200","0.4200","63.9100","68.7000","-4.0300","0.5900","52.8900","83.4300","41742.0000","37594.0000","47190.0000","42175.0000","71.4900","0.0627","434.7600","1.1200","2103.8600"
"PSA PRQ","PSA","","13.5","12/12/2024","","","0.2500","3.9500","20.8400","15.3100","c400","15.8300","0.5200","-5.0100","16.0600","17.2400","-1.4300","-8.1900","15.3000","19.2800","15.1700","19.4700","72.0000","15.7800","0.4800","-3.5000","53.7600","63.5400","74.5700","47.6500","-5.0600","0.4700","65.1300","68.2600","-3.6900","0.6100","48.4300","83.2300","13333.0000","13342.0000","18760.0000","15145.0000","71.4900","0.0626","429.4800","1.1200","2103.8600"
"PSA PRR","PSA","","13.5","12/12/2024","","","0.2500","4.0000","20.7800","15.5900","c400","15.9900","0.4000","-4.7900","16.2900","17.5800","-1.8600","-9.0500","15.4500","19.9900","15.3800","20.1600","72.0000","15.9400","0.4900","-4.0500","55.8500","67.1500","74.3300","54.8400","-4.8400","0.3500","63.2200","69.3300","-4.2200","0.5600","55.3800","83.7300","31482.0000","30954.0000","48648.0000","37028.0000","71.4900","0.0627","439.2800","1.1200","2103.8600"
"PSA PRS","PSA","","13.5","12/12/2024","","","0.2600","4.1000","21.1500","15.8300","c400","16.3700","0.5400","-4.7800","16.6600","18.0000","-1.7400","-9.0400","14.1800","20.4400","14.1800","20.4700","72.0000","16.3200","2.1400","-4.1200","55.2700","67.1100","35.1600","55.7500","-4.8300","0.4900","63.1300","68.0800","-4.1500","2.1400","54.4600","68.0100","16040.0000","17642.0000","12558.0000","15413.0000","71.4900","0.0628","418.3700","1.1200","2103.8600"
"PSEC PRA","PSEC","","9","10/16/2024","7/19/2026","","0.3300","5.3500","19.5500","15.2100","c525","15.7500","0.5400","-3.8000","16.2700","17.5500","-3.2100","-10.2400","14.5800","21.5400","14.0400","21.5400","15.0000","15.4700","0.8900","-6.0700","62.4100","72.1500","64.8400","81.2400","-4.0800","0.2600","56.6100","70.1300","-6.0700","1.4300","79.6400","75.0700","8170.0000","7482.0000","6654.0000","7435.0000","37.9100","0.0865","470.0500","1.1200","2103.8600"
"REGCO","REG","","NR","10/16/2024","","","0.3700","5.8800","","21.8500","c575","22.4200","0.5700","","22.4100","22.7500","0.0400","-1.4500","21.4300","24.7000","21.2000","24.9000","15.0000","22.1100","0.6800","-2.5900","46.6200","35.2400","69.8200","35.7500","","0.2600","41.6200","70.1300","-2.7900","0.9100","36.6200","80.2500","5701.0000","4926.0000","3073.0000","4567.0000","59.8800","0.0665","380.2100","1.1200","2103.8600"
"REGCP","REG","","NR","10/16/2024","","","0.3900","6.2500","","23.1000","c625","23.5200","0.4200","","23.3600","23.7600","0.6700","-0.9900","21.8800","25.4000","21.8800","25.6300","15.0000","23.2000","1.3200","-2.2000","43.5600","33.3100","54.6300","30.6500","","0.1000","41.6200","71.5700","-2.4300","1.3200","31.9000","76.1700","4869.0000","4320.0000","3327.0000","4172.0000","59.8800","0.0673","368.3200","1.1200","2103.8600"
"REXR PRB","REXR","","NR","12/13/2024","","","0.3700","5.8800","25.3900","21.1600","c575","22.3300","1.1700","-3.0600","23.0600","22.8600","-3.1600","-2.3200","22.1500","24.4300","20.6000","24.5700","73.0000","22.2600","0.1100","-2.1700","62.1700","38.8900","83.3500","30.2600","-3.1300","1.1000","48.3500","62.6200","-2.3100","1.6600","30.3300","72.7900","4993.0000","3802.0000","1147.0000","3314.0000","45.8700","0.0660","372.3000","1.1200","2103.8600"
"REXR PRC","REXR","","NR","11/15/2024","","","0.3500","5.6300","26.1000","20.0500","c550","20.9700","0.9100","-5.1400","21.7000","21.9900","-3.4300","-4.6600","20.1300","24.2200","19.7100","24.5400","45.0000","20.7900","0.6600","-3.4300","63.4800","48.7200","70.3000","46.7300","-5.3100","0.7400","67.3000","65.8400","-3.7500","1.0800","49.2100","78.5600","7423.0000","3790.0000","1425.0000","4213.0000","45.8700","0.0677","400.1000","1.1200","2103.8600"
"RF PRE","RF","","10","11/27/2024","","","0.2800","4.4500","20.6900","15.4500","c450","17.5000","2.0500","-3.1900","17.4200","18.1900","0.4400","-3.7800","16.4100","19.9800","14.1600","19.9800","57.0000","17.4000","0.9900","-2.5800","44.6800","45.0200","62.4600","35.6200","-3.2900","1.9500","49.7400","55.0100","-2.5800","3.2400","33.8700","57.0600","28617.0000","26343.0000","29117.0000","28026.0000","60.1700","0.0639","365.8800","1.1200","2103.8600"
"RNR PRF","RNR","","12","11/27/2024","","","0.3600","5.7500","25.1100","20.7100","c550","21.4300","0.7200","-3.6800","21.6000","23.0800","-0.7700","-7.1300","20.8000","24.9000","20.4300","25.1000","57.0000","21.3000","0.5000","-3.6000","50.5600","59.0900","74.0900","48.9500","-3.8100","0.5900","54.2600","67.1800","-3.8000","0.8700","49.8700","80.6500","16224.0000","18127.0000","21443.0000","18598.0000","64.6100","0.0675","423.6100","1.1200","2103.8600"
"RNR PRG","RNR","","12","11/27/2024","","","0.2600","4.2000","20.0200","15.3500","c425","15.8800","0.5300","-4.1400","15.8700","17.2200","0.0600","-7.8000","14.2600","18.7300","14.2600","19.4600","57.0000","15.7800","1.5200","-2.9500","46.5300","61.9100","49.8800","40.4600","-4.2400","0.4300","58.0000","68.6100","-3.6800","1.5200","48.3000","74.1800","28870.0000","30988.0000","17546.0000","25802.0000","64.6100","0.0665","408.0300","1.1200","2103.8600"
"SCE PRG","EIX","TP","10","12/13/2024","","","0.3200","5.1000","20.7300","17.2000","c500","16.7600","-0.4400","-3.9700","17.3700","19.3300","-3.5300","-13.2800","16.3200","21.6900","16.3200","21.7000","73.0000","16.7000","0.3800","-4.9900","63.9600","84.9200","76.9400","67.1200","-4.0300","-0.5000","56.1700","76.9400","-5.0000","0.3800","65.6100","85.5200","17357.0000","14638.0000","10102.0000","14032.0000","51.6100","0.0763","477.2700","1.1200","2103.8600"
"SCE PRL","EIX","TP","10","12/13/2024","","","0.3100","5.0000","20.2400","16.9400","c500","16.1700","-0.7700","-4.0700","16.9500","18.9000","-4.6100","-14.4400","15.9800","21.0900","15.9800","21.3200","73.0000","16.1100","0.1300","-4.9800","69.2100","89.7900","82.8800","66.9900","-4.1300","-0.8300","57.0400","79.8900","-5.2100","0.1300","68.3600","88.0100","43656.0000","32088.0000","38383.0000","38042.0000","51.6100","0.0776","492.6900","1.1200","2103.8600"
"SCHW PRD","SCHW","","12","11/13/2024","","","0.3700","5.9500","25.9400","22.6500","c575","24.9500","2.3000","-0.9900","24.8700","25.1400","0.3400","-0.7500","24.2500","25.7100","22.2900","25.7100","43.0000","24.7600","0.5100","-0.9500","45.1700","32.3000","73.8600","14.3100","-1.1800","2.1100","31.3900","53.5800","-0.9500","2.4700","12.4900","64.7300","44756.0000","52223.0000","58025.0000","51668.0000","80.0900","0.0601","357.6400","1.1200","2103.8600"
"SCHW PRJ","SCHW","","12","11/13/2024","","","0.2800","4.4500","23.4000","16.7500","c450","18.8500","2.1000","-4.5500","19.1600","20.2500","-1.6300","-6.9000","18.3300","22.5700","16.6300","22.6000","43.0000","18.7000","0.3700","-3.8700","54.7400","58.1300","77.1800","52.4800","-4.7000","1.9500","62.0000","55.0100","-3.9000","2.0700","51.1800","68.7100","55522.0000","55024.0000","62037.0000","57528.0000","80.0900","0.0595","420.9200","1.1200","2103.8600"
"SF PRB","SF","","8","12/2/2024","","","0.3900","6.2500","26.9400","22.0100","c625","23.6200","1.6100","-3.3200","23.7700","24.4500","-0.6400","-3.4100","22.2200","25.3900","21.5600","25.7300","62.0000","23.5000","1.2800","-1.8900","49.9300","43.4700","55.5800","26.6000","-3.4400","1.4900","51.0400","59.1300","-2.2300","1.9400","29.2800","70.0000","6718.0000","7214.0000","8994.0000","7642.0000","55.3100","0.0665","367.5000","1.1200","2103.8600"
"SF PRC","SF","","8","12/2/2024","","","0.3800","6.1300","27.0000","22.1200","c625","22.8800","0.7600","-4.1200","23.3400","24.3800","-1.9600","-6.1500","21.8100","25.8600","21.2700","26.4700","62.0000","22.7600","0.9500","-3.1000","56.3400","54.9800","63.4100","42.4200","-4.2400","0.6400","58.0000","66.7300","-3.7100","1.4900","48.6900","74.4800","10994.0000","12113.0000","16415.0000","13174.0000","55.3100","0.0673","404.0200","1.1200","2103.8600"
"SHO PRH","SHO","","NR","12/27/2024","","","0.3800","6.1300","23.7500","20.4000","c625","20.6900","0.2900","-3.0600","20.7000","21.6900","-0.0600","-4.6200","19.1400","24.2200","19.1400","24.2700","87.0000","20.6800","1.5400","-3.5400","47.1100","48.5500","49.4100","48.1700","-3.0700","0.2800","47.8300","69.9600","-3.5900","1.5400","47.1100","73.9800","6816.0000","6583.0000","1470.0000","4956.0000","42.9200","0.0741","388.7500","1.1200","2103.8600"
"SHO PRI","SHO","","NR","12/27/2024","","","0.3600","5.7000","22.9800","19.4300","c550","19.4300","0.0000","-3.5500","19.4800","20.4400","-0.2600","-4.9200","17.9600","22.7900","17.9600","22.7900","87.0000","19.4200","1.4600","-3.3700","48.0800","49.8100","51.3100","45.9500","-3.5600","-0.0100","52.0900","72.5500","-3.3700","1.4600","44.2300","74.7800","6531.0000","6016.0000","1270.0000","4606.0000","42.9200","0.0734","389.7900","1.1200","2103.8600"
"SIGIP","SIGI","","10","11/27/2024","","","0.2900","4.6000","20.7400","15.4800","c450","17.0900","1.6100","-3.6500","17.5100","18.3100","-2.4200","-6.6600","16.6100","20.3000","15.1700","20.3000","57.0000","16.9800","0.3700","-3.3200","58.5700","57.1200","77.1800","45.2900","-3.7600","1.5000","53.8300","59.0400","-3.3200","1.8100","43.5700","71.2900","4834.0000","4029.0000","3008.0000","3957.0000","55.9900","0.0677","408.3500","1.1200","2103.8600"
"SLG PRI","SLG","","9.5","12/17/2024","","","0.4100","6.5000","25.6700","18.1500","c650","21.6500","3.5000","-4.0200","22.2100","22.7000","-2.5000","-4.6200","20.5600","24.5300","16.6000","24.8700","77.0000","21.5900","1.0300","-2.9400","58.9600","48.5500","61.5100","40.3300","-4.0800","3.4400","56.6100","41.6800","-3.2800","4.9900","43.0500","39.6500","13358.0000","10586.0000","12440.0000","12128.0000","33.4500","0.0753","365.7700","1.1200","2103.8600"
"SOJC","SO","BB","11.5","11/29/2024","","","0.3300","5.2500","25.6900","20.7500","c525","21.5900","0.8400","-4.1000","21.6400","22.9300","-0.2200","-5.8400","21.0500","24.9200","20.3500","25.0700","59.0000","21.4800","0.4300","-3.4400","47.8900","53.6700","75.7600","46.8600","-4.2100","0.7300","57.7400","65.9300","-3.5900","1.1300","47.1100","78.0600","25585.0000","24126.0000","23746.0000","24486.0000","80.0800","0.0611","418.9900","1.1200","2103.8600"
"SOJD","SO","BB","11.5","10/29/2024","","","0.3100","4.9500","23.8600","19.4500","c500","20.0200","0.5700","-3.8400","20.2900","21.6500","-1.3200","-7.5200","19.2600","23.9500","19.2600","24.5500","28.0000","19.8100","0.5500","-4.1400","53.2300","60.7300","72.9100","56.0100","-4.0500","0.3600","56.3500","69.2400","-4.7400","0.5500","62.2000","83.8300","84500.0000","78197.0000","81739.0000","81479.0000","80.0800","0.0625","442.2400","1.1200","2103.8600"
"SOJE","SO","BB","11.5","1/10/2025","","","0.2600","4.2000","20.9600","17.4200","c425","17.6200","0.2000","-3.3400","17.9200","19.4000","-1.7000","-9.1900","16.9900","21.9200","16.9900","22.3500","11.0000","17.3900","0.4000","-4.5300","55.0800","67.7400","76.4700","61.1100","-3.5700","-0.0300","52.1700","72.7300","-4.9600","0.4000","65.0800","85.3200","54327.0000","53489.0000","44049.0000","50622.0000","80.0800","0.0604","450.3100","1.1200","2103.8600"
"SR PRA","SR","","11","10/25/2024","8/15/2024","","0.3700","5.9000","26.1500","21.8700","c575","23.7000","1.8300","-2.4500","24.0600","24.3100","-1.5000","-2.5100","23.2000","25.3900","21.3600","25.3900","24.0000","23.4300","0.2300","-1.9600","54.1000","39.6900","80.5000","27.5200","-2.7200","1.5600","44.7800","58.5000","-1.9600","2.0700","25.7400","68.7100","16451.0000","14956.0000","15170.0000","15526.0000","61.1200","0.0630","371.7000","1.1200","2103.8600"
"SREA","SRE","BB","11.5","12/13/2024","","","0.3600","5.7500","25.2400","21.1600","c550","20.9400","-0.2200","-4.3000","21.2400","23.1200","-1.4100","-9.4200","19.6000","25.2000","19.6000","25.4700","73.0000","20.8700","1.2700","-4.3300","53.6700","68.7100","55.8200","58.5000","-4.3700","-0.2900","59.1300","75.0600","-4.6000","1.2700","60.3600","76.6700","51975.0000","57703.0000","35445.0000","48374.0000","69.4600","0.0689","444.8700","1.1200","2103.8600"
"STT PRG","STT","","13","11/27/2024","","","0.3300","5.3500","26.9000","21.6300","c525","21.8800","0.2500","-5.0200","22.5000","23.7900","-2.7700","-8.0200","21.3200","25.1600","21.3200","25.1600","57.0000","21.7600","0.4400","-3.4000","60.2700","62.8300","75.5200","46.3400","-5.1400","0.1300","65.8300","71.3000","-3.4000","0.4400","44.6200","84.9300","40842.0000","43237.0000","43816.0000","42632.0000","73.3400","0.0615","432.8700","1.1200","2103.8600"
"SYF PRA","SYF","","NR","10/30/2024","11/15/2024","","0.3500","5.6300","22.1400","15.2800","c550","18.6700","3.3900","-3.4700","18.1400","19.2700","2.9400","-3.1000","16.1900","21.6200","14.5100","21.9400","29.0000","18.4300","2.2400","-3.1900","32.5400","42.1700","32.7900","43.5900","-3.7100","3.1500","53.3900","44.2700","-3.5100","3.9200","46.0700","50.3000","53975.0000","50636.0000","39710.0000","48107.0000","59.3500","0.0764","372.4000","1.1200","2103.8600"
"T PRA","T","","10","1/7/2025","12/12/2024","","0.3100","5.0000","23.4900","18.3100","c500","20.1000","1.7900","-3.3900","20.2800","21.0900","-0.8700","-4.7100","19.1500","22.7500","18.2000","22.8000","8.0000","19.8200","0.6700","-2.9300","51.0400","48.9300","70.0600","40.2000","-3.6700","1.5100","53.0400","58.9500","-2.9800","1.6200","39.1100","73.1800","98183.0000","91406.0000","75101.0000","88230.0000","77.9400","0.0631","406.1600","1.1200","2103.8600"
"T PRC","T","","10","1/7/2025","2/18/2025","","0.3000","4.7500","21.5500","17.2500","c475","19.1000","1.8500","-2.4500","19.1900","19.9900","-0.4700","-4.4300","18.2000","21.6900","17.0200","21.7100","8.0000","18.8300","0.6300","-2.8600","49.1000","47.7500","71.0100","39.2800","-2.7200","1.5800","44.7800","58.3200","-2.8800","1.8100","37.8000","71.2900","132174.0000","126090.0000","136500.0000","131588.0000","77.9400","0.0631","401.0500","1.1200","2103.8600"
"TBB","T","BB","12","10/17/2024","","","0.3300","5.3500","24.9800","20.3200","c525","22.5100","2.1900","-2.4700","22.7800","23.4700","-1.2100","-4.1100","21.5500","24.9000","20.2600","24.9000","16.0000","22.2400","0.6900","-2.6600","52.7000","46.4100","69.5800","36.6700","-2.7400","1.9200","44.9600","55.2800","-2.6600","1.9800","34.9200","69.6000","75650.0000","58923.0000","56730.0000","63768.0000","79.5000","0.0601","393.3500","1.1200","2103.8600"
"TCBIO","TCBI","","8","12/2/2024","6/15/2026","","0.3600","5.7500","24.5000","16.0100","c550","21.0200","5.0100","-3.4800","20.0600","20.3500","4.8000","3.2900","18.1100","21.8700","15.5200","22.7100","62.0000","20.9100","2.8000","-0.9600","23.5000","15.3300","19.5000","14.4400","-3.5900","4.9000","52.3500","28.6100","-1.8000","5.3900","23.6400","35.6700","20534.0000","17547.0000","14869.0000","17650.0000","50.9700","0.0687","283.1100","1.1200","2103.8600"
"TDS PRU","TDS","","7","12/13/2024","","","0.4100","6.6300","24.2500","14.2600","c650","19.7100","5.4500","-4.5400","20.3100","20.7400","-2.9700","-4.9500","18.7100","22.8800","13.3100","22.8800","73.0000","19.6300","0.9200","-3.2500","61.2400","49.9400","64.1200","44.3800","-4.6200","5.3700","61.3000","24.4100","-3.2500","6.3200","42.6600","26.4200","26767.0000","21593.0000","28363.0000","25574.0000","48.6600","0.0844","396.4200","1.1200","2103.8600"
"TDS PRV","TDS","","7","12/13/2024","9/30/2026","","0.3800","6.0000","22.2800","12.8800","c600","18.1000","5.2200","-4.1800","17.9800","18.4700","0.6700","-1.9900","16.2500","20.4800","12.0100","20.4800","73.0000","18.0300","1.7800","-2.4500","43.5600","37.5100","43.7100","33.9200","-4.2500","5.1500","58.0900","26.3800","-2.4500","6.0200","32.1600","29.4000","43916.0000","39342.0000","40286.0000","41181.0000","48.6600","0.0832","358.9500","1.1200","2103.8600"
"TFC PRO","TFC","","11.5","11/8/2024","","","0.3300","5.2500","25.2000","19.7800","c525","21.1500","1.3700","-4.0500","21.3100","22.3800","-0.7600","-5.4900","19.6900","24.4600","19.4300","24.8300","38.0000","20.9600","1.2700","-3.5000","50.5100","52.2000","55.8200","47.6500","-4.2400","1.1800","58.0000","61.9000","-3.8700","1.5300","50.7900","74.0800","47097.0000","39397.0000","40141.0000","42212.0000","64.8100","0.0626","396.9500","1.1200","2103.8600"
"TFC PRR","TFC","","11.5","11/8/2024","","","0.3000","4.7500","22.4900","17.7100","c475","18.9600","1.2500","-3.5300","19.2900","20.2600","-1.7100","-6.4200","18.4100","22.2700","17.2900","22.6200","38.0000","18.7900","0.3800","-3.4800","55.1200","56.1100","76.9400","47.3900","-3.7000","1.0800","53.3000","62.8000","-3.8300","1.5000","50.2600","74.3800","69470.0000","60926.0000","58621.0000","63006.0000","64.8100","0.0632","411.2100","1.1200","2103.8600"
"TRTN PRD","-","","NR","12/6/2024","3/15/2025","","0.4300","6.8800","25.9500","21.6200","c675","22.5500","0.9300","-3.4000","21.9300","23.2600","2.8400","-3.0500","19.7600","25.0100","19.7600","25.6700","66.0000","22.4400","2.6800","-2.5700","33.0200","41.9600","22.3400","35.4900","-3.5100","0.8200","51.6500","65.1200","-3.2300","2.6800","42.3900","62.6400","9411.0000","9310.0000","10758.0000","9827.0000","44.0500","0.0766","359.6600","1.1200","2103.8600"
"TRTN PRE","-","","NR","12/6/2024","","","0.3600","5.7500","23.7900","17.8000","c550","18.7500","0.9500","-5.0400","18.7500","20.4200","0.0100","-8.1600","16.9000","23.1700","16.9000","23.3000","66.0000","18.6500","1.7500","-4.5200","46.7700","63.4200","44.4200","60.9800","-5.1400","0.8500","65.8300","64.8500","-4.6500","1.7500","61.0200","71.8900","6906.0000","7019.0000","4681.0000","6202.0000","44.0500","0.0771","417.7200","1.1200","2103.8600"
"TRTX PRC","TRTX","","NR","12/16/2024","6/14/2026","","0.3900","6.2500","18.8300","13.8100","c625","17.5500","3.7400","-1.2800","17.6900","18.0900","-0.7900","-2.9700","16.0100","20.0000","13.0000","20.0000","76.0000","17.4900","1.4800","-2.5100","50.6600","41.6200","50.8300","34.7100","-1.3400","3.6800","32.7800","39.5300","-2.5100","4.4900","32.9500","44.6300","7250.0000","7399.0000","5375.0000","6674.0000","42.8400","0.0893","382.5100","1.1200","2103.8600"
"TY PR","TY","","NR","12/5/2024","","","0.3100","5.0000","50.1100","43.5000","c500","44.2900","0.8000","-5.8100","44.6000","45.8200","-0.6800","-3.3200","43.1300","48.6500","42.0000","49.1900","65.0000","44.2100","1.0800","-4.4400","50.1200","43.0900","60.3300","59.9300","-5.9000","0.7100","72.4300","66.1100","-4.9800","2.2100","65.3400","67.3100","533.0000","453.0000","190.0000","392.0000","51.4100","0.0283","313.3600","1.1200","2103.8600"
"UNMA","UNM","BB","10","11/29/2024","","","0.3900","6.2500","26.1900","21.9200","c625","23.2300","1.3100","-2.9600","24.4800","24.8300","-5.1100","-6.4400","23.1000","25.4600","21.4900","26.0500","59.0000","23.1000","0.0000","-2.3600","71.6400","56.1900","85.9600","32.7500","-3.0900","1.1800","48.0000","61.9000","-2.9500","1.6100","38.7200","73.2800","13265.0000","12463.0000","11243.0000","12324.0000","66.4300","0.0676","424.5700","1.1200","2103.8600"
"USB PRP","USB","","13.5","12/30/2024","","","0.3400","5.5000","25.2500","19.7500","c550","22.7800","3.0300","-2.4700","22.9300","23.8500","-0.6400","-4.4700","21.4600","25.4300","19.0000","25.4300","0.0000","22.4400","0.9800","-2.9900","49.9300","47.9200","62.7000","40.9800","-2.8100","2.6900","45.5700","48.3900","-2.9900","3.4400","39.2500","55.0700","34992.0000","36179.0000","37948.0000","36373.0000","72.0400","0.0613","379.5900","1.1200","2103.8600"
"USB PRQ","USB","","13.5","12/27/2024","","","0.2300","3.7500","19.5700","13.5000","c400","15.2800","1.7800","-4.2900","15.5500","16.6400","-1.7600","-8.1900","14.6600","18.5900","13.3200","18.6000","87.0000","15.2700","0.6100","-3.3200","55.3700","63.5400","71.4800","45.2900","-4.3000","1.7700","58.5200","56.6200","-3.3300","1.9500","43.7000","69.9000","41326.0000","38487.0000","55976.0000","45263.0000","72.0400","0.0614","414.4300","1.1200","2103.8600"
"USB PRR","USB","","13.5","12/27/2024","","","0.2500","4.0000","21.0500","14.5700","c400","16.3300","1.7500","-4.7300","16.5900","17.7600","-1.6100","-8.1200","15.6200","20.0900","14.2400","20.3500","87.0000","16.3100","0.6900","-3.7800","54.6400","63.2500","69.5800","51.3100","-4.7400","1.7400","62.3500","56.8900","-4.0400","2.0700","53.0200","68.7100","49759.0000","43121.0000","51745.0000","48208.0000","72.0400","0.0613","418.4900","1.1200","2103.8600"
"USB PRS","USB","","13.5","12/27/2024","","","0.2800","4.5000","22.0800","16.4400","c450","18.7300","2.2900","-3.3500","18.9900","20.2100","-1.3500","-7.3300","18.0400","22.5400","16.2200","22.9700","87.0000","18.7200","0.6800","-3.8200","53.3800","59.9300","69.8200","51.8300","-3.3600","2.2800","50.3500","52.0600","-4.2500","2.5000","55.7700","64.4300","41596.0000","35961.0000","27636.0000","35064.0000","72.0400","0.0601","407.9800","1.1200","2103.8600"
"UZD","USM","BB","9.5","11/29/2024","9/1/2025","","0.3900","6.2500","24.1600","16.7700","c625","23.8800","7.1100","-0.2800","23.7000","23.4100","0.7700","2.0100","22.0000","24.3700","15.7800","24.8000","59.0000","23.7500","1.7500","-0.6200","43.0800","20.7100","44.4200","10.0000","-0.4100","6.9800","24.7000","10.0000","-1.0500","7.9700","13.8000","10.0000","39825.0000","38960.0000","50850.0000","43212.0000","57.7600","0.0658","283.2600","1.1200","2103.8600"
"UZE","USM","BB","9.5","11/29/2024","","","0.3400","5.5000","21.8000","14.9300","c550","20.8800","5.9500","-0.9200","21.6900","21.7800","-3.7300","-4.1300","20.2500","23.2200","13.7000","23.8000","59.0000","20.7600","0.5100","-2.4600","64.9400","46.4900","73.8600","34.0500","-1.0400","5.8300","30.1700","20.2900","-3.0400","7.0600","39.9000","19.0500","36282.0000","32213.0000","37621.0000","35372.0000","57.7600","0.0662","356.3800","1.1200","2103.8600"
"UZF","USM","BB","9.5","11/29/2024","6/1/2026","","0.3400","5.5000","21.7500","15.4400","c550","20.8300","5.3900","-0.9200","21.7300","21.7900","-4.1500","-4.4000","20.3000","23.5000","13.6100","23.7000","59.0000","20.7100","0.4100","-2.7900","66.9800","47.6300","76.2300","38.3700","-1.0400","5.2700","30.1700","25.3000","-2.9900","7.1000","39.2500","18.6600","30097.0000","26017.0000","30393.0000","28836.0000","57.7600","0.0664","362.6300","1.1200","2103.8600"
"VNO PRL","VNO","","10.5","12/13/2024","","","0.3400","5.4000","24.1600","13.7500","c525","17.8500","4.1100","-6.3000","17.5200","17.5000","1.9600","2.0400","15.2500","19.4600","13.1100","19.4600","73.0000","17.8000","2.5500","-1.6600","37.3000","20.5800","25.4300","23.5900","-6.3600","4.0500","76.4300","36.2200","-1.6600","4.6900","21.8000","42.6400","19678.0000","17678.0000","17419.0000","18258.0000","60.6700","0.0758","336.1700","1.1200","2103.8600"
"VNO PRM","VNO","","10.5","12/13/2024","","","0.3300","5.2500","23.4000","13.7100","c525","17.1100","3.4000","-6.2900","16.9600","17.0300","0.9100","0.4700","14.7500","18.9900","13.1700","18.9900","73.0000","17.0500","2.3000","-1.9400","42.4000","27.1800","31.3600","27.2500","-6.3500","3.3400","76.3500","42.5700","-1.9400","3.8800","25.4800","50.7000","20018.0000","18945.0000","9600.0000","16188.0000","60.6700","0.0770","357.7700","1.1200","2103.8600"
"VNO PRN","VNO","","10.5","12/13/2024","","","0.3300","5.2500","22.9200","13.7600","c525","17.1300","3.3700","-5.7900","17.0000","17.1000","0.7800","0.1500","14.8100","18.9700","13.3100","18.9700","73.0000","17.0700","2.2600","-1.9000","43.0300","28.5200","32.3100","26.7300","-5.8500","3.3100","72.0000","42.8400","-1.9000","3.7600","24.9500","51.8900","18192.0000","17972.0000","17758.0000","17974.0000","60.6700","0.0769","358.9400","1.1200","2103.8600"
"VNO PRO","VNO","","10.5","12/13/2024","","","0.2800","4.5000","19.7000","11.6000","c450","14.5500","2.9500","-5.1500","14.6200","14.9900","-0.4800","-2.9600","12.5100","17.3400","11.2800","17.3400","73.0000","14.5000","1.9900","-2.8400","49.1500","41.5800","38.7200","39.0200","-5.2000","2.9000","66.3500","46.5100","-2.8400","3.2200","37.2800","57.2600","21534.0000","21377.0000","20186.0000","21032.0000","60.6700","0.0776","389.1600","1.1200","2103.8600"
"WAFDP","WAFD","","10","12/27/2024","4/15/2026","","0.3000","4.8800","22.2000","12.6000","c475","15.9400","3.3400","-6.2600","16.2100","16.8600","-1.6700","-5.4600","15.2400","19.4900","12.0200","19.7500","87.0000","15.9300","0.6900","-3.5600","54.9300","52.0800","69.5800","48.4300","-6.2700","3.3300","75.6500","42.6600","-3.8200","3.9100","50.1300","50.4000","18171.0000","18448.0000","20084.0000","18901.0000","50.2300","0.0766","404.3600","1.1200","2103.8600"
"WBS PRF","WBS","","10","12/2/2024","","","0.3300","5.2500","24.4000","15.5200","c525","19.0900","3.5700","-5.3100","19.3000","20.2300","-1.0900","-5.6200","18.0200","22.5400","15.1000","22.5400","62.0000","18.9900","0.9700","-3.5500","52.1100","52.7500","62.9400","48.3000","-5.4100","3.4700","68.1700","41.4100","-3.5500","3.8900","46.5900","50.6000","7374.0000","5440.0000","7789.0000","6868.0000","59.0000","0.0691","392.0800","1.1200","2103.8600"
"WFC PRC","WFC","","11","11/27/2024","","","0.2700","4.3800","20.1900","16.0500","c425","17.6200","1.5700","-2.5700","17.7900","18.9900","-0.9400","-7.2000","16.8500","20.7000","15.8900","21.1800","57.0000","17.5200","0.6700","-3.1800","51.3800","59.3900","70.0600","43.4600","-2.6700","1.4700","44.3500","59.3100","-3.6600","1.6300","48.0300","73.0800","74313.0000","67691.0000","92706.0000","78236.0000","77.1500","0.0625","416.4500","1.1200","2103.8600"
"WFC PRD","WFC","","11","11/27/2024","","","0.2700","4.2500","19.8900","15.5600","c425","17.1400","1.5800","-2.7500","17.3500","18.5100","-1.1900","-7.4100","16.3800","20.2600","15.4700","20.8000","57.0000","17.0400","0.6600","-3.2200","52.6000","60.2700","70.3000","43.9900","-2.8500","1.4800","45.9100","59.2200","-3.7600","1.5700","49.3400","73.6800","90959.0000","92495.0000","111511.0000","98322.0000","77.1500","0.0624","418.9900","1.1200","2103.8600"
"WFC PRY","WFC","","11","11/27/2024","","","0.3500","5.6300","25.3600","21.1900","c550","23.2300","2.0400","-2.1300","23.1100","23.9600","0.5300","-3.0400","21.9200","25.3600","21.0800","25.3600","57.0000","23.1000","1.1800","-2.2600","44.2400","41.9200","57.9500","31.4400","-2.2600","1.9100","40.7800","55.3700","-2.2600","2.0200","29.6700","69.2000","44136.0000","44057.0000","66811.0000","51668.0000","77.1500","0.0609","374.6700","1.1200","2103.8600"
"WFC PRZ","WFC","","11","11/27/2024","","","0.3000","4.7500","21.8000","17.4900","c475","19.0800","1.5900","-2.7200","19.2800","20.2800","-1.0400","-5.9300","18.2200","22.0100","17.3300","22.2900","57.0000","18.9700","0.7500","-3.0400","51.8700","54.0500","68.1600","41.6300","-2.8300","1.4800","45.7400","59.2200","-3.3200","1.6400","43.5700","72.9900","168452.0000","162979.0000","254999.0000","195477.0000","77.1500","0.0626","409.4600","1.1200","2103.8600"
"WRB PRE","WRB","BB","11.5","12/13/2024","","","0.3600","5.7000","25.5900","21.7700","c550","22.5200","0.7500","-3.0700","22.0400","23.6200","2.1800","-4.6800","20.4300","25.3200","20.4300","25.6800","73.0000","22.4500","2.0200","-2.8700","36.2300","48.8000","38.0100","39.4100","-3.1400","0.6800","48.4300","66.3800","-3.2300","2.0200","42.3900","69.2000","10043.0000","12756.0000","12539.0000","11779.0000","73.1600","0.0635","382.2400","1.1200","2103.8600"
"WRB PRF","WRB","BB","11.5","12/13/2024","","","0.3200","5.1000","24.5100","18.9300","c500","20.1800","1.2500","-4.3300","19.7700","21.3000","2.0900","-5.2800","19.0000","24.2400","18.7900","24.5400","73.0000","20.1200","1.1200","-4.1200","36.6700","51.3200","59.3800","55.7500","-4.3900","1.1900","59.3000","61.8100","-4.4200","1.3300","58.0000","76.0700","19949.0000","21920.0000","16023.0000","19297.0000","73.1600","0.0634","406.5200","1.1200","2103.8600"
"WRB PRG","WRB","BB","11.5","12/13/2024","","","0.2700","4.2500","21.2500","17.3500","c425","16.4900","-0.8600","-4.7600","16.7400","18.4000","-1.4900","-10.3900","15.8200","20.6500","15.8200","22.2900","73.0000","16.4400","0.6200","-4.2100","54.0600","72.7800","71.2500","56.9300","-4.8100","-0.9100","62.9600","80.6000","-5.8500","0.6200","76.7500","83.1300","7596.0000","8350.0000","9102.0000","8350.0000","73.1600","0.0646","459.6400","1.1200","2103.8600"
"WRB PRH","WRB","BB","11.5","12/13/2024","","","0.2600","4.1300","20.8500","15.6000","c400","16.1000","0.5000","-4.7500","16.4400","17.9900","-2.0600","-10.4900","15.4400","20.6100","15.4000","21.1500","73.0000","16.0500","0.6100","-4.5600","56.8200","73.2000","71.4800","61.5000","-4.8000","0.4500","62.8700","68.4300","-5.1000","0.6500","66.9200","82.8400","13145.0000","17440.0000","33636.0000","21407.0000","73.1600","0.0643","455.1900","1.1200","2103.8600"
