PREF IBKR,PREF YF,CMON,FF-FR_,BOND_,CRDT SCORE_,EX-DIV DATE,CALL DATE,MATUR DATE,DIV AMOUNT,COUPON,Aug2022_Price,Oct19_Price,CMON OUTS SHARES,CMON SECTOR,LAST PRICE,TIME TO DIV,DIV ADJ.PRICE,Unnamed: 18,Unnamed: 19,Unnamed: 20,Unnamed: 21,Last Price,Oct19_diff,Aug2022_diff,SMA88,SMA268,SMA88 chg,SMA268 chg,6M Low,6M High,1Y Low,1Y High,Div adj.price,6M_Low_diff,6M_High_diff,SMA88_chg_norm,SMA268_chg_norm,6M_Low_diff_norm,6M_High_diff_norm,1Y_High_diff,1Y_Low_diff,1Y_High_diff_norm,1Y_Low_diff_norm,ADV_6M,ADV_3M,ADV_15D,AVG_ADV
ABLLL,ABLLL,ABL,,BB,8.0,05/13/2025,2/15/2027,11/15/2028,0.62,9.88%,,,95.62,Insurance,,44.0,,,,,,24.79,,,25.5,26.19,-2.79,-5.35,20.52,38.5,20.52,38.5,24.47,3.95,-14.03,60.201578,65.562701,39.147287,,-14.03,3.95,,64.140753,11349,12656,13749,12585
ABR PRD,ABR-D,ABR,,,8.0,06/17/2025,6/2/2026,NONE,0.4,6.38%,21.35,16.6,192.08,Reit,,79.0,,,,,,17.61,1.01,-3.74,17.53,18.27,0.48,-3.64,16.75,19.98,15.9,19.98,17.56,0.81,-2.42,48.737949,59.278824,78.093023,34.856397,-2.42,1.66,34.010088,79.13257,14645,14263,9123,12677
ABR PRE,ABR-E,ABR,,,8.0,06/17/2025,8/11/2026,NONE,0.39,6.25%,21.35,16.6,192.08,Reit,,79.0,,,,,,17.25,0.65,-4.1,17.14,18.08,0.63,-4.57,16.3,20.6,16.0,20.94,17.2,0.9,-3.4,48.212095,62.696371,76.976744,45.091384,-3.74,1.2,47.326608,82.144026,7809,9423,4678,7303
ABR PRF,ABR-F,ABR,NFF,,8.0,07/11/2025,10/30/2026,NONE,0.39,6.25%,,,192.08,Reit,,13.0,,,,,,20.4,,,21.12,20.61,-3.41,-1.04,19.19,23.3,17.15,23.3,20.07,0.88,-3.23,62.37511,49.724391,77.224806,43.315927,-3.23,2.92,42.181589,70.883797,19810,15554,11504,15623
ACR PRC,ACR-C,ACR,FF,,8.0,07/01/2025,7/30/2024,NONE,0.64,8.63%,,,7.39,Reit,,3.0,,,,,,25.32,,,24.85,24.89,1.87,1.74,22.61,25.53,20.85,25.53,24.7,2.09,-0.83,43.865031,39.508498,62.217054,18.250653,-0.83,3.85,17.969735,64.795417,7698,6054,4256,6003
ACR PRD,ACR-D,ACR,,,8.0,07/01/2025,5/21/2026,NONE,0.49,7.88%,20.5,18.57,7.39,Reit,,3.0,,,,,,22.45,3.88,1.95,21.31,22.18,5.36,1.22,18.12,23.48,17.69,24.49,21.98,3.86,-1.5,31.630149,41.419384,40.263566,25.248042,-2.51,4.29,34.918033,61.914894,6399,8442,6008,6950
AGNCL,AGNCL,AGNC,FF,,8.0,07/01/2025,10/15/2027,NONE,0.48,7.75%,,,1020.48,Reit,,3.0,,,,,,25.16,,,24.97,24.71,0.74,1.8,22.84,26.59,19.78,26.59,24.7,1.86,-1.89,47.826468,39.288011,65.069767,29.321149,-1.89,4.92,28.663304,57.790507,14240,12842,12191,13091
AGNCM,AGNCM,AGNC,FF,,8.0,07/01/2025,4/15/2024,NONE,0.56,6.88%,,,1020.48,Reit,,3.0,,,,,,25.34,,,24.81,25.07,2.15,1.09,23.01,25.6,20.47,25.85,24.8,1.79,-0.8,42.883436,41.897106,65.937984,17.937337,-1.05,4.33,20.189155,61.653028,14303,15915,12162,14127
AGNCN,AGNCN,AGNC,FF,,8.0,07/01/2025,10/15/2022,NONE,0.61,7.00%,,,1020.48,Reit,,3.0,,,,,,25.83,,,25.64,25.7,0.73,0.5,23.63,26.59,23.63,26.59,25.24,1.61,-1.35,47.861525,44.065227,68.170543,23.681462,-1.35,1.61,23.215637,79.459902,22150,22761,14768,19893
AGNCO,AGNCO,AGNC,FF,,8.0,07/01/2025,10/15/2024,NONE,0.6,6.50%,,,1020.48,Reit,,3.0,,,,,,25.71,,,25.35,25.22,1.42,1.92,23.68,25.95,20.85,25.95,25.13,1.45,-0.82,45.442594,38.847037,70.155039,18.146214,-0.82,4.28,17.868852,61.98036,32088,29412,19310,26937
AGNCP,AGNCP,AGNC,FF,,8.0,07/01/2025,4/15/2025,NONE,0.38,6.13%,,,1020.48,Reit,,3.0,,,,,,25.37,,,24.93,24.63,1.76,2.99,23.37,25.48,19.61,25.48,25.0,1.63,-0.48,44.250657,34.915021,67.922481,14.5953,-0.48,5.39,14.43884,54.713584,37633,34331,43033,38332
AHL PRF,AHL-F,-,,,10.0,06/12/2025,11/30/2029,NONE,0.61,7.00%,,,-,-,,74.0,,,,,,24.2,,,,,,,21.28,26.21,21.28,26.21,24.09,2.81,-2.12,,,53.286822,31.723238,-2.12,2.81,30.983607,71.603928,28868,14851,11593,18438
ALL PRB,ALL-B,ALL,FF,,12.5,06/27/2025,1/15/2023,1/15/2053,0.48,5.10%,,,264.67,Insurance,,89.0,,,,,,26.23,,,25.94,26.0,1.1,0.9,25.01,27.0,25.01,27.0,26.22,1.21,-0.78,46.564417,42.595315,73.131783,17.72846,-0.78,1.21,17.465322,82.07856,26238,27897,19148,24428
ALL PRJ,ALL-J,ALL,,,12.0,06/27/2025,7/15/2028,NONE,0.46,7.38%,,25.29,264.67,Insurance,,89.0,,,,,,26.78,1.48,,26.64,26.98,0.49,-0.78,25.56,27.99,25.15,28.22,26.76,1.2,-1.23,48.702892,48.768948,73.255814,22.428198,-1.46,1.61,24.325347,79.459902,35944,33704,24020,31223
ALTG PRA,ALTG-A,ALTG,,,8.0,07/11/2025,12/22/2025,NONE,0.63,10.00%,26.75,25.75,33.19,Rental&leasingservices,,13.0,,,,,,25.11,-0.64,-1.64,24.85,25.39,1.04,-1.09,23.05,26.25,23.05,27.0,24.57,1.52,-1.68,46.774759,49.90813,69.286822,27.127937,-2.43,1.52,34.110971,80.0491,2261,2897,2501,2553
ANG PRB,ANG-B,-,FF,,9.0,05/16/2025,9/1/2025,NONE,0.41,6.63%,,,-,-,,47.0,,,,,,25.11,,,25.05,25.02,0.24,0.36,24.76,25.9,22.0,25.9,24.91,0.15,-0.99,49.579316,44.579697,86.27907,19.921671,-0.99,2.91,19.583859,70.949264,38691,57962,15385,37346
ANG PRD,ANG-D,-,,,9.0,06/30/2025,1/15/2030,,0.49,7.38%,,,-,-,,2.0,,,,,,25.75,,,,,,,23.54,26.54,23.54,26.54,25.27,1.73,-1.27,,,66.682171,22.845953,-1.27,1.73,22.408575,78.674304,39415,24415,14071,25967
AOMN,AOMN,AOMR,,BB,8.0,07/14/2025,7/30/2026,7/30/2029,0.59,9.50%,,,23.50,Reit,,16.0,,,,,,25.01,,,,,,,23.6,26.09,23.6,26.1,24.52,0.92,-1.57,,,76.728682,25.979112,-1.58,0.92,25.535939,83.977087,8057,7085,3729,6291
APOS,APOS,APO,NFF,,13.0,05/30/2025,12/15/2028,9/15/2053,0.48,7.63%,,,571.72,Assetmanagement,,61.0,,,,,,26.45,,,26.34,26.71,0.42,-0.96,24.89,27.61,24.89,27.77,26.3,1.41,-1.31,48.948291,49.430409,70.651163,23.263708,-1.47,1.41,24.42623,80.769231,28907,34886,30702,31498
AQNB,AQNB,AQN,FF,,9.0,06/13/2025,7/1/2024,7/1/2079,0.55,6.20%,,,789.65,Utilities,,75.0,,,,,,25.29,,,25.4,25.48,-0.45,-0.75,24.59,26.09,22.71,26.5,25.2,0.61,-0.89,51.998247,48.658705,80.573643,18.877285,-1.3,2.49,22.711223,73.698854,22602,26756,27296,25551
ARGD,ARGD,-,,BB,9.5,05/30/2025,9/15/2017,9/15/2042,0.41,6.50%,24.35,21.31,-,-,,61.0,,,,,,20.19,-1.12,-4.16,20.58,21.61,-1.89,-6.59,19.19,22.71,19.19,24.24,20.06,0.87,-2.65,57.04645,70.11943,77.348837,37.258486,-4.18,0.87,51.765448,84.304419,7061,6626,6414,6700
ARGO PRA,ARGO-A,-,NFF,,8.5,05/27/2025,9/15/2025,NONE,0.44,7.00%,,,-,-,,58.0,,,,,,25.07,,,25.04,24.94,0.11,0.5,24.59,25.36,20.76,25.49,24.91,0.32,-0.45,50.035057,44.065227,84.170543,14.281984,-0.58,4.15,15.447667,62.831424,16923,16991,16801,16905
ARR PRC,ARR-C,ARR,,,8.0,05/15/2025,1/28/2025,,0.15,7.00%,22.6,18.06,81.90,Reit,,46.0,,,,,,20.84,2.78,-1.76,20.94,21.64,-0.47,-3.69,19.27,23.58,17.85,23.58,20.77,1.5,-2.81,52.068361,59.462563,69.534884,38.929504,-2.81,2.92,37.944515,70.883797,10265,9570,8564,9466
ASBA,ASBA,ASB,NFF,,11.0,05/15/2025,3/1/2028,3/1/2033,0.41,6.63%,,,165.95,Regionalbank,,46.0,,,,,,24.05,,,24.1,24.17,-0.2,-0.5,22.99,25.3,18.82,25.3,23.85,0.86,-1.45,51.121823,47.740009,77.472868,24.725849,-1.45,5.03,24.224464,57.070376,17084,13954,10815,13951
ATCO PRD,ATCO-D,-,,,8.0,07/25/2025,1/30/2018,NONE,0.5,7.95%,25.27,23.86,-,-,,27.0,,,,,,25.33,1.47,0.06,25.04,25.1,1.16,0.91,24.14,25.98,22.04,25.98,24.98,0.84,-1.0,46.354075,42.558567,77.72093,20.02611,-1.0,2.94,19.684741,70.752864,4669,6000,9795,6821
ATCO PRH,ATCO-H,-,,,8.0,07/25/2025,8/11/2021,NONE,0.49,7.88%,24.95,22.38,-,-,,27.0,,,,,,25.4,3.03,0.46,24.86,24.93,2.2,1.91,23.78,25.49,21.36,25.49,25.07,1.29,-0.42,42.708151,38.883785,72.139535,13.968668,-0.42,3.71,13.833544,65.711948,11610,14110,24558,16760
ATCOL,ATCOL,-,,,8.0,07/15/2025,5/13/2023,10/30/2027,0.45,7.13%,,,-,-,,17.0,,,,,,25.28,,,24.95,25.03,1.34,1.03,22.45,25.45,22.45,25.9,24.93,2.48,-0.52,45.72305,42.117593,57.379845,15.013055,-0.97,2.48,19.382093,73.764321,2017,2501,2387,2302
ATH PRA,ATH-A,-,NFF,,11.5,06/13/2025,6/30/2029,NONE,0.4,6.35%,,,-,-,,75.0,,,,,,24.52,,,24.16,24.56,1.47,-0.16,21.6,25.71,19.81,25.71,24.45,2.85,-1.26,45.267309,46.490583,52.790698,22.741514,-1.26,4.64,22.307692,59.623568,37535,35797,37532,36955
ATH PRC,ATH-C,-,NFF,,11.5,06/13/2025,9/30/2025,NONE,0.4,6.38%,,,-,-,,75.0,,,,,,24.98,,,25.1,25.11,-0.48,-0.53,24.24,25.46,22.56,25.64,24.91,0.67,-0.55,52.103418,47.850253,79.829457,15.326371,-0.73,2.35,16.960908,74.615385,64800,73512,115626,84646
ATH PRE,ATH-E,-,NFF,,11.5,06/13/2025,12/30/2027,NONE,0.48,7.75%,,,-,-,,75.0,,,,,,25.85,,,25.65,26.2,0.76,-1.32,24.17,27.5,23.61,27.5,25.77,1.6,-1.73,47.756354,50.75333,68.294574,27.650131,-1.73,2.16,27.04918,75.859247,22061,24127,36425,27537
ATHS,ATHS,-,NFF,,12.0,06/12/2025,3/30/2029,3/30/2064,0.45,7.25%,,,-,-,,74.0,,,,,,25.19,,,25.11,25.34,0.31,-0.58,24.01,26.25,24.01,26.25,25.11,1.1,-1.14,49.333918,48.033992,74.496124,21.488251,-1.14,1.1,21.0971,82.798691,45125,43328,33908,40787
ATLCL,ATLCL,ATLC,,,8.0,07/11/2025,10/2/2026,12/31/2026,0.38,6.13%,24.52,21.61,15.11,Creditservices,,13.0,,,,,,24.09,2.48,-0.43,24.09,23.67,-0.01,1.79,23.29,24.76,20.62,24.76,23.76,0.47,-1.0,50.455741,39.324759,82.310078,20.02611,-1.0,3.14,19.684741,69.443535,5323,6337,6191,5950
ATLCP,ATLCP,ATLC,,,8.0,05/30/2025,6/11/2026,NONE,0.48,7.63%,24.15,20.61,15.11,Creditservices,,61.0,,,,,,22.05,1.44,-2.1,22.95,23.04,-3.92,-4.28,21.66,24.5,18.51,24.8,21.9,0.24,-2.6,64.163015,61.630684,85.162791,36.736292,-2.9,3.39,38.852459,67.806874,4366,4449,7353,5390
ATLCZ,ATLCZ,ATLC,,BB,8.0,07/01/2025,1/31/2028,1/31/2029,0.58,9.25%,,,15.11,Creditservices,,3.0,,,,,,25.04,,,25.02,25.01,0.07,0.14,23.4,25.5,23.4,25.5,24.48,1.08,-1.02,50.175285,45.388149,74.744186,20.234987,-1.02,1.08,19.886507,82.929624,23219,18208,15925,19117
AUB PRA,AUB-A,AUB,,,8.0,05/16/2025,9/1/2025,NONE,0.43,6.88%,26.14,19.25,142.37,Regionalbank,,47.0,,,,,,24.7,4.7,-2.19,24.26,24.34,-1.29,-1.6,22.86,25.93,19.21,25.93,23.74,0.88,-2.19,54.943032,51.782269,77.224806,32.454308,-2.19,4.53,31.689786,60.343699,13976,10563,10517,11685
BAC PRE,BAC-E,BAC,FLR,,11.0,07/25/2025,11/15/2011,NONE,0.31,4.00%,,,7537.21,Bank,,27.0,,,,,,22.11,,,22.28,23.47,-0.74,-5.79,20.81,25.5,19.52,25.5,21.89,1.08,-3.61,53.014899,67.179605,74.744186,47.284595,-3.61,2.37,46.015132,74.484452,18102,22981,23632,21572
BANC PRF,BANC-F,BANC,NFF,,8.0,05/19/2025,9/1/2027,NONE,0.49,7.75%,,,169.33,Regionalbank,,50.0,,,,,,24.64,,,24.7,24.42,-0.24,0.91,23.39,25.6,21.0,25.6,24.42,1.03,-1.18,51.262051,42.558567,75.364341,21.906005,-1.18,3.42,21.500631,67.610475,43389,31300,19323,31337
BANFP,BANFP,BANF,,TP,8.0,06/27/2025,3/21/2009,3/31/2034,0.45,7.20%,27.53,27.0,33.23,Regionalbank,,89.0,,,,,,26.06,-0.94,-1.47,26.04,25.85,0.07,0.79,25.45,29.45,24.7,29.45,26.05,0.6,-3.4,50.175285,42.999541,80.697674,45.091384,-3.4,1.35,43.896595,81.162029,582,404,184,390
BC PRA,BC-A,BC,,BB,11.5,06/29/2025,10/15/2023,10/15/2048,0.4,6.50%,26.22,22.5,65.69,Consumercyclical,,1.0,,,,,,23.94,1.44,-2.28,23.73,24.42,0.9,-1.98,22.58,25.43,22.09,25.92,23.54,0.96,-1.89,47.265557,53.178686,76.232558,29.321149,-2.38,1.45,33.606557,80.507365,7887,8730,10766,9128
BC PRC,BC-C,BC,,BB,11.5,06/29/2025,4/15/2024,4/15/2049,0.39,6.38%,25.99,22.33,65.69,Consumercyclical,,1.0,,,,,,24.01,1.68,-1.98,23.4,24.3,2.63,-1.2,22.0,25.43,21.76,25.77,23.62,1.62,-1.81,41.200701,50.312356,68.046512,28.48564,-2.15,1.86,31.286255,77.823241,13151,14880,15672,14568
BK PRK,BK-K,BK,NFF,,12.5,06/05/2025,3/20/2030,NONE,0.41,6.15%,,,715.58,Bank,,67.0,,,,,,25.55,,,,,,,24.54,25.83,24.54,25.83,25.45,0.91,-0.38,,,76.852713,13.550914,-0.38,0.91,13.430013,84.042553,202605,202605,59621,154944
BML PRG,BML-G,BAC,FLR,,11.0,05/15/2025,11/28/2009,NONE,0.33,3.00%,,,7537.21,Bank,,46.0,,,,,,20.5,,,21.54,22.32,-4.82,-8.16,20.25,23.5,19.66,23.68,20.34,0.09,-3.16,67.318142,75.888838,87.023256,42.584856,-3.34,0.68,43.291299,85.548282,5740,4102,5904,5248
BML PRH,BML-H,BAC,FLR,,11.0,05/15/2025,11/28/2009,NONE,0.32,3.00%,,,7537.21,Bank,,46.0,,,,,,20.02,,,21.37,22.22,-6.3,-9.9,19.73,23.45,19.05,23.45,19.86,0.13,-3.59,72.506573,82.282958,86.527132,47.075718,-3.59,0.81,45.813367,84.697218,16355,17057,26082,19831
BML PRJ,BML-J,BAC,FLR,,11.0,05/15/2025,11/21/2010,NONE,0.33,4.00%,,,7537.21,Bank,,46.0,,,,,,21.83,,,22.52,23.11,-3.07,-5.53,20.7,24.55,20.0,24.69,21.67,0.97,-2.88,61.183173,66.224162,76.108527,39.660574,-3.02,1.67,40.063052,79.067103,16596,16107,10668,14457
BML PRL,BML-L,BAC,FLR,,11.0,07/01/2025,5/21/2010,NONE,0.32,4.00%,,,7537.21,Bank,,3.0,,,,,,20.49,,,21.76,22.85,-5.83,-10.35,19.8,24.75,19.65,24.77,20.18,0.38,-4.57,70.858896,83.93661,83.426357,57.310705,-4.59,0.53,55.901639,86.530278,21988,22174,39338,27833
BOH PRB,BOH-B,BOH,,,9.5,07/14/2025,8/1/2029,NONE,0.5,8.00%,,,39.66,Regionalbank,,16.0,,,,,,26.05,,,,,,,24.81,27.13,24.81,27.13,25.64,0.83,-1.49,,,77.844961,25.143603,-1.49,0.83,24.627995,84.566285,20258,17905,17138,18433
BPOPM,BPOPM,BPOP,,TP,7.0,05/15/2025,12/1/2009,12/1/2034,0.13,6.13%,27.2,24.51,69.37,Regionalbank,,46.0,,,,,,25.09,0.58,-2.11,25.37,25.49,-1.09,-1.59,24.53,26.09,24.38,26.25,25.03,0.5,-1.06,54.241893,51.745521,81.937984,20.652742,-1.22,0.65,21.904161,85.744681,2075,2099,3468,2547
C PRN,C-N,C,FF,,10.0,07/25/2025,10/30/2015,10/30/2040,0.68,7.88%,,,1868.19,Bank,,27.0,,,,,,29.68,,,29.72,29.93,-0.12,-0.84,28.36,31.34,27.82,31.34,29.2,0.84,-2.14,50.841367,48.989435,77.72093,31.932115,-2.14,1.38,31.185372,80.96563,105730,119248,119338,114772
CCIA,CCIA,CCIF,,Term,8.0,05/19/2025,10/31/2025,10/31/2028,0.18,8.75%,,,15.39,Cef,,50.0,,,,,,25.55,,,25.62,25.8,-0.26,-0.96,25.0,27.79,24.1,27.79,25.47,0.47,-2.32,51.332165,49.430409,82.310078,33.81201,-2.32,1.37,33.001261,81.031097,4384,5250,4993,4875
CFG PRH,CFG-H,CFG,,,10.5,06/20/2025,7/6/2029,NONE,0.46,7.38%,,,433.40,Regionalbank,,82.0,,,,,,25.94,,,26.15,26.41,-0.8,-1.79,24.95,27.69,24.95,27.69,25.9,0.95,-1.79,53.225241,52.480478,76.356589,28.276762,-1.79,0.95,27.654477,83.780687,29055,26577,27358,27663
CGBDL,CGBDL,CGBD,,,8.0,05/15/2025,,,0.51,,,,72.90,Assetmanagement,,46.0,,,,,,25.53,,,25.65,25.67,-0.48,-0.53,25.05,26.66,25.05,26.66,25.28,0.23,-1.38,52.103418,47.850253,85.286822,23.994778,-1.38,0.23,23.518285,88.494272,8356,5879,5685,6640
CHMI PRA,CHMI-A,CHMI,,,8.0,06/27/2025,8/17/2022,NONE,0.51,8.20%,22.65,19.6,32.66,Reit,,89.0,,,,,,20.95,1.35,-1.7,21.43,22.63,-2.24,-7.41,19.2,24.4,17.75,25.0,20.94,1.74,-3.46,58.273444,73.132751,66.55814,45.718016,-4.06,3.19,50.554855,69.116203,2769,2541,2846,2718
CHMI PRB,CHMI-B,CHMI,FF,,8.0,06/27/2025,4/5/2024,NONE,0.64,8.25%,,,32.66,Reit,,89.0,,,,,,23.97,,,24.09,24.56,-0.52,-2.38,22.23,25.1,20.2,25.6,23.96,1.73,-1.14,52.243646,54.648599,66.682171,21.488251,-1.64,3.76,26.141236,65.384615,4331,3557,1503,3130
CHSCL,CHSCL,-,,,8.0,06/13/2025,1/21/2025,NONE,0.47,7.50%,27.3,25.07,-,-,,75.0,,,,,,25.39,0.32,-1.91,25.71,25.87,-1.25,-1.85,25.31,26.42,24.92,26.63,25.31,0.0,-1.11,54.802805,52.700965,88.139535,21.174935,-1.32,0.39,22.912989,87.446809,22220,23162,19477,21620
CHSCM,CHSCM,-,,,8.0,06/13/2025,9/30/2024,NONE,0.42,6.75%,26.4,24.05,-,-,,75.0,,,,,,24.04,-0.01,-2.36,24.75,25.1,-2.85,-4.22,23.8,25.97,23.51,26.19,23.97,0.17,-2.0,60.411919,61.410198,86.031008,30.469974,-2.22,0.46,31.992434,86.988543,18378,18299,21540,19405
CHSCN,CHSCN,-,,,8.0,06/13/2025,3/31/2024,NONE,0.44,7.10%,26.3,24.62,-,-,,75.0,,,,,,24.63,0.01,-1.67,25.2,25.52,-2.26,-3.49,24.37,26.39,24.37,26.9,24.56,0.19,-1.83,58.343558,58.727607,85.782946,28.694517,-2.34,0.19,33.203026,88.756137,14314,14813,22469,17199
CHSCO,CHSCO,-,,,8.0,06/13/2025,9/26/2023,NONE,0.49,7.88%,28.31,25.64,-,-,,75.0,,,,,,26.1,0.46,-2.21,26.43,26.69,-1.24,-2.21,25.6,27.4,25.46,27.73,26.02,0.42,-1.38,54.767748,54.023886,82.930233,23.994778,-1.71,0.56,26.847415,86.333879,18105,18915,27634,21551
CICB,CICB,CION,,,8.0,06/12/2025,12/30/2026,12/30/2029,0.47,7.50%,,,52.69,Assetmanagement,,74.0,,,,,,24.69,,,,,,,24.32,163.1,24.32,163.1,24.61,0.29,-138.49,,,84.542636,,-138.49,0.29,,88.101473,17029,7776,6089,10298
CIM PRB,CIM-B,CIM,FF,,8.0,06/02/2025,3/30/2024,NONE,0.65,8.00%,,,80.92,Reit,,64.0,,,,,,24.92,,,24.36,24.75,2.31,0.69,21.6,25.59,19.64,25.59,24.73,3.13,-0.86,42.322524,43.367019,49.317829,18.563969,-0.86,5.09,18.272383,56.677578,26209,33505,23464,27726
CIM PRC,CIM-C,CIM,NFF,,8.0,06/02/2025,9/30/2025,NONE,0.48,7.75%,,,80.92,Reit,,64.0,,,,,,22.9,,,22.69,22.86,0.92,0.16,20.26,24.6,17.11,24.6,22.76,2.5,-1.84,47.195443,45.314653,57.131783,28.798956,-1.84,5.65,28.15889,53.011457,17170,15521,10970,14554
CIM PRD,CIM-D,CIM,FF,,8.0,06/02/2025,3/30/2024,NONE,0.64,8.00%,,,80.92,Reit,,64.0,,,,,,24.44,,,24.08,24.47,1.49,-0.12,20.77,25.21,19.6,25.25,24.26,3.49,-0.95,45.197195,46.343592,44.852713,19.503916,-0.99,4.66,19.583859,59.492635,19854,18792,14190,17612
CIMN,CIMN,CIM,,BB,8.0,07/30/2025,5/15/2026,5/15/2029,0.56,9.00%,,,80.92,Reit,,32.0,,,,,,25.15,,,24.9,25.14,1.01,0.05,23.62,25.74,23.62,25.85,24.79,1.17,-0.95,46.87993,45.718879,73.627907,19.503916,-1.06,1.17,20.290038,82.340426,9683,8971,6582,8412
CIMO,CIMO,CIM,,,8.0,07/30/2025,8/15/2026,8/15/2029,0.58,9.25%,,,80.92,Reit,,32.0,,,,,,25.43,,,,,,,24.12,25.99,24.12,26.25,25.06,0.94,-0.93,,,76.48062,19.295039,-1.19,0.94,21.601513,83.846154,13154,11111,3401,9222
CMRE PRB,CMRE-B,CMRE,,,8.0,07/10/2025,8/6/2018,NONE,0.48,7.63%,25.18,24.82,119.96,Marineshipping,,12.0,,,,,,25.01,0.19,-0.17,25.32,25.64,-1.23,-2.46,24.02,26.25,22.13,28.16,24.59,0.57,-1.66,54.732691,54.942582,81.069767,26.91906,-3.57,2.46,45.611602,73.895254,1915,2455,2957,2442
CMRE PRC,CMRE-C,CMRE,,,8.0,07/10/2025,1/21/2019,NONE,0.53,8.50%,25.32,25.17,119.96,Marineshipping,,12.0,,,,,,25.98,0.81,0.66,25.85,26.08,0.5,-0.4,25.05,26.94,24.5,27.19,25.52,0.47,-1.42,48.667835,47.372531,82.310078,24.412533,-1.67,1.02,26.443884,83.322422,3359,4018,3468,3615
CMRE PRD,CMRE-D,CMRE,,,8.0,07/10/2025,5/13/2020,NONE,0.55,8.75%,25.83,25.07,119.96,Marineshipping,,12.0,,,,,,26.31,1.24,0.48,26.25,26.31,0.23,0.01,24.54,27.25,24.54,27.29,25.83,1.29,-1.42,49.614373,45.86587,72.139535,24.412533,-1.46,1.29,24.325347,81.554828,3081,2895,1947,2641
CNOBP,CNOBP,CNOB,NFF,,8.0,05/15/2025,9/1/2026,NONE,0.33,5.25%,,,38.47,Regionalbank,,46.0,,,,,,22.87,,,22.53,21.76,1.5,5.1,20.6,23.42,15.62,23.42,22.71,2.11,-0.71,45.162138,27.161231,61.968992,16.997389,-0.71,7.09,16.759142,43.584288,5187,6016,3288,4831
CODI PRA,CODI-A,CODI,,,8.0,06/17/2025,7/30/2022,NONE,0.45,7.25%,25.08,22.03,75.24,Conglomerates,,79.0,,,,,,17.23,-4.8,-7.85,19.42,22.55,-11.29,-23.58,10.88,24.88,10.88,26.06,17.18,6.3,-7.7,90.0,,10.0,90.0,-8.88,6.3,,48.756137,12805,16087,14586,14493
CODI PRB,CODI-B,CODI,FF,,8.0,06/17/2025,4/30/2028,NONE,0.49,7.88%,26.85,23.5,75.24,Conglomerates,,79.0,,,,,,18.59,-4.91,-8.26,20.31,22.98,-8.47,-19.12,12.75,24.6,12.75,26.5,18.53,5.78,-6.07,80.113935,,16.449612,72.976501,-7.97,5.78,90.0,52.160393,45964,54528,43164,47885
CODI PRC,CODI-C,CODI,FF,,8.0,06/17/2025,1/30/2025,NONE,0.49,7.88%,25.79,23.89,75.24,Conglomerates,,79.0,,,,,,18.6,-5.29,-7.19,20.39,23.05,-8.78,-19.32,12.44,25.18,12.44,25.91,18.54,6.1,-6.64,81.200701,,12.48062,78.929504,-7.37,6.1,83.947037,50.065466,46935,55191,48129,50085
CRBD,CRBD,CRBG,,,11.0,05/30/2025,12/15/2029,12/15/2064,0.4,6.38%,,,550.13,Assetmanagement,,61.0,,,,,,23.13,,,,,,,19.76,31.75,19.76,31.75,23.0,3.24,-8.75,,,47.953488,,-8.75,3.24,,68.788871,103303,50039,50047,67796
CSWCZ,CSWCZ,CSWC,,BB,8.0,07/15/2025,8/1/2025,8/1/2028,0.48,7.75%,,25.05,50.37,Assetmanagement,,17.0,,,,,,25.59,0.54,,25.55,25.7,0.16,-0.43,25.03,26.19,24.79,26.48,25.2,0.17,-0.99,49.859772,47.482774,86.031008,19.921671,-1.28,0.41,22.509458,87.315876,3280,3351,2069,2900
CUBI PRE,CUBI-E,CUBI,FF,,8.0,05/30/2025,6/15/2021,NONE,0.61,6.45%,,,31.54,Regionalbank,,,,,,,,,,,,,,,,,,,,,,,,,,,,,,,,,
CUBI PRF,CUBI-F,CUBI,FF,,8.0,05/30/2025,12/14/2021,NONE,0.59,6.00%,,,31.54,Regionalbank,,61.0,,,,,,25.62,,,25.44,25.4,0.73,0.88,23.9,25.99,22.2,25.99,25.43,1.53,-0.56,47.861525,42.66881,69.162791,15.430809,-0.56,3.23,15.245902,68.854337,4470,5061,5840,5124
DBRG PRH,DBRG-H,DBRG,,,8.0,07/10/2025,4/15/2020,NONE,0.45,7.13%,24.5,21.28,176.33,Assetmanagement,,12.0,,,,,,20.86,-0.42,-3.64,22.55,23.7,-7.5,-11.98,20.2,25.45,18.88,25.8,20.47,0.27,-4.98,76.713409,89.926504,84.790698,61.592689,-5.33,1.59,63.366961,79.590835,11153,13945,11017,12038
DBRG PRI,DBRG-I,DBRG,,,8.0,07/10/2025,6/5/2022,NONE,0.45,7.15%,24.3,20.8,176.33,Assetmanagement,,12.0,,,,,,21.03,0.24,-3.26,22.58,23.72,-6.84,-11.31,20.3,25.63,18.59,25.86,20.65,0.35,-4.98,74.399649,87.464401,83.79845,61.592689,-5.21,2.06,62.156368,76.513912,23795,33792,32845,30144
DBRG PRJ,DBRG-J,DBRG,,,8.0,07/10/2025,9/22/2022,NONE,0.45,7.13%,24.72,21.0,176.33,Assetmanagement,,12.0,,,,,,20.79,-0.21,-3.93,22.42,23.57,-7.26,-11.78,20.3,25.34,18.72,25.66,20.4,0.1,-4.94,75.872042,89.191548,86.899225,61.174935,-5.26,1.68,62.660782,79.001637,23326,30651,23551,25843
DCOMG,DCOMG,DCOM,NFF,,10.0,06/30/2025,7/15/2029,7/15/2034,0.56,9.00%,,,43.64,Regionalbank,,2.0,,,,,,26.94,,,,,,,24.25,27.64,24.25,27.64,26.39,2.14,-1.25,,,61.596899,22.637076,-1.25,2.14,22.20681,75.99018,5622,7369,769,4586
DDT,DDT,DDS,,TP,10.5,07/11/2025,8/12/2003,8/1/2038,0.47,7.50%,27.0,25.4,15.68,Departmentstores,,13.0,,,,,,25.91,0.51,-1.09,25.95,25.89,-0.14,0.08,24.39,26.55,24.39,26.59,25.51,1.12,-1.04,50.911481,45.608636,74.248062,20.443864,-1.08,1.12,20.491803,82.667758,7300,8402,5547,7083
DRH PRA,DRH-A,DRH,,,8.0,06/20/2025,8/31/2025,NONE,0.52,8.25%,27.0,24.87,205.53,Reit,,82.0,,,,,,24.98,0.11,-2.02,25.05,25.35,-0.26,-1.48,23.51,26.26,23.51,27.54,24.93,1.42,-1.33,51.332165,51.341295,70.527132,23.472585,-2.61,1.42,35.92686,80.703764,8284,8300,3248,6611
DSX PRB,DSX-B,DSX,,,8.0,07/10/2025,3/14/2019,NONE,0.56,8.88%,25.8,25.16,115.77,Marineshipping,,12.0,,,,,,26.53,1.37,0.73,26.19,26.26,1.31,1.03,23.88,27.75,23.88,27.75,26.04,2.16,-1.71,45.828221,42.117593,61.348837,27.441253,-1.71,2.16,26.847415,75.859247,1830,1801,1897,1843
DX PRC,DX-C,DX,NFF,,8.0,06/27/2025,4/25/2025,NONE,0.43,6.90%,,,107.00,Reit,,89.0,,,,,,25.72,,,25.46,25.24,1.01,1.9,24.56,25.76,21.48,25.76,25.72,1.16,-0.04,46.87993,38.920533,73.751938,10.0,-0.04,4.24,10.0,62.242226,10405,13588,6175,10056
ECC PRD,ECC-D,ECC,,,8.0,05/12/2025,11/29/2026,NONE,0.14,6.75%,23.19,19.6,120.18,Cef,,43.0,,,,,,19.47,-0.13,-3.72,19.28,19.55,1.01,-0.42,18.08,20.42,18.08,21.45,19.4,1.32,-1.02,46.87993,47.446027,71.767442,20.234987,-2.05,1.32,30.277427,81.358429,26289,16439,11878,18202
ECCC,ECCC,ECC,,,8.0,05/12/2025,6/16/2024,6/30/2031,0.14,6.50%,24.15,20.52,120.18,Cef,,43.0,,,,,,23.28,2.76,-0.87,22.78,22.91,2.21,1.63,21.87,24.89,20.24,24.89,23.21,1.34,-1.68,42.673094,39.912724,71.51938,27.127937,-1.68,2.97,26.544767,70.556465,3495,3771,3353,3539
ECCF,ECCF,ECC,,Term,8.0,05/12/2025,1/18/2026,1/31/2029,0.17,8.00%,,,120.18,Cef,,43.0,,,,,,25.0,,,24.87,24.93,0.52,0.3,24.03,25.5,24.03,25.55,24.91,0.88,-0.59,48.597721,44.800184,77.224806,15.744125,-0.64,0.88,16.052963,84.238953,5477,4623,4361,4821
ECCU,ECCU,ECC,,,8.0,05/12/2025,6/30/2027,4/30/2030,0.15,7.75%,,,120.18,Cef,,43.0,,,,,,24.68,,,,,,,23.89,25.45,23.89,25.45,24.6,0.71,-0.85,,,79.333333,18.45953,-0.85,0.71,18.171501,85.351882,17000,15909,7070,13326
ECCV,ECCV,ECC,,BB,8.0,06/13/2025,1/31/2025,1/31/2029,0.34,5.38%,22.84,21.11,120.18,Cef,,75.0,,,,,,23.07,1.96,0.23,22.96,22.9,0.48,0.76,21.94,23.53,21.03,23.53,23.01,1.07,-0.52,48.737949,43.109784,74.868217,15.013055,-0.52,1.98,14.842371,77.037643,3081,3679,2004,2921
ECCW,ECCW,ECC,,BB,8.0,06/13/2025,3/29/2024,3/31/2031,0.42,6.75%,24.5,21.9,120.18,Cef,,75.0,,,,,,23.49,1.59,-1.01,23.5,24.11,-0.06,-2.59,22.28,24.9,21.44,25.21,23.42,1.14,-1.48,50.631025,55.420303,74.0,25.039164,-1.79,1.98,27.654477,77.037643,2730,3876,4360,3655
ECCX,ECCX,ECC,,BB,8.0,06/12/2025,4/30/2021,4/30/2028,0.42,6.69%,24.91,23.24,120.18,Cef,,74.0,,,,,,24.56,1.32,-0.35,24.76,24.74,-0.8,-0.71,23.85,26.95,22.7,26.95,24.49,0.64,-2.46,53.225241,48.511713,80.20155,35.274151,-2.46,1.79,34.413619,78.281506,2542,3157,1364,2354
EFC PRA,EFC-A,EFC,FF,,8.0,06/27/2025,10/30/2024,NONE,0.61,6.75%,,,94.36,Reit,,89.0,,,,,,25.24,,,24.95,24.98,1.15,1.02,21.5,25.54,20.77,25.54,25.23,3.73,-0.31,46.389132,42.154341,41.875969,12.819843,-0.31,4.46,12.723834,60.801964,12443,10586,6886,9972
EFC PRB,EFC-B,EFC,NFF,,8.0,06/27/2025,1/30/2027,NONE,0.39,6.25%,,,94.36,Reit,,89.0,,,,,,22.91,,,22.78,22.44,0.58,2.11,20.29,23.75,18.35,23.75,22.91,2.62,-0.84,48.387379,38.148829,55.643411,18.355091,-0.84,4.56,18.070618,60.1473,5567,6647,7727,6647
EFC PRC,EFC-C,EFC,NFF,,8.0,06/27/2025,4/30/2028,,0.54,8.63%,,,94.36,Reit,,89.0,,,,,,25.2,,,24.84,25.02,1.45,0.7,22.68,26.25,21.31,26.25,25.19,2.51,-1.06,45.337423,43.330271,57.007752,20.652742,-1.06,3.88,20.290038,64.599018,1997,2135,2605,2246
EFC PRD,EFC-D,EFC,,,8.0,06/18/2025,5/12/2022,NONE,0.44,7.00%,,,94.36,Reit,,80.0,,,,,,22.99,,,23.21,23.03,-0.95,-0.19,21.41,27.0,20.24,27.0,22.94,1.53,-4.06,53.751096,46.600827,69.162791,51.984334,-4.06,2.7,50.554855,72.324059,655,555,187,466
EICA,EICA,EIC,,Term,8.0,05/12/2025,10/31/2023,10/30/2026,0.1,5.00%,23.25,22.68,21.14,Cef,,43.0,,,,,,24.38,1.7,1.13,24.21,23.88,0.69,2.09,23.51,24.6,22.29,24.6,24.33,0.82,-0.27,48.001753,38.222324,77.968992,12.402089,-0.27,2.04,12.320303,76.644845,3276,3111,1526,2638
EICB,EICB,EIC,,Term,8.0,05/12/2025,7/31/2025,7/31/2028,0.16,7.75%,,24.42,21.14,Cef,,43.0,,,,,,24.93,0.51,,24.88,24.92,0.19,0.06,23.63,25.24,23.63,25.5,24.85,1.22,-0.39,49.754601,45.682131,73.007752,13.655352,-0.65,1.22,16.153846,82.013093,6354,6607,6159,6373
EICC,EICC,EIC,,Term,8.0,05/12/2025,4/3/2026,4/30/2029,0.17,8.00%,,,21.14,Cef,,43.0,,,,,,25.04,,,25.01,25.02,0.12,0.07,23.75,25.25,23.75,25.45,24.95,1.2,-0.3,50.0,45.645384,73.255814,12.715405,-0.5,1.2,14.640605,82.144026,18485,21729,18618,19610
EIIA,EIIA,-,,,8.0,05/12/2025,10/31/2026,10/31/2029,0.17,8.13%,,,-,-,,43.0,,,,,,24.96,,,,,,,24.37,25.37,24.37,25.37,24.87,0.5,-0.5,,,81.937984,14.804178,-0.5,0.5,14.640605,86.726678,8732,6125,2892,5916
ESGRO,ESGRO,-,,,9.0,05/15/2025,3/1/2024,NONE,0.44,7.00%,25.62,22.5,-,-,,46.0,,,,,,20.1,-2.4,-5.52,20.25,21.01,-0.75,-4.33,18.9,21.3,18.59,25.47,19.88,0.98,-1.42,53.049956,61.814424,75.984496,24.412533,-5.59,1.29,65.989912,81.554828,11966,8586,7159,9237
ESGRP,ESGRP,-,,,9.0,05/15/2025,9/1/2028,NONE,0.44,7.00%,25.18,22.44,-,-,,46.0,,,,,,20.36,-2.08,-4.82,20.77,21.22,-1.96,-4.04,18.52,21.94,18.52,26.12,20.14,1.62,-1.8,57.291849,60.748737,68.046512,28.381201,-5.98,1.62,69.924338,79.394435,26273,19840,15742,20618
ET PRI,ET-I,ETR,,,8.0,08/01/2025,Never,Never,0.21,9.25%,,,430.81,Utilities,,34.0,,,,,,11.3872,,,11.51,11.62,-1.1,-1.99,10.5,12.19,9.28,12.19,11.25,0.75,-0.94,54.27695,53.215434,78.837209,19.399478,-0.94,1.97,19.079445,77.10311,62912,67529,42276,57572
F PRD,F-D,F,,BB,9.0,04/30/2025,8/15/2027,8/15/2062,0.4,6.50%,,20.79,3980.84,Automanufacturers,,31.0,,,,,,22.76,1.96,,22.38,24.23,1.65,-6.11,20.85,26.06,20.1,26.19,22.49,1.64,-3.57,44.636284,68.355535,67.79845,46.866841,-3.7,2.39,46.923077,74.353519,43914,55390,41479,46928
FCRX,FCRX,CCAP,,BB,8.0,05/30/2025,5/25/2023,5/25/2026,0.31,5.00%,,23.25,37.06,Assetmanagement,,61.0,,,,,,24.85,1.6,,24.73,24.5,0.48,1.43,24.22,25.0,22.5,25.0,24.75,0.53,-0.25,48.737949,40.64768,81.565891,12.193211,-0.25,2.25,12.118537,75.270049,7373,9107,14367,10282
FGN,FGN,FG,,BB,11.0,05/30/2025,12/15/2028,12/15/2053,0.5,7.95%,,,134.94,Insurance,,61.0,,,,,,26.65,,,25.81,26.29,3.25,1.38,24.21,27.65,24.21,27.65,26.49,2.28,-1.16,39.027169,40.831419,59.860465,21.697128,-1.16,2.28,21.298865,75.07365,15920,14998,19918,16946
FGSN,FGSN,FG,,,8.5,07/01/2025,1/15/2030,1/15/2065,0.46,7.30%,,,134.94,Insurance,,3.0,,,,,,24.17,,,,,,,20.51,25.02,20.51,25.02,23.73,3.22,-1.29,,,48.20155,23.05483,-1.29,3.22,22.61034,68.919804,22310,22521,16067,20299
FHN PRB,FHN-B,FHN,FF,,8.5,07/17/2025,8/1/2025,NONE,0.42,6.63%,,,506.74,Regionalbank,,19.0,,,,,,25.66,,,25.22,25.1,1.75,2.22,24.42,25.7,20.58,25.77,25.33,0.91,-0.37,44.285714,37.744603,76.852713,13.446475,-0.44,4.75,14.035309,58.903437,7197,8455,21501,12385
FHN PRC,FHN-C,FHN,NFF,,8.5,07/17/2025,5/1/2026,NONE,0.41,6.60%,,,506.74,Regionalbank,,19.0,,,,,,25.19,,,25.06,25.04,0.5,0.61,23.95,25.75,19.11,25.77,24.87,0.92,-0.88,48.667835,43.661001,76.728682,18.772846,-0.9,5.76,18.675914,52.291326,2492,2162,2604,2419
FHN PRE,FHN-E,FHN,,,8.5,06/25/2025,10/10/2025,NONE,0.41,6.50%,,,506.74,Regionalbank,,87.0,,,,,,23.61,,,23.86,24.15,-1.05,-2.23,22.77,25.71,18.19,25.71,23.6,0.83,-2.11,54.101665,54.097382,77.844961,31.618799,-2.11,5.41,30.882724,54.582651,8139,7271,9522,8311
FITBI,FITBI,FITB,,,10.5,06/26/2025,12/31/2023,NONE,0.52,6.63%,,,667.97,Regionalbank,,88.0,,,,,,25.34,,,25.56,25.7,-0.88,-1.38,24.75,26.25,24.11,26.25,25.33,0.58,-0.92,53.505697,50.973817,80.945736,19.190601,-0.92,1.22,18.87768,82.013093,29593,35330,22332,29085
FLG PRA,FLG-A,FLG,NFF,,8.5,06/06/2025,6/17/2027,NONE,0.4,6.38%,,,415.83,Regionalbank,,68.0,,,,,,20.82,,,22.3,21.16,-6.62,-1.62,20.25,24.15,8.5,24.15,20.72,0.47,-3.43,73.628396,51.855765,82.310078,45.4047,-3.43,12.22,44.199243,10.0,35678,39907,46263,40616
FRMEP,FRMEP,FRME,,,8.0,07/28/2025,8/15/2025,NONE,0.47,7.50%,26.0,23.23,58.20,Regionalbank,,30.0,,,,,,25.39,2.16,-0.61,25.33,25.39,0.25,0.02,24.15,25.9,22.79,26.43,25.08,0.93,-0.82,49.544259,45.829123,76.604651,18.146214,-1.35,2.29,23.215637,75.008183,749,991,297,679
GAINI,GAINI,GAIN,,,8.0,07/14/2025,2/1/2027,2/1/2030,0.49,7.88%,,,36.84,Assetmanagement,,16.0,,,,,,25.42,,,,,,,24.6,25.53,24.6,25.53,25.02,0.42,-0.51,,,82.930233,14.908616,-0.51,0.42,14.741488,87.250409,23929,19066,9472,17489
GAINL,GAINL,GAIN,,BB,8.0,07/15/2025,8/1/2025,8/1/2028,0.5,8.00%,,25.07,36.84,Assetmanagement,,17.0,,,,,,25.53,0.46,,25.64,25.75,-0.43,-0.86,25.27,26.25,24.7,27.13,25.12,-0.15,-1.13,51.928133,49.062931,90.0,21.383812,-2.01,0.42,29.873897,87.250409,3161,2995,2586,2914
GAINN,GAINN,GAIN,,BB,8.0,07/11/2025,5/1/2023,5/1/2026,0.31,5.00%,23.85,23.23,36.84,Assetmanagement,,13.0,,,,,,25.0,1.77,1.15,24.89,24.63,0.45,1.49,24.25,25.13,23.0,25.28,24.73,0.48,-0.4,48.84312,40.427193,82.186047,13.759791,-0.55,1.73,15.145019,78.674304,7546,5573,1862,4994
GAINZ,GAINZ,GAIN,,BB,8.0,07/11/2025,11/1/2023,11/1/2028,0.31,4.75%,23.45,21.85,36.84,Assetmanagement,,13.0,,,,,,23.4,1.55,-0.05,23.05,23.22,1.53,0.79,22.21,24.14,21.38,24.76,23.13,0.92,-1.01,45.056968,42.999541,76.728682,20.130548,-1.63,1.75,26.040353,78.543372,3426,3736,3838,3666
GAM PRB,GAM-B,GAM,,,8.0,06/09/2025,9/24/2008,NONE,0.37,5.95%,26.21,24.28,27.06,Cef,,71.0,,,,,,24.79,0.52,-1.41,24.84,25.18,-0.15,-1.52,24.43,26.24,23.74,26.24,24.72,0.29,-1.52,50.946538,51.488287,84.542636,25.456919,-1.52,0.98,24.930643,83.584288,8257,10677,5073,8002
GECCH,GECCH,GECC,,BB,8.0,06/13/2025,12/30/2026,12/31/2029,0.5,8.13%,,,11.54,Assetmanagement,,75.0,,,,,,25.13,,,,,,,24.38,25.44,24.38,25.44,25.05,0.67,-0.39,,,79.829457,13.655352,-0.39,0.67,13.530895,85.613748,5771,3163,2938,3957
GECCI,GECCI,GECC,,,8.0,06/13/2025,4/30/2026,4/30/2029,0.53,8.50%,,,11.54,Assetmanagement,,75.0,,,,,,25.05,,,25.16,25.21,-0.42,-0.63,24.75,25.48,24.67,25.7,24.96,0.21,-0.52,51.893076,48.217731,85.534884,15.013055,-0.74,0.29,17.061791,88.101473,1205,1386,793,1128
GECCO,GECCO,GECC,,BB,8.0,06/13/2025,6/30/2023,6/30/2026,0.36,5.88%,24.75,24.05,11.54,Assetmanagement,,75.0,,,,,,25.01,0.96,0.26,25.25,24.93,-0.95,0.34,24.26,27.2,23.0,27.2,24.95,0.69,-2.25,53.751096,44.653192,79.581395,33.08094,-2.25,1.95,32.295082,77.234043,1130,928,711,923
GECCZ,GECCZ,GECC,,BB,8.0,06/13/2025,9/30/2025,9/30/2028,0.54,8.75%,,24.64,11.54,Assetmanagement,,,,,,,,25.14,,,,,,,,,,,25.14,,,,,,,,,,,1620,1654,1778,1684
GLADZ,GLADZ,GLAD,,BB,8.0,05/15/2025,9/1/2025,9/1/2028,0.48,7.75%,,25.02,22.33,Cef,,46.0,,,,,,25.38,0.36,,25.49,25.46,-0.43,-0.3,24.97,25.98,24.45,25.98,25.15,0.18,-0.83,51.928133,47.005053,85.906977,18.250653,-0.83,0.7,17.969735,85.417349,4275,4577,1698,3516
GMRE PRA,GMRE-A,GMRE,,,8.0,07/11/2025,9/15/2022,NONE,0.47,7.50%,25.54,24.46,66.88,Reit,,13.0,,,,,,25.16,0.7,-0.38,25.03,25.14,0.5,0.08,23.38,26.26,23.32,26.26,24.76,1.38,-1.5,48.667835,45.608636,71.023256,25.248042,-1.5,1.44,24.728878,80.572831,3928,3165,2252,3115
GNL PRA,GNL-A,GNL,,,8.0,07/02/2025,9/12/2022,NONE,0.45,7.25%,25.75,16.96,229.01,Reit,,4.0,,,,,,22.48,5.52,-3.27,22.15,22.12,1.48,1.62,19.36,23.77,16.42,23.77,22.05,2.69,-1.72,45.232252,39.949472,54.775194,27.545692,-1.72,5.63,26.948298,53.14239,7999,6364,3869,6077
GNL PRB,GNL-B,GNL,,,8.0,07/02/2025,11/26/2024,NONE,0.43,6.88%,26.04,16.01,229.01,Reit,,4.0,,,,,,21.16,5.15,-4.88,21.09,21.23,0.33,-0.33,18.68,23.25,15.61,24.21,20.75,2.07,-2.5,49.263804,47.115296,62.465116,35.691906,-3.46,5.14,44.501892,56.350245,6725,6056,2122,4968
GNL PRD,GNL-D,GNL,,,8.0,07/03/2025,3/26/2024,NONE,0.47,7.50%,,17.92,229.01,Reit,,5.0,,,,,,22.82,4.9,,22.75,22.51,0.31,1.37,20.25,23.97,16.44,24.47,22.38,2.13,-1.59,49.333918,40.868167,61.72093,26.18799,-2.09,5.94,30.680958,51.11293,9129,7170,6711,7670
GNL PRE,GNL-E,GNL,,,8.0,07/03/2025,12/15/2025,NONE,0.46,7.38%,,17.64,229.01,Reit,,5.0,,,,,,22.18,4.54,,22.32,22.25,-0.61,-0.31,20.29,23.72,16.1,23.79,21.75,1.46,-1.97,52.559159,47.041801,70.031008,30.156658,-2.04,5.65,30.176545,53.011457,5270,4142,5194,4869
GPMT PRA,GPMT-A,GPMT,NFF,,8.0,06/30/2025,1/15/2027,NONE,0.44,7.00%,,,48.41,Reit,,2.0,,,,,,18.6,,,17.68,17.12,5.22,8.66,16.2,19.22,15.38,19.22,18.17,1.97,-1.05,32.120947,14.079008,63.705426,20.548303,-1.05,2.79,20.189155,71.734861,10671,8592,4443,7902
GS PRA,GS-A,GS,FLR,,9.5,07/24/2025,4/10/2010,NONE,0.34,3.75%,,,306.83,Bank,,26.0,,,,,,21.33,,,22.22,23.02,-4.0,-7.36,20.84,24.48,20.06,24.48,21.09,0.25,-3.39,64.443471,72.949012,85.03876,44.986945,-3.39,1.03,43.795712,83.256956,37043,39352,47943,41446
GS PRC,GS-C,GS,FLR,,9.5,07/24/2025,5/24/2011,NONE,0.34,4.00%,,,306.83,Bank,,26.0,,,,,,21.48,,,22.59,23.56,-4.91,-8.82,21.14,25.03,20.37,25.24,21.24,0.1,-3.79,67.633655,78.314194,86.899225,49.164491,-4.0,0.87,49.949559,84.304419,13366,14748,21542,16552
GS PRD,GS-D,GS,FLR,,9.5,07/24/2025,10/31/2010,NONE,0.33,4.00%,,,306.83,Bank,,26.0,,,,,,21.06,,,21.98,22.71,-4.17,-7.28,20.0,23.83,20.0,23.83,20.83,0.83,-3.0,65.039439,72.65503,77.844961,40.913838,-3.0,0.83,39.861286,84.566285,75460,77235,101765,84820
GSL PRB,GSL-B,GSL,,,8.0,06/23/2025,8/20/2019,NONE,0.55,8.75%,,,35.74,Marineshipping,,85.0,,,,,,26.17,,,26.11,26.3,0.19,-0.53,24.75,27.0,24.75,28.85,26.13,1.38,-0.87,49.754601,47.850253,71.023256,18.668407,-2.72,1.38,37.03657,80.96563,5256,5501,4686,5147
HBANL,HBANL,HBAN,NFF,,10.5,07/01/2025,4/15/2028,NONE,0.43,6.88%,,,1455.68,Regionalbank,,3.0,,,,,,25.28,,,25.23,25.45,0.2,-0.65,24.32,26.61,20.76,26.61,24.86,0.54,-1.75,49.719544,48.291226,81.44186,27.859008,-1.75,4.1,27.250946,63.158756,16963,17930,16463,17118
HCXY,HCXY,HTGC,,BB,8.0,07/11/2025,10/30/2023,10/30/2033,0.39,6.25%,25.31,23.56,175.77,Assetmanagement,,13.0,,,,,,25.0,1.44,-0.31,24.99,25.1,0.03,-0.38,24.42,25.98,22.7,25.98,24.67,0.25,-1.31,50.315513,47.299035,85.03876,23.263708,-1.31,1.97,22.812106,77.10311,1019,802,658,826
HNNAZ,HNNAZ,HNNA,,BB,8.0,06/13/2025,12/31/2023,12/31/2026,0.31,4.88%,24.59,23.49,7.79,Assetmanagement,,75.0,,,,,,24.84,1.35,0.25,24.59,24.3,1.02,2.21,23.85,25.57,22.25,25.57,24.79,0.94,-0.78,46.844873,37.78135,76.48062,17.72846,-0.78,2.54,17.465322,73.371522,539,647,404,530
HOVNP,HOVNP,HOVN,,,2.5,06/27/2025,7/12/2010,NONE,0.48,7.63%,,,-,-,,89.0,,,,,,16.42,,,16.71,17.42,-1.72,-5.75,16.05,18.2,16.05,19.89,16.41,0.36,-1.79,56.450482,67.032614,83.674419,28.276762,-3.48,0.36,44.703657,87.643208,12131,12117,10675,11641
HPP PRC,HPP-C,HPP,,,7.0,06/16/2025,11/16/2026,NONE,0.3,4.75%,21.92,10.5,141.39,Reit,,78.0,,,,,,14.7,4.21,-7.21,13.19,13.4,11.53,9.77,11.23,15.8,8.91,15.8,14.67,3.44,-1.13,10.0,10.0,45.472868,21.383812,-1.13,5.76,20.996217,52.291326,28575,31038,41464,33692
HROWL,HROWL,HROW,,BB,8.0,07/11/2025,2/1/2026,4/30/2026,0.54,8.63%,24.39,23.7,36.69,Healthcare,,13.0,,,,,,25.59,1.89,1.2,25.29,25.31,1.17,1.1,25.0,25.71,22.05,25.73,25.13,0.13,-0.58,46.319018,41.860358,86.527132,15.639687,-0.6,3.08,15.649433,69.836334,4042,4081,4106,4076
HROWM,HROWM,HROW,,BB,8.0,07/11/2025,12/31/2024,12/31/2027,0.74,11.88%,,25.2,36.69,Healthcare,,13.0,,,,,,26.55,1.35,,26.41,26.4,0.54,0.57,24.9,27.7,22.71,27.72,25.92,1.02,-1.78,48.527607,43.807993,75.488372,28.172324,-1.8,3.21,27.755359,68.98527,2480,2481,2592,2518
HTFB,HTFB,HRZN,,BB,8.0,06/13/2025,3/30/2023,3/30/2026,0.31,4.88%,24.49,23.53,40.36,Assetmanagement,,75.0,,,,,,24.92,1.4,0.44,24.91,24.63,0.06,1.2,24.3,26.11,23.27,26.11,24.88,0.58,-1.23,50.210342,41.49288,80.945736,22.428198,-1.23,1.61,22.005044,79.459902,1989,2990,50,1676
HTFC,HTFC,HRZN,,BB,8.0,06/13/2025,6/15/2024,6/15/2027,0.39,4.88%,25.25,24.2,40.36,Assetmanagement,,75.0,,,,,,24.45,0.25,-0.8,24.4,24.23,0.19,0.9,23.84,24.83,22.9,24.83,24.38,0.54,-0.45,49.754601,42.595315,81.44186,14.281984,-0.45,1.48,14.136192,80.310966,2929,2887,1572,2462
INBKZ,INBKZ,INBK,FF,,8.0,05/15/2025,6/30/2024,6/30/2029,0.54,6.00%,,,8.70,Regionalbank,,46.0,,,,,,24.49,,,24.44,24.89,0.19,-1.61,23.0,25.65,19.21,25.65,24.23,1.23,-1.42,49.754601,51.819017,72.883721,24.412533,-1.42,5.02,23.921816,57.135843,2012,1926,1592,1843
IVR PRC,IVR-C,IVR,NFF,,8.0,06/05/2025,9/27/2027,NONE,0.47,7.50%,,,65.94,Reit,,67.0,,,,,,23.49,,,23.77,23.87,-1.18,-1.57,20.23,25.2,17.52,25.2,23.37,3.14,-1.83,54.557406,51.672026,49.193798,28.694517,-1.83,5.85,28.058008,51.702128,10381,10093,9161,9878
JXN PRA,JXN-A,JXN,NFF,,10.0,06/12/2025,3/30/2028,NONE,0.5,8.00%,,,71.42,Insurance,,74.0,,,,,,25.65,,,25.97,26.41,-1.23,-2.87,25.25,27.5,23.6,27.69,25.56,0.31,-1.94,54.732691,56.449242,84.294574,29.843342,-2.13,1.96,31.084489,77.168576,27497,31587,28369,29151
KEY PRI,KEY-I,KEY,NFF,,10.5,05/28/2025,12/15/2026,NONE,0.38,6.13%,,,1095.55,Regionalbank,,59.0,,,,,,24.62,,,24.74,24.6,-0.49,0.09,23.5,25.78,17.66,25.97,24.49,0.99,-1.29,52.138475,45.571888,75.860465,23.05483,-1.48,6.83,24.527112,45.286416,26195,24680,24547,25141
KEY PRL,KEY-L,KEY,NFF,,10.5,05/28/2025,9/15/2027,NONE,0.39,6.20%,,,1095.55,Regionalbank,,59.0,,,,,,24.41,,,24.38,24.19,0.12,0.91,22.33,25.65,16.3,25.65,24.28,1.95,-1.37,50.0,42.558567,63.953488,23.890339,-1.37,7.98,23.417402,37.757774,39626,38599,36777,38334
KMPB,KMPB,KMPR,NFF,,10.0,05/30/2025,3/15/2027,3/15/2062,0.37,5.88%,,,63.97,Insurance,,61.0,,,,,,23.73,,,22.75,23.0,4.32,3.18,20.69,23.93,16.62,23.94,23.61,2.92,-0.32,35.276074,34.216812,51.922481,12.924282,-0.33,6.99,12.925599,44.238953,13832,15999,21974,17268
LBRDP,LBRDP,LBRDA,,,8.0,06/27/2025,,3/9/2039,0.44,7.00%,26.23,21.31,143.16,Communicationservices,,89.0,,,,,,25.05,3.74,-1.18,24.58,24.17,1.93,3.64,23.39,26.88,20.9,26.88,25.05,1.66,-1.83,43.654689,32.526412,67.550388,28.694517,-1.83,4.15,28.058008,62.831424,12609,4047,5009,7222
LNC PRD,LNC-D,LNC,,,11.0,05/15/2025,12/1/2027,NONE,0.56,9.00%,,26.41,170.70,Insurance,,46.0,,,,,,26.69,0.28,,26.83,27.55,-0.52,-3.13,25.78,28.89,25.4,28.89,26.42,0.64,-2.47,52.243646,57.404685,80.20155,35.37859,-2.47,1.02,34.514502,83.322422,24403,28204,34589,29066
MBINL,MBINL,MBIN,,,8.0,06/12/2025,1/1/2030,NONE,0.48,7.63%,,,45.76,Regionalbank,,74.0,,,,,,23.27,,,,,,,22.83,25.9,22.83,25.9,23.18,0.35,-2.72,,,83.79845,37.989556,-2.72,0.35,37.03657,87.708674,63335,32107,20025,38489
MBINM,MBINM,MBIN,NFF,,8.0,06/13/2025,10/1/2027,NONE,0.52,8.25%,,,45.76,Regionalbank,,75.0,,,,,,25.09,,,25.42,25.75,-1.29,-2.55,24.8,26.92,21.6,26.92,25.0,0.2,-1.92,54.943032,55.273312,85.658915,29.634465,-1.92,3.4,28.965952,67.741408,5483,5922,8748,6717
MBNKP,MBNKP,MFIN,FF,,8.0,06/16/2025,4/1/2025,NONE,0.68,8.00%,,,23.24,Creditservices,,78.0,,,,,,24.98,,,25.46,25.27,-1.87,-1.16,24.34,27.0,21.97,27.0,24.89,0.55,-2.11,56.976337,50.165365,81.317829,31.618799,-2.11,2.92,30.882724,70.883797,3060,4640,6499,4733
MER PRK,MER-K,BAC,,TP,11.5,06/12/2025,12/15/2011,12/15/2066,0.4,6.45%,26.45,24.62,7537.21,Bank,,74.0,,,,,,25.15,0.53,-1.3,25.54,25.73,-1.54,-2.24,25.02,26.49,24.51,26.64,25.08,0.06,-1.41,55.819457,54.13413,87.395349,24.308094,-1.56,0.57,25.334174,86.268412,35189,41817,85472,54159
MET PRA,MET-A,MET,FLR,,11.5,05/30/2025,9/15/2010,NONE,0.36,4.00%,,,671.16,Insurance,,61.0,,,,,,23.5,,,24.05,24.46,-2.29,-3.93,22.07,25.43,22.0,25.43,23.38,1.31,-2.05,58.448729,60.344511,71.891473,30.992167,-2.05,1.38,30.277427,80.96563,32628,29975,30774,31126
METCL,METCL,METC,,BB,8.0,07/15/2025,7/30/2023,7/30/2026,0.56,9.00%,26.32,25.45,54.69,Cokingcoal,,17.0,,,,,,25.67,0.22,-0.65,25.52,25.66,0.59,0.03,24.75,26.1,24.18,26.22,25.22,0.47,-0.88,48.352323,45.792375,82.310078,18.772846,-1.0,1.04,19.684741,83.191489,1931,1744,1189,1621
METCZ,METCZ,METC,,,8.0,04/15/2025,11/30/2026,11/30/2029,0.52,8.38%,,,54.69,Cokingcoal,,16.0,,,,,,24.58,,,,,,,23.18,25.59,23.18,25.59,24.15,0.97,-1.44,,,76.108527,24.62141,-1.44,0.97,24.123581,83.649755,9207,6874,1582,5888
MFA PRC,MFA-C,MFA,FF,,8.0,06/02/2025,3/31/2025,NONE,0.41,6.50%,,,102.65,Reit,,64.0,,,,,,23.92,,,24.23,24.1,-1.29,-0.77,21.62,25.03,17.8,25.03,23.8,2.18,-1.23,54.943032,48.7322,61.100775,22.428198,-1.23,6.0,22.005044,50.720131,20549,22552,14239,19113
MFAN,MFAN,MFA,,BB,8.0,08/01/2025,2/15/2026,2/15/2029,0.56,8.88%,,,102.65,Reit,,34.0,,,,,,25.04,,,24.91,25.15,0.54,-0.44,24.02,25.82,24.02,25.82,24.69,0.67,-1.13,48.527607,47.519522,79.829457,21.383812,-1.13,0.67,20.996217,85.613748,12985,15155,13271,13803
MFAO,MFAO,MFA,,BB,8.0,07/30/2025,8/15/2026,8/15/2029,0.56,9.00%,,,102.65,Reit,,32.0,,,,,,25.15,,,25.03,25.27,0.48,-0.46,24.27,25.82,24.27,25.85,24.79,0.52,-1.03,48.737949,47.593018,81.689922,20.339426,-1.06,0.52,20.290038,86.595745,16280,16688,11519,14829
MFICL,MFICL,MFIC,,BB,8.0,05/27/2025,12/15/2025,12/15/2028,0.5,8.00%,,,92.92,Assetmanagement,,58.0,,,,,,25.31,,,25.37,25.42,-0.23,-0.43,25.1,25.85,25.0,25.85,25.13,0.03,-0.72,51.226994,47.482774,87.767442,17.101828,-0.72,0.13,16.860025,89.148936,5661,5602,3630,4964
MGRE,MGRE,AMG,,BB,12.0,06/26/2025,3/30/2029,3/30/2064,0.42,6.75%,,,28.79,Assetmanagement,,88.0,,,,,,23.59,,,23.86,24.94,-0.56,-4.84,22.51,26.02,22.51,26.51,23.72,1.21,-2.3,52.383874,63.688562,73.131783,33.603133,-2.79,1.21,37.742749,82.07856,23934,27631,25161,25575
MHLA,MHLA,MHLD,,BB,8.0,05/30/2025,6/14/2021,6/14/2046,0.41,6.63%,17.51,15.26,99.49,Insurance,,61.0,,,,,,14.88,-0.38,-2.63,14.41,15.26,3.3,-2.5,12.25,17.93,12.25,18.67,14.75,2.5,-3.18,38.851884,55.089573,57.131783,42.793734,-3.92,2.5,49.142497,73.633388,3379,3859,1988,3075
MHNC,MHNC,MHLD,,BB,8.0,05/15/2025,12/1/2018,12/1/2043,0.48,7.75%,18.64,17.6,99.49,Insurance,,46.0,,,,,,16.5,-1.1,-2.14,16.79,17.27,-1.74,-4.44,14.85,19.97,14.85,20.65,16.27,1.42,-3.7,56.520596,62.21865,70.527132,48.224543,-4.38,1.42,53.783102,80.703764,3988,2842,2165,2998
MITN,MITN,MITT,,BB,8.0,08/01/2025,2/15/2026,2/15/2029,0.59,9.50%,,,29.68,Reit,,34.0,,,,,,25.2,,,25.08,25.17,0.46,0.12,21.5,25.6,21.5,25.95,24.83,3.33,-0.77,48.808063,45.461644,46.837209,17.624021,-1.12,3.33,20.895334,68.199673,5464,7213,2404,5027
MITP,MITP,MITT,,BB,8.0,07/30/2025,5/15/2026,5/15/2029,0.59,9.50%,,,29.68,Reit,,32.0,,,,,,25.19,,,25.0,25.13,0.75,0.22,24.2,25.7,24.2,25.8,24.81,0.61,-0.89,47.791411,45.094166,80.573643,18.877285,-0.99,0.61,19.583859,86.006547,11069,10503,5370,8981
MITT PRA,MITT-A,MITT,,,8.0,05/30/2025,9/17/2024,NONE,0.52,8.25%,20.45,17.36,29.68,Reit,,61.0,,,,,,21.2,3.84,0.75,21.88,21.82,-3.1,-2.84,18.6,23.99,15.91,23.99,21.03,2.43,-2.96,61.288344,56.338999,58.0,40.496084,-2.96,5.12,39.457755,56.481178,3428,2128,1635,2397
MITT PRB,MITT-B,MITT,,,8.0,05/30/2025,9/27/2017,NONE,0.5,8.00%,20.19,16.46,29.68,Reit,,61.0,,,,,,20.71,4.25,0.52,21.12,21.22,-1.95,-2.39,18.41,23.82,15.89,23.82,20.55,2.14,-3.27,57.256792,54.685347,61.596899,43.733681,-3.27,4.66,42.58512,59.492635,9540,8103,7334,8326
MITT PRC,MITT-C,MITT,FF,,8.0,05/30/2025,8/3/2017,NONE,0.71,8.00%,,,29.68,Reit,,61.0,,,,,,24.82,,,24.75,24.81,0.26,0.04,20.65,25.5,17.54,25.5,24.59,3.94,-0.91,49.509202,45.755627,39.271318,19.086162,-0.91,7.05,18.776797,43.846154,9862,10591,6973,9142
MS PRA,MS-A,MS,FLR,,11.0,06/27/2025,7/15/2011,NONE,0.33,4.00%,,,1603.20,Bank,,89.0,,,,,,21.55,,,22.44,23.03,-3.97,-6.44,20.5,24.65,20.31,24.65,21.55,1.05,-3.1,64.3383,69.568213,75.116279,41.958225,-3.1,1.24,40.870113,81.88216,52613,48592,56621,52608
MS PRE,MS-E,MS,,,11.0,06/27/2025,10/15/2023,NONE,0.45,7.13%,26.1,24.99,1603.20,Bank,,89.0,,,,,,25.57,0.58,-0.53,25.42,25.41,0.6,0.62,25.01,25.71,24.93,26.03,25.57,0.56,-0.14,48.317266,43.624254,81.193798,11.044386,-0.46,0.64,14.237074,85.810147,50803,46279,35124,44069
MS PRF,MS-F,MS,,,11.0,06/27/2025,1/15/2024,NONE,0.43,6.88%,26.31,24.43,1603.20,Bank,,89.0,,,,,,25.44,1.01,-0.87,25.27,25.32,0.67,0.47,24.87,25.63,24.33,26.03,25.44,0.57,-0.19,48.071867,44.175471,81.069767,11.56658,-0.59,1.11,15.54855,82.733224,50487,50868,39264,46873
MS PRI,MS-I,MS,,,11.0,06/27/2025,10/15/2024,NONE,0.4,6.38%,26.49,23.4,1603.20,Bank,,89.0,,,,,,25.21,1.81,-1.28,24.86,25.13,1.39,0.31,24.21,26.75,23.25,26.75,25.21,1.0,-1.54,45.547765,44.763436,75.736434,25.665796,-1.54,1.96,25.132409,77.168576,66815,76048,62359,68407
MS PRP,MS-P,MS,,,11.0,06/27/2025,10/15/2027,NONE,0.41,6.50%,26.33,24.28,1603.20,Bank,,89.0,,,,,,25.92,1.64,-0.41,25.51,25.89,1.61,0.13,24.7,26.78,24.25,27.14,25.92,1.22,-0.86,44.776512,45.424897,73.007752,18.563969,-1.22,1.67,21.904161,79.067103,48690,55161,68960,57604
MS PRQ,MS-Q,MS,,,11.0,06/30/2025,10/15/2029,NONE,0.41,6.63%,,,1603.20,Bank,,2.0,,,,,,26.06,,,,,,,24.82,27.02,21.92,27.35,25.66,0.84,-1.36,,,77.72093,23.785901,-1.69,3.74,26.645649,65.515548,76599,74005,43927,64844
MSBIP,MSBIP,MSBI,NFF,,8.0,06/16/2025,9/30/2027,NONE,0.48,7.75%,,,21.40,Regionalbank,,78.0,,,,,,22.94,,,23.63,24.54,-2.92,-6.51,22.75,25.66,21.22,26.55,22.88,0.13,-2.78,60.657318,69.825448,86.527132,38.616188,-3.67,1.66,46.620429,79.13257,8334,6998,4738,6690
MTB PRH,MTB-H,MTB,NFF,,10.5,06/02/2025,12/15/2026,NONE,0.35,5.63%,,,160.60,Regionalbank,,64.0,,,,,,25.39,,,24.52,24.71,3.53,2.74,23.02,26.12,20.22,26.12,25.29,2.27,-0.83,38.045574,35.833716,59.984496,18.250653,-0.83,5.07,17.969735,56.808511,15942,19267,17840,17683
MTB PRJ,MTB-J,MTB,,,10.5,06/02/2025,6/15/2029,NONE,0.47,7.50%,,,160.60,Regionalbank,,64.0,,,,,,26.22,,,26.35,26.66,-0.49,-1.66,25.0,27.98,24.09,28.04,26.08,1.08,-1.9,52.138475,52.002756,74.744186,29.425587,-1.96,1.99,29.369483,76.972177,57920,56232,57256,57136
NEWTG,NEWTG,NEWT,,BB,8.0,05/30/2025,6/1/2027,6/1/2029,0.53,8.50%,,,27.29,Regionalbank,,61.0,,,,,,24.75,,,24.79,25.08,-0.17,-1.32,24.0,25.84,24.0,25.84,24.58,0.58,-1.26,51.016652,50.75333,80.945736,22.741514,-1.26,0.58,22.307692,86.202946,8353,7735,4934,7007
NEWTH,NEWTH,NEWT,,BB,8.0,07/14/2025,10/15/2026,10/15/2029,0.54,8.63%,,,27.29,Regionalbank,,16.0,,,,,,24.83,,,,,,,23.0,25.95,23.0,25.95,24.38,1.38,-1.57,,,71.023256,25.979112,-1.57,1.38,25.435057,80.96563,14181,11365,7166,10904
NEWTI,NEWTI,NEWT,,BB,8.0,05/15/2025,9/1/2025,9/1/2028,0.5,8.00%,,24.8,27.29,Regionalbank,,46.0,,,,,,25.0,0.2,,24.97,25.11,0.12,-0.44,23.9,26.57,23.48,26.57,24.76,0.86,-1.81,50.0,47.519522,77.472868,28.48564,-1.81,1.28,27.856242,81.620295,1621,1675,1252,1516
NEWTZ,NEWTZ,NEWT,,,8.0,07/11/2025,2/1/2022,2/1/2026,0.34,5.50%,24.46,23.61,27.29,Regionalbank,,13.0,,,,,,24.83,1.22,0.37,24.74,24.6,0.38,0.94,24.4,25.25,23.1,26.02,24.54,0.14,-0.71,49.088519,42.448323,86.403101,16.997389,-1.48,1.44,24.527112,80.572831,4586,4514,2584,3894
NLY PRF,NLY-F,NLY,FF,,8.0,06/02/2025,9/30/2022,NONE,0.6,6.95%,,,26.45,Reit,,64.0,,,,,,25.39,,,25.48,25.57,-0.37,-0.71,21.75,26.34,21.75,26.34,25.22,3.47,-1.12,51.717791,48.511713,45.100775,21.279373,-1.12,3.47,20.895334,67.283142,52109,57025,45649,51594
NLY PRG,NLY-G,NLY,FF,,8.0,06/02/2025,3/31/2023,NONE,0.55,6.50%,,,26.45,Reit,,64.0,,,,,,25.2,,,24.82,25.19,1.52,0.06,23.01,25.75,22.39,25.78,25.04,2.03,-0.71,45.092025,45.682131,62.96124,16.997389,-0.74,2.65,17.061791,72.651391,19743,23154,20643,21180
NLY PRI,NLY-I,NLY,FF,,8.0,06/02/2025,6/30/2024,NONE,0.6,6.75%,,,26.45,Reit,,64.0,,,,,,25.34,,,25.43,25.55,-0.37,-0.83,24.15,26.05,22.24,26.05,25.17,1.02,-0.88,51.717791,48.952687,75.488372,18.772846,-0.88,2.93,18.474149,70.818331,25953,28216,27151,27107
NMFCZ,NMFCZ,NMFC,,BB,9.5,08/01/2025,6/17/2027,11/15/2028,0.52,8.25%,,,107.59,Assetmanagement,,34.0,,,,,,25.66,,,25.39,25.52,1.05,0.54,25.09,26.2,24.95,26.74,25.34,0.25,-0.86,46.739702,43.918236,85.03876,18.563969,-1.4,0.39,23.72005,87.446809,8678,9878,6354,8303
NREF PRA,NREF-A,NREF,,,8.0,07/11/2025,7/24/2025,NONE,0.53,8.50%,24.0,18.8,17.64,Reit,,13.0,,,,,,22.98,4.18,-1.02,22.73,22.83,1.11,0.65,21.47,24.65,18.0,24.79,22.53,1.06,-2.12,46.52936,43.51401,74.992248,31.723238,-2.26,4.53,32.395965,60.343699,2085,1981,1299,1788
NYMTG,NYMTG,NYMT,,,8.0,03/14/2025,4/1/2027,4/1/2030,0.57,9.13%,,,90.30,Reit,,74.0,,,,,,24.4,,,,,,,22.7,25.69,22.7,25.69,24.3,1.6,-1.39,,,68.294574,24.099217,-1.39,1.6,23.619168,79.525368,24100,25748,11467,20438
NYMTI,NYMTI,NYMT,,BB,8.0,06/12/2025,7/1/2026,7/1/2029,0.57,9.13%,,,90.30,Reit,,74.0,,,,,,24.5,,,,,,,23.09,25.59,23.09,26.0,24.4,1.31,-1.19,,,71.891473,22.010444,-1.6,1.31,25.737705,81.423895,11147,11513,4721,9127
NYMTL,NYMTL,NYMT,NFF,,8.0,07/01/2025,10/15/2026,NONE,0.43,6.88%,,,90.30,Reit,,3.0,,,,,,21.72,,,21.64,21.51,0.39,0.97,19.36,23.03,17.55,23.03,21.3,1.94,-1.73,49.053462,42.33808,64.077519,27.650131,-1.73,3.75,27.04918,65.450082,6663,6679,5952,6431
NYMTM,NYMTM,NYMT,FF,,8.0,07/01/2025,1/15/2025,NONE,0.69,7.88%,,,90.30,Reit,,3.0,,,,,,24.7,,,24.46,24.43,0.97,1.1,22.5,25.39,20.86,25.39,24.03,1.53,-1.36,47.020158,41.860358,69.162791,23.785901,-1.36,3.17,23.31652,69.247136,18263,22331,14748,18447
NYMTN,NYMTN,NYMT,NFF,,8.0,07/01/2025,10/15/2027,NONE,0.5,8.00%,,,90.30,Reit,,3.0,,,,,,21.37,,,21.85,22.14,-2.18,-3.48,19.21,23.56,18.71,23.56,20.89,1.68,-2.67,58.063103,58.690859,67.302326,37.467363,-2.67,2.18,36.532156,75.728314,7599,7656,8452,7902
OCCIM,OCCIM,OCCI,,Term,8.0,05/20/2025,10/31/2026,10/31/2029,0.16,7.88%,,,20.70,Cef,,51.0,,,,,,25.03,,,,,,,24.18,25.21,24.18,25.21,24.96,0.78,-0.25,,,78.465116,12.193211,-0.25,0.78,12.118537,84.893617,2225,2034,2239,2166
OCCIN,OCCIN,OCCI,,,8.0,05/20/2025,12/31/2023,12/31/2026,0.11,5.25%,22.99,22.07,20.70,Cef,,51.0,,,,,,24.05,1.98,1.06,23.93,23.68,0.52,1.57,23.5,24.56,21.53,24.56,24.0,0.5,-0.56,48.597721,40.133211,81.937984,15.430809,-0.56,2.47,15.245902,73.829787,1731,1833,1127,1564
OCCIO,OCCIO,OCCI,,,8.0,05/20/2025,4/30/2023,4/30/2026,0.13,6.13%,24.87,23.35,20.70,Cef,,51.0,,,,,,24.7,1.35,-0.17,24.67,24.58,0.1,0.5,24.2,24.99,22.86,24.99,24.64,0.44,-0.35,50.070114,44.065227,82.682171,13.237598,-0.35,1.78,13.127364,78.346972,987,1025,1399,1137
OCFCP,OCFCP,OCFC,NFF,,8.0,07/25/2025,6/1/2025,NONE,0.44,7.00%,,,58.38,Regionalbank,,,,,,,,,,,,,,,,,,,,,,,,,,,,,,,,,
OFSSH,OFSSH,OFS,,BB,8.0,07/11/2025,10/31/2023,10/31/2028,0.31,4.95%,22.99,21.0,13.41,Cef,,13.0,,,,,,23.18,2.18,0.19,22.65,22.43,2.33,3.36,22.06,23.18,20.52,23.18,22.91,0.85,-0.27,42.25241,33.555351,77.596899,12.402089,-0.27,2.39,12.320303,74.353519,791,815,2685,1430
ONBPO,ONBPO,ONB,,,9.0,08/01/2025,8/20/2025,NONE,0.44,7.00%,,,370.09,Regionalbank,,34.0,,,,,,24.9,,,24.84,25.05,0.25,-0.61,24.44,25.7,21.58,27.0,24.63,0.19,-1.07,49.544259,48.144235,85.782946,20.75718,-2.37,3.05,33.505675,70.032733,5228,6816,7285,6443
ONBPP,ONBPP,ONB,,,9.0,08/01/2025,8/20/2025,NONE,0.44,7.00%,26.93,22.98,370.09,Regionalbank,,34.0,,,,,,25.15,2.17,-1.78,25.02,25.13,0.51,0.08,24.4,25.65,21.6,26.36,24.88,0.48,-0.77,48.632778,45.608636,82.186047,17.624021,-1.48,3.28,24.527112,68.527005,3708,4293,4078,4026
OXLCG,OXLCG,OXLC,,,8.0,06/13/2025,2/28/2030,2/29/2032,0.68,7.95%,,,437.24,Cef,,75.0,,,,,,24.9,,,,,,,24.06,25.01,24.06,25.01,24.79,0.73,-0.22,,,79.085271,11.879896,-0.22,0.73,11.815889,85.220949,25045,25045,33170,27753
OXLCI,OXLCI,OXLC,,BB,8.0,06/13/2025,6/30/2028,6/30/2030,0.55,8.75%,,,437.24,Cef,,75.0,,,,,,25.52,,,,,,,24.93,26.18,24.93,26.18,25.43,0.5,-0.75,,,81.937984,17.415144,-0.75,0.5,17.162673,86.726678,11990,12259,5589,9946
OXLCL,OXLCL,OXLC,,BB,8.0,06/13/2025,3/16/2024,3/31/2031,0.42,6.75%,24.65,22.68,437.24,Cef,,75.0,,,,,,23.62,0.94,-1.03,23.39,23.74,0.97,-0.49,22.75,24.68,22.1,24.68,23.55,0.8,-1.13,47.020158,47.703261,78.217054,21.383812,-1.13,1.45,20.996217,80.507365,2672,2728,2129,2510
OXLCN,OXLCN,OXLC,,Term,8.0,05/16/2025,6/30/2024,6/30/2029,0.15,7.13%,24.6,22.92,437.24,Cef,,47.0,,,,,,24.02,1.1,-0.58,23.99,24.11,0.14,-0.38,23.4,24.5,22.11,24.5,23.95,0.55,-0.55,49.929886,47.299035,81.317829,15.326371,-0.55,1.84,15.145019,77.954173,2342,2327,3723,2797
OXLCO,OXLCO,OXLC,,,8.0,05/16/2025,8/31/2024,8/31/2029,0.13,6.00%,23.37,21.49,437.24,Cef,,47.0,,,,,,23.26,1.77,-0.11,22.86,22.8,1.73,2.0,22.28,23.26,20.7,23.47,23.2,0.92,-0.06,44.355828,38.553055,76.728682,10.208877,-0.27,2.5,12.320303,73.633388,1760,1255,2045,1687
OXLCP,OXLCP,OXLC,,,8.0,05/16/2025,2/28/2023,2/28/2027,0.13,6.25%,24.0,22.74,437.24,Cef,,47.0,,,,,,24.26,1.52,0.26,24.21,24.0,0.19,1.1,23.75,24.46,22.54,24.46,24.2,0.45,-0.26,49.754601,41.860358,82.55814,12.29765,-0.26,1.66,12.21942,79.13257,4442,5291,2865,4199
OXLCZ,OXLCZ,OXLC,,BB,8.0,06/13/2025,1/31/2024,1/31/2027,0.31,5.00%,23.69,22.31,437.24,Cef,,75.0,,,,,,23.99,1.68,0.3,23.9,23.69,0.36,1.27,23.44,24.37,21.93,24.37,23.94,0.5,-0.43,49.158633,41.235645,81.937984,14.073107,-0.43,2.01,13.934426,76.841244,4789,5159,5421,5123
OXSQG,OXSQG,OXSQ,,BB,8.0,06/20/2025,5/31/2024,7/31/2028,0.34,5.50%,23.55,21.5,71.37,Cef,,82.0,,,,,,23.76,2.26,0.21,23.26,23.1,2.13,2.85,22.75,23.79,21.39,23.79,23.73,0.98,-0.06,42.95355,35.42949,75.984496,10.208877,-0.06,2.34,10.201765,74.680851,2140,3701,10271,5370
OXSQZ,OXSQZ,OXSQ,,BB,8.0,06/20/2025,4/30/2022,4/30/2026,0.39,6.25%,24.7,23.48,71.37,Cef,,82.0,,,,,,25.06,1.57,0.35,24.8,24.62,0.99,1.74,24.3,25.07,23.27,25.07,25.02,0.72,-0.05,46.950044,39.508498,79.209302,10.104439,-0.05,1.75,10.100883,78.543372,1952,2475,3454,2627
PBI PRB,PBI-B,PBI,,BB,8.0,05/23/2025,3/7/2018,3/7/2043,0.42,6.70%,23.44,16.07,183.19,Integratedfreight&logistics,,54.0,,,,,,19.01,2.94,-4.43,19.71,19.76,-3.56,-3.8,17.31,22.23,14.77,22.23,18.84,1.53,-3.39,62.900964,59.866789,69.162791,44.986945,-3.39,4.07,43.795712,63.355155,20352,20580,22116,21016
PDPA,PDPA,-,,,8.0,05/16/2025,12/31/2026,12/31/2029,0.17,8.00%,,,-,-,,47.0,,,,,,25.0,,,,,,,24.3,25.84,24.3,25.84,24.92,0.62,-0.92,,,80.449612,19.190601,-0.92,0.62,18.87768,85.94108,3965,2270,2179,2805
PMT PRA,PMT-A,PMT,,,8.0,05/28/2025,3/15/2024,NONE,0.51,8.13%,24.77,20.8,87.13,Reit,,59.0,,,,,,23.56,2.76,-1.21,24.21,24.33,-2.69,-3.17,22.39,26.0,20.11,26.0,23.38,0.99,-2.62,59.851008,57.551677,75.860465,36.94517,-2.62,3.27,36.027743,68.592471,10608,6894,10246,9249
PMT PRB,PMT-B,PMT,,,8.0,05/28/2025,6/15/2024,NONE,0.5,8.00%,25.0,20.27,87.13,Reit,,59.0,,,,,,23.5,3.23,-1.5,24.2,24.19,-2.87,-2.84,22.76,25.21,19.8,25.21,23.33,0.57,-1.88,60.482033,56.338999,81.069767,29.21671,-1.88,3.53,28.562421,66.890344,14152,13501,8342,11998
PMT PRC,PMT-C,PMT,,,8.0,05/28/2025,8/24/2026,NONE,0.42,6.75%,21.21,16.38,87.13,Reit,,59.0,,,,,,19.13,2.75,-2.08,19.2,19.74,-0.35,-3.09,17.51,21.66,16.04,21.66,18.99,1.48,-2.67,51.647677,57.257694,69.782946,37.467363,-2.67,2.95,36.532156,70.687398,36919,40533,27493,34982
PMTU,PMTU,PMT,,BB,8.0,06/13/2025,9/30/2025,9/30/2028,0.53,8.50%,,24.25,87.13,Reit,,75.0,,,,,,25.1,0.85,,25.35,25.55,-0.98,-1.77,24.46,26.14,23.75,26.49,25.01,0.55,-1.13,53.856266,52.406982,81.317829,21.383812,-1.48,1.26,24.527112,81.751227,4663,7279,1883,4608
PMTV,PMTV,PMT,,,8.0,06/13/2025,2/15/2027,2/15/2030,0.56,9.00%,,,87.13,Reit,,75.0,,,,,,25.22,,,,,,,24.5,25.79,24.5,25.79,25.13,0.63,-0.66,,,80.325581,16.475196,-0.66,0.63,16.254729,85.875614,41641,41641,33402,38895
PNFPP,PNFPP,PNFP,,,8.0,05/15/2025,9/1/2025,NONE,0.42,6.75%,26.08,21.0,77.52,Regionalbank,,46.0,,,,,,24.49,3.49,-1.59,24.4,24.39,0.35,0.39,23.68,25.29,20.5,25.29,24.28,0.6,-1.01,49.19369,44.469453,80.697674,20.130548,-1.01,3.78,19.785624,65.253682,11617,12519,11399,11845
PRIF PRD,PRIF-D,-,,,8.0,06/20/2025,3/31/2022,6/30/2029,0.44,7.00%,24.79,22.45,-,-,,82.0,,,,,,24.25,1.8,-0.54,24.15,23.98,0.41,1.11,23.39,24.96,20.3,24.96,24.21,0.82,-0.75,48.983348,41.82361,77.968992,17.415144,-0.75,3.91,17.162673,64.402619,742,849,1078,890
PRIF PRF,PRIF-F,-,,,8.0,06/20/2025,2/25/2023,6/30/2027,0.41,6.63%,24.6,23.37,-,-,,,,,,,,,,,,,,,,,,,,,,,,,,,,,,,,,
PRIF PRH,PRIF-H,-,,,8.0,06/20/2025,5/6/2023,12/31/2026,0.38,6.00%,,,-,-,,,,,,,,,,,,,,,,,,,,,,,,,,,,,,,,,
PRIF PRI,PRIF-I,-,,,8.0,06/20/2025,6/17/2024,6/30/2028,0.38,6.13%,23.73,22.13,-,-,,82.0,,,,,,24.99,2.86,1.26,23.75,23.4,5.2,6.8,23.0,25.51,21.48,25.51,24.96,1.96,-0.55,32.19106,20.914102,63.829457,15.326371,-0.55,3.48,15.145019,67.217676,3153,4322,9459,5645
PRIF PRJ,PRIF-J,-,,,8.0,06/20/2025,8/10/2024,12/31/2028,0.38,6.00%,23.06,22.36,-,-,,82.0,,,,,,23.67,1.31,0.61,23.14,23.05,2.27,2.7,22.59,23.99,21.2,23.99,23.64,1.05,-0.35,42.462752,35.980707,75.116279,13.237598,-0.35,2.44,13.127364,74.026187,4216,4871,3755,4281
PRIF PRK,PRIF-K,-,,,8.0,06/20/2025,9/30/2026,NONE,0.44,7.00%,23.93,19.45,-,-,,82.0,,,,,,23.55,4.1,-0.38,22.44,21.93,4.94,7.38,20.2,23.69,18.96,23.69,23.51,3.31,-0.18,33.102542,18.782729,47.085271,11.462141,-0.18,4.55,11.412358,60.212766,1385,925,959,1090
PRIF PRL,PRIF-L,-,,,8.0,06/20/2025,2/28/2025,3/31/2029,0.4,6.38%,24.3,21.96,-,-,,82.0,,,,,,23.84,1.88,-0.46,23.48,23.38,1.52,1.98,22.12,24.27,21.44,24.27,23.8,1.68,-0.47,45.092025,38.62655,67.302326,14.490862,-0.47,2.36,14.337957,74.549918,1603,1778,2194,1858
QVCC,QVCC,QVCGA,,BB,9.5,05/30/2025,11/26/2024,11/26/2068,0.39,6.25%,21.68,8.35,403.43,Internetretail,,61.0,,,,,,9.79,1.44,-11.89,9.52,11.59,2.8,-15.56,7.42,14.0,7.42,15.1,9.66,2.24,-4.34,40.604733,,60.356589,54.908616,-5.44,2.24,64.476671,75.335516,39630,53904,44475,46003
QVCD,QVCD,QVCGA,,BB,9.5,05/30/2025,9/13/2023,9/13/2067,0.4,6.38%,22.05,8.31,403.43,Internetretail,,61.0,,,,,,9.63,1.32,-12.42,9.6,11.69,0.33,-17.59,7.23,14.0,7.23,15.2,9.5,2.27,-4.5,49.263804,,59.984496,56.579634,-5.7,2.27,67.099622,75.139116,18036,23045,28619,23233
RC PRE,RC-E,RC,,,8.0,06/27/2025,6/10/2026,NONE,0.41,6.50%,20.71,17.39,172.29,Reit,,89.0,,,,,,15.79,-1.6,-4.92,16.09,17.87,-1.87,-11.66,14.87,19.6,14.87,19.73,15.79,0.92,-3.81,56.976337,88.750574,76.728682,49.373368,-3.94,0.92,49.344262,83.977087,11590,14820,8637,11682
RCB,RCB,RC,,BB,8.0,01/09/2025,7/30/2022,7/30/2026,0.39,6.20%,24.25,23.45,172.29,Reit,,10.0,,,,,,24.36,0.91,0.11,24.16,24.22,0.82,0.59,23.5,24.85,22.93,24.85,24.01,0.51,-0.84,47.546012,43.734497,81.813953,18.355091,-0.84,1.08,18.070618,82.929624,19311,31651,14459,21807
RCC,RCC,RC,,BB,8.0,06/24/2025,2/15/2023,2/15/2026,0.36,5.75%,23.91,23.74,172.29,Reit,,86.0,,,,,,24.51,0.77,0.6,24.55,24.42,-0.18,0.36,23.97,26.87,23.14,26.87,24.49,0.52,-2.38,51.051709,44.579697,81.689922,34.438642,-2.38,1.35,33.606557,81.162029,17882,27403,11241,18842
RCD,RCD,RC,,,8.0,05/30/2025,12/15/2026,12/15/2029,0.56,9.00%,,,172.29,Reit,,61.0,,,,,,22.89,,,,,,,22.71,25.55,22.71,25.55,22.71,0.0,-2.84,,,88.139535,39.24282,-2.84,0.0,38.247163,90.0,35008,28279,18555,27281
RF PRC,RF-C,RF,NFF,,10.5,07/09/2025,8/15/2029,NONE,0.36,5.70%,,,898.77,Regionalbank,,11.0,,,,,,24.23,,,23.55,23.94,2.87,1.21,21.94,25.56,16.63,25.56,23.91,1.97,-1.65,40.359334,41.456132,63.705426,26.814621,-1.65,7.28,26.242119,42.340426,34745,32175,56190,41037
RF PRF,RF-F,RF,NFF,,10.5,06/02/2025,9/15/2029,NONE,0.43,6.95%,,,898.77,Regionalbank,,64.0,,,,,,25.11,,,,,,,24.2,26.49,23.61,26.67,24.99,0.79,-1.5,,,78.341085,25.248042,-1.68,1.38,26.544767,80.96563,45483,40881,37919,41428
RITM PRA,RITM-A,RITM,FF,,8.0,07/25/2025,8/15/2024,NONE,0.64,7.50%,,,529.83,Reit,,27.0,,,,,,25.45,,,25.33,25.37,0.49,0.31,24.36,26.16,22.0,26.22,25.0,0.64,-1.16,48.702892,44.763436,80.20155,21.697128,-1.22,3.0,21.904161,70.360065,18653,17455,6468,14192
RITM PRB,RITM-B,RITM,FF,,8.0,07/25/2025,8/15/2024,NONE,0.63,7.13%,,,529.83,Reit,,27.0,,,,,,25.45,,,25.21,25.24,0.94,0.83,24.07,25.74,21.41,25.86,25.01,0.94,-0.73,47.125329,42.852549,76.48062,17.206266,-0.85,3.6,18.171501,66.432079,26028,24407,14993,21809
RITM PRC,RITM-C,RITM,FF,,8.0,07/25/2025,2/15/2025,NONE,0.59,6.38%,,,529.83,Reit,,27.0,,,,,,24.83,,,24.62,24.35,0.86,1.96,22.8,25.18,18.55,25.18,24.42,1.62,-0.76,47.405784,38.700046,68.046512,17.519582,-0.76,5.87,17.263556,51.571195,35207,37868,21553,31543
RITM PRD,RITM-D,RITM,NFF,,8.0,07/25/2025,11/15/2026,NONE,0.44,7.00%,,,529.83,Reit,,27.0,,,,,,24.25,,,23.99,23.88,1.07,1.55,22.33,24.7,19.55,25.26,23.94,1.61,-0.76,46.669588,40.206706,68.170543,17.519582,-1.32,4.39,22.912989,61.260229,28355,32655,22468,27826
RIV PRA,RIV-A,RIV,,,12.0,08/01/2025,5/15/2027,NONE,0.38,6.00%,25.01,22.06,21.47,Cef,,34.0,,,,,,23.12,1.06,-1.89,23.26,23.42,-0.6,-1.3,22.09,24.59,21.89,24.8,22.88,0.79,-1.71,52.524102,50.679835,78.341085,27.441253,-1.92,0.99,28.965952,83.518822,5545,4393,4913,4950
RJF PRB,RJF-B,RJF,,,9.5,06/13/2025,7/1/2026,NONE,0.4,6.38%,,,201.75,Assetmanagement,,75.0,,,,,,25.1,,,25.23,25.22,-0.51,-0.49,24.76,26.45,24.6,26.45,25.03,0.27,-1.42,52.208589,47.703261,84.790698,24.412533,-1.42,0.43,23.921816,87.184943,4270,3892,3256,3806
RLJ PRA,RLJ-A,RLJ,,,8.0,06/27/2025,NONE,NONE,0.49,7.80%,26.33,23.55,151.76,Reit,,89.0,,,,,,24.47,0.92,-1.86,24.55,25.1,-0.34,-2.53,22.8,26.31,22.8,26.63,24.46,1.66,-1.85,51.612621,55.199816,67.550388,28.903394,-2.17,1.66,31.48802,79.13257,21830,21786,19259,20958
RPT PRC,RPT-C,RPT,NFF,,8.0,07/30/2025,5/15/2030,NONE,0.49,9.88%,,,45.42,Reit,,32.0,,,,,,24.9,,,,,,,24.22,25.5,24.22,25.5,24.58,0.36,-0.92,,,83.674419,19.190601,-0.92,0.36,18.87768,87.643208,9106,9106,7116,8443
RWAYL,RWAYL,RWAY,,BB,8.0,05/15/2025,7/28/2024,7/28/2027,0.47,7.50%,25.4,24.3,37.35,Creditservices,,46.0,,,,,,25.06,0.76,-0.34,25.02,25.03,0.15,0.11,24.58,25.44,23.91,25.44,24.83,0.25,-0.61,49.894829,45.498392,85.03876,15.953003,-0.61,0.92,15.750315,83.977087,4348,4374,4695,4472
RWAYZ,RWAYZ,RWAY,,BB,8.0,05/15/2025,12/31/2024,12/31/2027,0.5,8.00%,,24.52,37.35,Creditservices,,46.0,,,,,,25.2,0.68,,25.18,25.21,0.09,-0.04,24.83,25.51,24.23,25.7,24.96,0.13,-0.55,50.105171,46.04961,86.527132,15.326371,-0.74,0.73,17.061791,85.220949,3490,3224,2204,2973
RWT PRA,RWT-A,RWT,NFF,,8.0,06/27/2025,4/15/2028,NONE,0.63,10.00%,,,132.98,Reit,,89.0,,,,,,24.79,,,24.62,25.19,0.67,-1.58,20.77,26.5,20.77,26.5,24.78,4.01,-1.72,48.071867,51.708774,38.403101,27.545692,-1.72,4.01,26.948298,63.747954,7288,7588,7606,7494
RWTN,RWTN,RWT,,BB,8.0,05/15/2025,3/1/2026,3/1/2029,0.57,9.13%,,,132.98,Reit,,46.0,,,,,,24.8,,,24.63,25.01,0.71,-0.85,22.48,25.72,22.48,27.1,24.52,2.04,-1.2,47.931639,49.026183,62.837209,22.114883,-2.58,2.04,35.624212,76.644845,6291,6862,1942,5031
RWTO,RWTO,RWT,,BB,8.0,05/15/2025,9/1/2026,9/1/2029,0.56,9.00%,,,132.98,Reit,,46.0,,,,,,24.44,,,,,,,22.25,26.0,22.25,26.0,24.17,1.92,-1.83,,,64.325581,28.694517,-1.83,1.92,28.058008,77.430442,9714,8925,2653,7098
RWTP,RWTP,RWT,,,8.0,05/15/2025,3/1/2027,3/1/2030,0.85,9.13%,,,132.98,Reit,,46.0,,,,,,24.25,,,,,,,22.7,25.25,22.7,25.25,23.83,1.13,-1.42,,,74.124031,24.412533,-1.42,1.13,23.921816,82.602291,20478,13881,6962,13774
RZB,RZB,RGA,NFF,,12.0,05/30/2025,6/15/2026,6/15/2056,0.36,5.75%,,,66.07,Insurance,,61.0,,,,,,24.68,,,24.75,24.89,-0.28,-0.85,24.11,26.0,23.44,26.47,24.56,0.45,-1.44,51.402279,49.026183,82.55814,24.62141,-1.91,1.12,28.865069,82.667758,30091,34803,50119,38338
RZC,RZC,RGA,NFF,,12.0,06/27/2025,10/15/2027,10/15/2052,0.45,7.13%,,,66.07,Insurance,,89.0,,,,,,25.66,,,25.73,26.12,-0.27,-1.76,24.74,27.09,24.74,29.2,25.66,0.92,-1.43,51.367222,52.370234,76.728682,24.516971,-3.54,0.92,45.308953,83.977087,28985,31002,27364,29117
SACH PRA,SACH-A,SACH,,,8.0,06/13/2025,6/29/2026,NONE,0.48,7.75%,24.15,19.69,47.31,Reit,,75.0,,,,,,14.97,-4.72,-9.18,15.55,18.84,-3.71,-20.53,12.54,23.78,12.54,25.06,14.89,2.35,-8.89,63.426819,,58.992248,,-10.17,2.35,,74.615385,7066,6551,5237,6285
SAJ,SAJ,SAR,,BB,8.0,05/15/2025,10/27/2024,10/31/2027,0.5,8.00%,,24.68,15.36,Assetmanagement,,46.0,,,,,,25.37,0.69,,25.39,25.3,-0.07,0.29,24.74,25.94,24.28,26.49,25.13,0.39,-0.81,50.666082,44.836932,83.302326,18.041775,-1.36,0.85,23.31652,84.435352,2449,2374,2936,2586
SAT,SAT,SAR,,BB,8.0,05/15/2025,4/27/2024,4/30/2027,0.38,6.00%,24.99,23.3,15.36,Assetmanagement,,46.0,,,,,,24.63,1.33,-0.36,24.55,24.46,0.33,0.68,23.91,25.16,22.97,25.16,24.44,0.53,-0.72,49.263804,43.403767,81.565891,17.101828,-0.72,1.47,16.860025,80.376432,8596,12838,28067,16500
SAY,SAY,SAR,,BB,8.0,05/15/2025,12/13/2024,12/31/2027,0.51,8.13%,,25.01,15.36,Assetmanagement,,46.0,,,,,,25.46,0.45,,25.33,25.3,0.52,0.61,24.9,25.98,24.64,25.98,25.21,0.31,-0.77,48.597721,43.661001,84.294574,17.624021,-0.77,0.57,17.364439,86.268412,3428,3733,3022,3394
SAZ,SAZ,SAR,,BB,8.0,05/15/2025,4/14/2025,4/15/2028,0.53,8.50%,,25.03,15.36,Assetmanagement,,46.0,,,,,,25.35,0.33,,25.3,25.42,0.22,-0.24,24.9,25.78,24.78,26.0,25.1,0.2,-0.68,49.64943,46.784566,85.658915,16.684073,-0.9,0.32,18.675914,87.905074,4145,5510,2935,4197
SB PRC,SB-C,SB,,,8.0,07/16/2025,5/31/2019,NONE,0.5,8.00%,25.2,24.98,105.27,Marineshipping,,18.0,,,,,,26.04,1.06,0.84,25.39,25.54,2.55,1.97,24.85,26.5,24.31,26.5,25.64,0.79,-0.86,41.481157,38.663298,78.341085,18.563969,-0.86,1.33,18.272383,81.292962,1055,869,877,934
SB PRD,SB-D,SB,,,8.0,07/16/2025,6/30/2019,NONE,0.5,8.00%,,,105.27,Marineshipping,,18.0,,,,,,25.46,,,25.36,25.61,0.39,-0.57,24.17,26.14,24.17,26.9,25.06,0.89,-1.08,49.053462,47.997244,77.100775,20.861619,-1.84,0.89,28.15889,84.173486,1491,1328,1082,1300
SCCC,SCCC,SACH,,BB,8.0,06/13/2025,9/30/2022,9/30/2025,0.48,7.75%,25.2,23.66,47.31,Reit,,75.0,,,,,,24.99,1.33,-0.21,24.82,24.76,0.69,0.94,23.99,25.47,23.08,25.47,24.91,0.92,-0.56,48.001753,42.448323,76.728682,15.430809,-0.56,1.83,15.245902,78.01964,5182,3546,4014,4247
SCCD,SCCD,SACH,,,8.0,06/13/2025,9/20/2023,9/30/2026,0.38,6.00%,23.82,21.5,47.31,Reit,,75.0,,,,,,21.7,0.2,-2.12,21.0,21.53,3.31,0.81,19.0,23.1,19.0,23.26,21.64,2.64,-1.46,38.816827,42.926045,55.395349,24.830287,-1.62,2.64,25.93947,72.716858,4973,3499,3140,3871
SCCE,SCCE,SACH,,BB,8.0,06/13/2025,3/9/2024,3/30/2027,0.38,6.00%,23.08,20.88,47.31,Reit,,75.0,,,,,,19.58,-1.3,-3.5,19.39,20.63,1.0,-5.08,18.05,22.53,18.05,23.33,19.52,1.47,-3.01,46.914987,64.57051,69.906977,41.018277,-3.81,1.47,48.032787,80.376432,5618,4151,2687,4152
SCCF,SCCF,SACH,,BB,8.0,06/13/2025,5/11/2024,6/30/2027,0.45,7.13%,24.65,21.8,47.31,Reit,,75.0,,,,,,19.11,-2.69,-5.54,19.25,20.8,-0.72,-8.11,17.94,22.94,17.94,24.05,19.04,1.1,-3.9,52.944785,75.705099,74.496124,50.313316,-5.01,1.1,60.138714,82.798691,4196,2956,1661,2938
SCCG,SCCG,SACH,,BB,8.0,06/13/2025,8/23/2024,9/30/2027,0.5,8.00%,,22.8,47.31,Reit,,75.0,,,,,,19.25,-3.55,,19.98,21.55,-3.64,-10.66,17.15,24.33,17.15,24.45,19.17,2.02,-5.16,63.18142,85.075792,63.085271,63.472585,-5.28,2.02,62.862547,76.775777,6070,3250,2246,3855
SCE PRJ,SCE-J,EIX,NFF,,10.5,06/13/2025,9/15/2025,NONE,0.34,5.38%,,,384.94,Utility,,75.0,,,,,,22.79,,,22.64,23.6,0.67,-3.45,20.7,25.1,18.94,25.1,22.73,2.03,-2.37,48.071867,58.580616,62.96124,34.334204,-2.37,3.79,33.505675,65.188216,43219,36806,47669,42565
SCE PRK,SCE-K,EIX,NFF,,10.5,06/13/2025,3/15/2026,NONE,0.34,5.45%,,,384.94,Utility,,75.0,,,,,,22.87,,,23.09,24.06,-0.94,-4.93,21.91,25.37,20.98,25.49,22.81,0.9,-2.56,53.716039,64.019293,76.976744,36.318538,-2.68,1.83,36.633039,78.01964,43411,55807,46823,48680
SCE PRM,SCE-M,EIX,,TP,10.5,06/13/2025,11/22/2028,NONE,0.47,7.50%,,,384.94,Utility,,75.0,,,,,,22.69,,,23.11,25.17,-1.85,-9.89,22.02,27.55,22.02,27.55,22.6,0.58,-4.95,56.906223,82.24621,80.945736,61.279373,-4.95,0.58,59.533417,86.202946,41838,41240,36405,39827
SCE PRN,SCE-N,EIX,,TP,10.5,06/13/2025,5/13/2029,NONE,0.43,6.95%,,,384.94,Utility,,75.0,,,,,,21.65,,,22.26,24.49,-2.73,-11.61,20.71,27.12,20.71,27.12,21.58,0.87,-5.54,59.991236,88.566835,77.348837,67.441253,-5.54,0.87,65.485498,84.304419,43199,27477,26938,32538
SEAL PRA,SEAL-A,SEAL,,,8.0,06/27/2025,10/5/2021,NONE,0.56,9.00%,,,-,-,,89.0,,,,,,25.75,,,25.38,25.53,1.44,0.87,24.5,26.0,23.6,26.49,25.74,1.24,-0.26,45.37248,42.705558,72.75969,12.29765,-0.75,2.14,17.162673,75.99018,4461,4967,3975,4468
SEAL PRB,SEAL-B,SEAL,NFF,,8.0,06/27/2025,10/15/2027,NONE,0.53,8.50%,,,-,-,,89.0,,,,,,25.86,,,25.43,25.67,1.68,0.73,23.92,26.75,22.9,27.44,25.85,1.93,-0.9,44.531113,43.220028,64.20155,18.981723,-1.59,2.95,25.636822,70.687398,6431,6242,2753,5142
SNV PRD,SNV-D,SNV,FF,,8.0,06/13/2025,6/21/2023,NONE,0.5,6.30%,,,138.77,Regionalbank,,75.0,,,,,,25.17,,,24.98,25.14,0.75,0.11,23.51,25.75,23.45,25.8,25.09,1.58,-0.66,47.791411,45.498392,68.542636,16.475196,-0.71,1.64,16.759142,79.263502,11797,11579,13793,12390
SNV PRE,SNV-E,SNV,FF,,8.0,06/13/2025,7/1/2024,NONE,0.53,5.88%,,,138.77,Regionalbank,,75.0,,,,,,25.92,,,25.68,25.81,0.94,0.41,24.21,26.86,19.83,26.86,25.83,1.62,-1.03,47.125329,44.395958,68.046512,20.339426,-1.03,6.0,19.98739,50.720131,33601,39306,20748,31218
SOJF,SOJF,SO,,,12.0,06/13/2025,3/15/2030,3/15/2085,0.41,6.50%,,,1098.51,Utility,,75.0,,,,,,25.72,,,,,,,24.92,26.99,24.92,26.99,25.65,0.73,-1.34,,,79.085271,23.577023,-1.34,0.73,23.114754,85.220949,99985,47547,31155,59562
SPMA,SPMA,SPMC,,,8.0,05/15/2025,11/30/2026,11/30/2029,0.17,8.00%,,,20.27,Assetmanagement,,46.0,,,,,,25.06,,,,,,,23.67,25.2,23.67,25.2,24.98,1.31,-0.22,,,71.891473,11.879896,-0.22,1.31,11.815889,81.423895,11880,8762,5941,8861
SPNT PRB,SPNT-B,SPNT,NFF,,9.0,05/15/2025,2/26/2026,NONE,0.5,8.00%,,,116.79,Insurance,,46.0,,,,,,25.36,,,25.21,25.35,0.59,0.05,24.75,25.78,24.31,25.78,25.12,0.37,-0.66,48.352323,45.718879,83.550388,16.475196,-0.66,0.81,16.254729,84.697218,17575,21132,9576,16094
SSSSL,SSSSL,SSSS,,BB,8.0,06/13/2025,12/30/2024,12/30/2026,0.38,6.00%,24.75,23.35,23.55,Assetmanagement,,75.0,,,,,,24.74,1.39,-0.01,24.6,24.49,0.55,1.03,24.16,25.4,22.39,25.4,24.68,0.52,-0.72,48.49255,42.117593,81.689922,17.101828,-0.72,2.29,16.860025,75.008183,4092,1440,2262,2598
SWKHL,SWKHL,SWKH,,BB,8.0,06/13/2025,Anytime,1/31/2027,0.56,9.00%,,24.8,12.27,Assetmanagement,,75.0,,,,,,25.5,0.7,,25.26,25.35,0.94,0.61,24.59,25.78,24.47,25.88,25.41,0.82,-0.37,47.125329,43.661001,77.968992,13.446475,-0.47,0.94,14.337957,83.846154,4969,8829,2428,5409
SYF PRB,SYF-B,SYF,NFF,,8.0,08/04/2025,5/15/2029,NONE,0.52,8.25%,,,380.67,Creditservices,,37.0,,,,,,25.38,,,25.02,25.56,1.44,-0.72,23.3,26.71,23.3,26.71,25.07,1.77,-1.64,45.37248,48.548461,66.186047,26.710183,-1.64,1.77,26.141236,78.412439,52708,48997,41344,47683
TFC PRI,TFC-I,TFC,FLR,,11.5,08/08/2025,9/15/2011,NONE,0.32,4.00%,,,1308.21,Regionalbank,,41.0,,,,,,20.3,,,22.38,23.07,-9.3,-12.0,20.16,24.25,19.32,25.35,20.13,-0.03,-4.12,83.023663,90.0,88.511628,52.610966,-5.22,0.81,62.257251,84.697218,11452,14190,19871,15171
TFINP,TFINP,TFIN,,,8.0,06/13/2025,6/30/2025,NONE,0.45,7.13%,25.47,19.2,23.50,Regionalbank,,75.0,,,,,,21.74,2.54,-3.73,21.81,22.58,-0.34,-3.71,20.26,24.4,18.25,24.4,21.66,1.4,-2.74,51.612621,59.536059,70.775194,38.198433,-2.74,3.41,37.238335,67.675941,2187,2476,1749,2137
TFSA,TFSA,-,,,8.0,06/13/2025,2/10/2023,3/31/2026,0.44,7.00%,,,-,-,,75.0,,,,,,23.28,,,24.58,24.09,-5.27,-3.37,23.28,26.85,21.6,27.58,23.21,-0.07,-3.64,68.895706,58.286633,89.007752,47.597911,-4.37,1.61,53.682219,79.459902,508,451,386,448
TPGXL,TPGXL,TPG,,BB,12.0,05/29/2025,3/15/2029,3/15/2064,0.43,6.95%,,,110.28,Assetmanagement,,60.0,,,,,,25.5,,,24.78,25.53,2.89,-0.11,23.53,26.33,23.53,27.0,25.36,1.83,-0.97,40.28922,46.306844,65.44186,19.712794,-1.64,1.83,26.141236,78.01964,16342,17116,20184,17881
TRINI,TRINI,TRIN,,BB,8.0,06/12/2025,9/30/2026,9/30/2029,0.49,7.88%,,,64.65,Assetmanagement,,74.0,,,,,,25.18,,,,,,,24.66,25.65,24.05,26.88,25.09,0.43,-0.56,,,82.806202,15.430809,-1.79,1.04,27.654477,83.191489,16711,21969,5818,14832
TRTN PRA,TRTN-A,-,,,9.0,06/09/2025,3/15/2024,NONE,0.53,8.50%,26.49,25.0,-,-,,71.0,,,,,,25.22,0.21,-1.28,25.34,25.64,-0.51,-1.68,23.96,26.25,23.96,26.83,25.1,1.14,-1.15,52.208589,52.076252,74.0,21.592689,-1.73,1.14,27.04918,82.536825,4645,5569,3320,4511
TRTN PRB,TRTN-B,-,,,9.0,06/09/2025,9/15/2024,NONE,0.5,8.00%,26.63,23.67,-,-,,71.0,,,,,,24.67,1.0,-1.96,24.7,25.09,-0.1,-1.67,22.75,25.7,22.75,25.95,24.56,1.81,-1.14,50.771253,52.039504,65.689922,21.488251,-1.39,1.81,23.619168,78.150573,6898,8539,9884,8441
TRTN PRC,TRTN-C,-,,,9.0,06/09/2025,12/15/2024,NONE,0.46,7.38%,26.1,22.32,-,-,,71.0,,,,,,23.8,1.48,-2.3,23.37,24.36,1.86,-2.31,21.93,25.43,21.93,26.17,23.7,1.77,-1.73,43.900088,54.391364,66.186047,27.650131,-2.47,1.77,34.514502,78.412439,10336,11722,12024,11361
TRTN PRF,TRTN-F,-,,,9.0,06/09/2025,3/15/2030,NONE,0.48,7.63%,,,-,-,,71.0,,,,,,24.47,,,,,,,23.2,25.35,23.2,25.35,24.37,1.17,-0.98,,,73.627907,19.817232,-0.98,1.17,19.482976,82.340426,26106,25074,7030,19403
TVC,TVC,GOOGL,,,19.5,05/30/2025,,6/1/2028,0.13,2.13%,,,9990.00,-,,61.0,,,,,,23.6,,,23.51,23.06,0.38,2.34,22.53,25.33,21.0,25.33,23.56,1.03,-1.77,49.088519,37.303629,75.364341,28.067885,-1.77,2.56,27.452711,73.240589,18422,17336,17984,17914
TVE,TVE,GOOGL,,,19.5,07/28/2025,,5/1/2029,0.14,2.22%,,,9990.00,-,,30.0,,,,,,23.2,,,23.19,22.64,0.06,2.46,22.11,25.3,20.72,25.3,23.11,1.0,-2.19,50.210342,36.862655,75.736434,32.454308,-2.19,2.39,31.689786,74.353519,14760,14720,14146,14542
TWO PRA,TWO-A,TWO,NFF,,8.0,07/10/2025,4/26/2027,NONE,0.51,8.13%,,,103.74,Reit,,12.0,,,,,,23.19,,,23.67,24.07,-2.03,-3.66,21.52,25.2,18.85,25.39,22.75,1.23,-2.45,57.537248,59.35232,72.883721,35.169713,-2.64,3.9,36.229508,64.468085,7453,9814,13832,10366
TWO PRB,TWO-B,TWO,NFF,,8.0,07/10/2025,7/27/2027,NONE,0.48,7.63%,,,103.74,Reit,,12.0,,,,,,22.64,,,23.14,23.57,-2.16,-3.96,21.27,25.27,17.9,25.43,22.22,0.95,-3.05,57.992989,60.454754,76.356589,41.436031,-3.21,4.32,41.979823,61.718494,10876,11740,15739,12785
TWO PRC,TWO-C,TWO,FF,,8.0,07/10/2025,1/27/2025,NONE,0.6,7.25%,,,103.74,Reit,,12.0,,,,,,23.75,,,24.21,24.42,-1.89,-2.75,22.25,25.2,18.55,25.2,23.23,0.98,-1.97,57.04645,56.008268,75.984496,30.156658,-1.97,4.68,29.470366,59.361702,22892,28347,22435,24558
UCB PRI,UCB-I,UCB,,,8.0,05/29/2025,9/15/2025,NONE,0.43,6.88%,,,119.46,Regionalbank,,60.0,,,,,,24.53,,,24.43,24.51,0.37,0.05,23.5,25.34,20.15,25.34,24.38,0.88,-0.96,49.123576,45.718879,77.224806,19.608355,-0.96,4.23,19.281211,62.307692,5723,5926,8036,6562
UMH PRD,UMH-D,UMH,,,8.0,05/15/2025,1/22/2023,NONE,0.4,6.38%,25.57,20.85,83.91,Reit,,46.0,,,,,,22.09,1.24,-3.48,22.18,22.94,-0.42,-3.71,20.99,24.27,19.83,24.42,21.89,0.9,-2.38,51.893076,59.536059,76.976744,34.438642,-2.53,2.06,35.119798,76.513912,19661,17834,12685,16727
USB PRH,USB-H,USB,FLR,,12.5,06/27/2025,4/15/2011,NONE,0.32,3.50%,,,1557.99,Regionalbank,,89.0,,,,,,20.24,,,21.47,21.88,-5.74,-7.49,18.91,24.0,17.67,24.0,20.24,1.33,-3.76,70.543383,73.426734,71.643411,48.851175,-3.76,2.57,47.528373,73.175123,61960,60280,63404,61881
VLYPN,VLYPN,VLY,NFF,,8.0,06/12/2025,9/30/2029,NONE,0.52,8.25%,,,559.85,Regionalbank,,74.0,,,,,,25.15,,,,,,,23.75,26.82,23.75,26.88,25.06,1.31,-1.76,,,71.891473,27.963446,-1.82,1.31,27.957125,81.423895,12902,12509,10475,11962
VLYPO,VLYPO,VLY,FF,,8.0,06/13/2025,9/30/2022,NONE,0.52,5.50%,,,559.85,Regionalbank,,75.0,,,,,,24.72,,,24.8,24.8,-0.31,-0.31,22.73,25.77,20.04,26.01,24.63,1.9,-1.14,51.50745,47.041801,64.573643,21.488251,-1.38,4.59,23.518285,59.9509,5997,6651,7494,6714
VLYPP,VLYPP,VLY,NFF,,8.0,06/13/2025,6/30/2025,NONE,0.39,6.25%,,,559.85,Regionalbank,,75.0,,,,,,,,,24.63,24.23,-0.31,1.34,21.71,25.68,16.76,25.68,24.48,2.77,-1.2,51.50745,40.978411,53.782946,22.114883,-1.2,7.72,21.702396,39.459902,8950,5179,4674,6268
VOYA PRB,VOYA-B,VOYA,NFF,,10.0,05/27/2025,9/15/2029,NONE,0.33,5.35%,,,96.09,Financialconglomerates,,58.0,,,,,,24.25,,,24.11,24.63,0.6,-1.54,22.81,26.63,19.83,26.63,24.13,1.32,-2.5,48.317266,51.561782,71.767442,35.691906,-2.5,4.3,34.81715,61.849427,17648,15621,13412,15560
WAL PRA,WAL-A,WAL,NFF,,8.0,06/13/2025,9/30/2026,NONE,0.27,4.25%,,,110.43,Regionalbank,,75.0,,,,,,22.05,,,21.79,20.98,1.21,5.09,19.57,23.0,13.8,23.0,22.0,2.43,-1.0,46.178791,27.197979,58.0,20.02611,-1.0,8.2,19.684741,36.317512,41652,35735,27610,34999
WBS PRG,WBS-G,WBS,,,10.0,06/30/2025,4/15/2018,NONE,0.41,6.50%,25.24,20.25,168.44,Regionalbank,,2.0,,,,,,23.35,3.1,-1.89,23.22,23.62,0.54,-1.16,21.26,25.26,18.12,25.26,22.95,1.69,-2.31,48.527607,50.165365,67.178295,33.707572,-2.31,4.83,32.900378,58.379705,8565,6880,5947,7131
WCC PRA,WCC-A,WCC,NFF,,8.0,06/13/2025,6/22/2025,NONE,0.66,10.63%,,,48.81,Industrialdistribution,,,,,,,,,,,,,,,,,,,,,,,,,,,,,,,,,
WHFCL,WHFCL,WHF,,BB,8.0,05/28/2025,9/15/2025,9/15/2028,0.49,7.88%,,24.85,23.24,Assetmanagement,,59.0,,,,,,25.11,0.26,,25.28,25.33,-0.65,-0.88,25.0,25.7,24.54,27.41,24.94,-0.06,-0.76,52.699387,49.136426,88.883721,17.519582,-2.47,0.4,34.514502,87.381342,2199,2606,3245,2684
WSBCP,WSBCP,WSBC,NFF,,8.0,07/28/2025,11/15/2025,NONE,0.42,6.75%,,,95.79,Regionalbank,,30.0,,,,,,25.29,,,25.15,25.07,0.54,0.87,24.42,25.6,22.0,25.6,25.01,0.59,-0.59,48.527607,42.705558,80.821705,15.744125,-0.59,3.01,15.54855,70.294599,9948,11642,30385,17325
WTFCM,WTFCM,WTFC,NFF,,8.0,07/01/2025,7/15/2025,NONE,0.41,6.50%,,,66.87,Regionalbank,,3.0,,,,,,,,,25.11,24.96,0.88,1.49,24.34,25.35,20.46,25.5,24.93,0.59,-0.42,47.33567,40.427193,80.821705,13.968668,-0.57,4.47,15.346784,60.736498,14840,23822,68152,35605
WTFCP,WTFCP,WTFC,NFF,,8.0,07/01/2025,7/15/2025,NONE,0.43,6.88%,,,66.87,Regionalbank,,3.0,,,,,,,,,25.2,25.11,0.65,0.98,24.68,25.44,22.77,25.49,24.94,0.26,-0.5,48.141981,42.301332,84.914729,14.804178,-0.55,2.17,15.145019,75.793781,37464,53758,23117,38113
XFLT PRA,XFLT-A,XFLT,,,8.0,07/14/2025,3/31/2023,3/31/2026,0.41,6.50%,25.46,24.54,76.12,Cef,,16.0,,,,,,,0.75,-0.17,25.13,25.01,0.62,1.11,24.61,25.48,24.21,25.48,24.95,0.34,-0.53,48.247152,41.82361,83.922481,15.117493,-0.53,0.74,14.943253,85.155483,2785,1871,815,1824
XOMAO,XOMAO,XOMA,,,8.0,06/30/2025,4/15/2022,NONE,0.52,8.38%,25.3,22.56,11.95,Biotechnology,,2.0,,,,,,,2.83,0.09,25.28,25.34,0.43,0.19,23.32,25.74,20.43,25.87,24.88,1.56,-0.86,48.913234,45.20441,68.790698,18.563969,-0.99,4.45,19.583859,60.86743,2712,2795,1633,2380
XOMAP,XOMAP,XOMA,,,8.0,06/30/2025,12/15/2021,NONE,0.54,8.63%,25.92,22.76,11.95,Biotechnology,,2.0,,,,,,25.66,2.9,-0.26,25.7,25.68,-0.16,-0.09,24.96,26.51,21.4,26.51,25.13,0.17,-1.38,50.981595,46.233349,86.031008,23.994778,-1.38,3.73,23.518285,65.581015,1060,1042,431,845
