PREF IBKR,CMON,BOND_,CRDT SCORE_,EX-DIV DATE,CALL DATE,MATUR DATE,DIV AMOUNT,COUPON,Aug2022_Price,Oct19_Price,CGRUP,Last Price,Oct19_diff,Aug2022_diff,SMA88,SMA268,SMA88 chg,SMA268 chg,6M Low,6M High,1Y Low,1Y High,TIME TO DIV,Div adj.price,6M_Low_diff,6M_High_diff,SMA88_chg_norm,SMA268_chg_norm,6M_Low_diff_norm,6M_High_diff_norm,Aug4_chg,Oct19_chg,Aug4_chg_norm,Oct19_chg_norm,1Y_High_diff,1Y_Low_diff,1Y_High_diff_norm,1Y_Low_diff_norm,ADV_6M,ADV_3M,ADV_15D,AVG_ADV
ACGLN,ACGL,,12,12/13/2024,,,0.28,4.55%,21.7,16.62,c450,17.15,0.53,-4.55,17.36,18.86,-1.18,-9.07,16.44,20.99,16.44,21.22,73.0,17.1,0.66,-3.89,52.550091,67.238845,70.296736,52.745098,-4.6,0.48,61.130435,68.165548,-4.12,0.66,54.065574,82.736318,33071,32833,35307,33737
ACGLO,ACGL,,11.5,12/13/2024,,,0.34,5.45%,24.93,19.34,c550,20.7,1.36,-4.23,20.76,22.07,-0.31,-6.19,19.99,23.82,19.2,24.5,73.0,20.64,0.65,-3.18,48.324226,55.144357,70.534125,43.464052,-4.29,1.3,58.434783,60.82774,-3.86,1.44,50.655738,74.975124,19885,18509,14436,17610
ACP PRA,ACP,,15,12/16/2024,,,0.33,5.25%,24.61,21.47,c525,20.6,-0.87,-4.01,21.36,22.9,-3.54,-10.06,20.05,25.0,19.65,26.33,76.0,20.55,0.5,-4.45,64.013358,71.396325,74.094955,60.065359,-4.06,-0.92,56.434783,80.693512,-5.78,0.9,75.836066,80.348259,2037,1795,1978,1936
ADC PRA,ADC,,11,10/22/2024,,,0.27,4.25%,20.92,15.83,c425,16.95,1.12,-3.97,17.43,18.46,-2.74,-8.18,16.91,21.94,15.71,21.94,21.0,16.74,-0.17,-5.2,60.127505,63.501312,90.0,69.869281,-4.18,0.91,57.478261,64.317673,-5.2,1.03,68.229508,79.054726,15340,11999,9936,12425
AEFC,AEG,BB,12.5,11/29/2024,12/15/2024,,0.32,5.10%,24.32,18.56,c500,19.72,1.16,-4.6,20.03,21.03,-1.53,-6.22,18.61,22.7,18.24,22.9,59.0,19.61,1.0,-3.09,54.250152,55.270341,62.225519,42.287582,-4.71,1.05,62.086957,63.064877,-3.29,1.37,43.180328,75.671642,37485,43497,34566,38516
AFGB,AFG,BB,11.5,12/13/2024,,,0.37,5.88%,26.83,21.4,c575,,-0.11,-5.54,21.58,23.2,-1.35,-8.25,20.47,25.05,20.47,25.27,73.0,21.22,0.75,-3.83,53.375835,63.795276,68.160237,51.960784,-5.61,-0.18,69.913043,74.071588,-4.05,0.75,53.147541,81.840796,7514,8899,7721,8045
AFGC,AFG,BB,11.5,11/29/2024,,,0.32,5.13%,26.22,18.46,c500,19.02,0.56,-7.2,19.12,20.71,-0.5,-8.15,18.01,23.42,18.01,23.42,59.0,18.91,0.9,-4.51,49.247116,63.375328,64.599407,60.849673,-7.31,0.45,84.695652,68.434004,-4.51,0.9,59.180328,80.348259,6187,5388,7524,6366
AFGD,AFG,BB,11.5,11/15/2024,,,0.35,5.63%,25.56,20.36,c550,20.47,0.11,-5.09,20.75,22.71,-1.35,-9.86,18.19,25.37,18.19,25.61,45.0,20.29,2.1,-5.08,53.375835,70.55643,36.11276,68.300654,-5.27,-0.07,66.956522,73.087248,-5.32,2.1,69.803279,68.40796,7274,7007,6548,6943
AFGE,AFG,BB,11.5,11/29/2024,,,0.28,4.50%,22.31,16.58,c450,,0.33,-5.4,16.99,18.58,-0.48,-8.97,16.11,20.77,16.11,21.78,59.0,16.81,0.7,-3.96,49.14997,66.818898,69.347181,53.660131,-5.5,0.23,68.956522,70.402685,-4.97,0.7,65.213115,82.338308,7572,7410,8651,7877
AGM PRD,AGM,,NR,12/27/2024,,,0.36,5.70%,25.28,21.04,c550,21.41,0.37,-3.87,21.97,22.88,-2.54,-6.41,20.92,24.86,20.26,25.7,87.0,21.4,0.48,-3.46,59.156041,56.068241,74.569733,47.124183,-3.88,0.36,54.869565,69.239374,-4.3,1.14,56.42623,77.960199,4367,4428,6988,5261
AGM PRE,AGM,,NR,12/27/2024,,,0.36,5.75%,24.9,21.55,c550,21.57,0.02,-3.33,22.03,23.0,-2.09,-6.22,21.25,24.4,20.31,24.93,87.0,21.56,0.31,-2.84,56.970249,55.270341,78.605341,39.019608,-3.34,0.01,50.173913,72.371365,-3.37,1.25,44.229508,76.865672,3635,1923,2617,2725
AGM PRF,AGM,,NR,12/27/2024,,,0.33,5.25%,22.5,19.9,c525,19.44,-0.46,-3.06,20.29,21.17,-4.18,-8.19,19.26,23.34,17.82,23.99,87.0,19.43,0.17,-3.91,67.12204,63.543307,81.928783,53.006536,-3.07,-0.47,47.826087,76.666667,-4.56,1.61,59.836066,73.283582,9180,8152,9428,8920
AGM PRG,AGM,,NR,12/27/2024,,,0.3,4.88%,21.8,18.2,c475,18.27,0.07,-3.53,18.89,19.79,-3.3,-7.69,17.88,22.15,17.16,22.37,87.0,18.26,0.38,-3.89,62.847602,61.44357,76.94362,52.745098,-3.54,0.06,51.913043,71.923937,-4.11,1.1,53.934426,78.358209,9043,8225,11870,9713
AHH PRA,AHH,,NR,1/2/2025,,,0.42,6.75%,26.43,20.5,c675,21.81,1.32,-4.61,21.94,22.47,-0.53,-2.9,19.88,24.93,19.52,25.76,3.0,21.41,1.53,-3.52,49.392835,41.328084,49.643917,47.908497,-5.02,0.91,64.782609,64.317673,-4.35,1.89,57.081967,70.497512,8170,5522,3627,5773
AIZN,AIZ,BB,10,12/27/2024,,,0.33,5.25%,24.0,17.74,c525,20.34,2.6,-3.66,19.66,20.92,3.44,-2.78,18.01,23.14,17.7,23.14,87.0,20.33,2.32,-2.81,30.10929,40.824147,30.890208,38.627451,-3.67,2.59,53.043478,49.284116,-2.81,2.63,36.885246,63.134328,11875,13182,11776,12278
ALL PRH,ALL,,12,12/27/2024,,,0.32,5.10%,24.78,18.74,c500,20.87,2.13,-3.91,21.08,22.21,-1.0,-6.04,19.37,24.85,18.38,24.97,87.0,20.86,1.49,-3.99,51.675774,54.514436,50.593472,54.052288,-3.92,2.12,55.217391,53.489933,-4.11,2.48,53.934426,64.626866,86243,72306,75646,78065
ALL PRI,ALL,,12,12/27/2024,,,0.3,4.75%,24.92,17.85,c475,19.45,1.6,-5.47,19.57,20.87,-0.62,-6.81,18.56,23.45,17.5,24.49,87.0,19.44,0.88,-4.01,49.829994,57.748031,65.074184,54.313725,-5.48,1.59,68.782609,58.232662,-5.05,1.94,66.262295,70.0,23508,20730,26601,23613
AMH PRG,AMH,,9,12/13/2024,,,0.37,5.88%,25.47,21.43,c575,22.77,1.34,-2.7,23.07,23.41,-1.29,-2.75,21.76,25.16,21.1,25.34,73.0,22.7,0.94,-2.46,53.084396,40.698163,63.649852,34.052288,-2.77,1.27,45.217391,61.096197,-2.64,1.6,34.655738,73.383085,8130,9785,10658,9524
AMH PRH,AMH,,9,12/13/2024,,,0.39,6.25%,25.85,22.38,c625,23.48,1.1,-2.37,24.12,24.32,-2.67,-3.45,22.7,25.49,21.74,26.25,73.0,23.41,0.71,-2.08,59.787492,43.637795,69.109792,29.084967,-2.44,1.03,42.347826,63.243848,-2.84,1.67,37.278689,72.686567,7882,7279,5991,7051
ASB PRE,ASB,,10,12/2/2024,,,0.37,5.88%,25.1,16.77,c575,20.4,3.62,-4.71,20.46,21.35,-0.35,-4.49,19.25,23.74,16.2,23.75,62.0,20.27,1.02,-3.47,48.518519,48.005249,61.750742,47.254902,-4.83,3.5,63.130435,41.14094,-3.48,4.07,45.672131,48.80597,3685,2928,3848,3487
ASB PRF,ASB,,10,12/2/2024,,,0.35,5.63%,25.25,16.4,c550,19.3,2.9,-5.95,19.61,20.43,-1.6,-5.52,18.51,22.45,15.3,22.91,62.0,19.19,0.68,-3.26,54.590164,52.330709,69.821958,44.509804,-6.06,2.79,73.826087,47.494407,-3.72,3.89,48.819672,50.597015,5919,4723,3373,4672
ATH PRB,-,,11,12/13/2024,,,0.35,5.63%,25.26,18.0,c550,19.8,1.8,-5.46,19.71,21.1,0.43,-6.18,18.34,23.53,16.66,23.53,73.0,19.73,1.39,-3.8,44.729812,55.102362,52.967359,51.568627,-5.53,1.73,69.217391,56.979866,-3.8,3.07,49.868852,58.756219,21477,21218,19488,20727
ATH PRD,-,,11,12/13/2024,,,0.3,4.88%,21.69,15.24,c475,16.89,1.65,-4.8,17.06,18.31,-0.97,-7.75,15.86,20.61,15.19,20.61,73.0,16.83,0.97,-3.78,51.530055,61.695538,62.937685,51.30719,-4.86,1.59,63.391304,58.232662,-3.78,1.64,49.606557,72.985075,46850,43301,47488,45880
AXS PRE,AXS,,11.5,12/26/2024,,,0.34,5.50%,24.04,19.26,c550,20.42,1.16,-3.62,20.54,21.45,-0.59,-4.82,19.45,23.21,18.77,23.66,86.0,20.4,0.95,-2.81,49.684274,49.391076,63.412463,38.627451,-3.64,1.14,52.782609,62.259508,-3.26,1.63,42.786885,73.084577,31353,28635,27234,29074
BAC PRB,BAC,,11,10/29/2024,6/16/2023,,0.38,6.00%,25.69,23.02,c600,24.87,1.85,-0.82,24.73,25.05,0.56,-0.71,24.04,25.63,22.3,25.63,28.0,24.61,0.57,-1.02,44.098361,32.131234,72.433234,15.228758,-1.08,1.59,30.521739,58.232662,-1.02,2.31,13.409836,66.318408,80844,92816,136655,103438
BAC PRK,BAC,,11,1/2/2025,,,0.37,5.88%,25.68,22.0,c575,24.46,2.46,-1.22,24.26,24.76,0.81,-1.2,23.35,25.32,21.51,25.43,3.0,24.1,0.75,-1.22,42.884032,34.188976,68.160237,17.843137,-1.58,2.1,34.869565,53.668904,-1.33,2.59,17.47541,63.532338,51814,55015,70449,59093
BAC PRM,BAC,,11,12/2/2024,,,0.34,5.38%,25.18,20.7,c525,21.78,1.08,-3.4,22.11,23.13,-1.5,-5.82,20.83,24.88,20.54,24.88,62.0,21.67,0.84,-3.21,54.104432,53.590551,66.023739,43.856209,-3.51,0.97,51.652174,63.780761,-3.21,1.13,42.131148,78.059701,90513,82259,113292,95355
BAC PRN,BAC,,11,12/2/2024,,,0.31,5.00%,23.9,19.25,c500,20.38,1.13,-3.52,20.53,21.71,-0.72,-6.14,19.37,23.86,19.0,24.04,62.0,20.28,0.91,-3.58,50.315726,54.934383,64.362018,48.69281,-3.62,1.03,52.608696,63.243848,-3.76,1.28,49.344262,76.567164,108347,102306,157451,122702
BAC PRO,BAC,,11,10/15/2024,11/3/2025,,0.27,4.38%,21.39,16.54,c425,,1.34,-3.51,18.03,19.21,-0.81,-6.91,17.14,20.92,16.35,21.54,14.0,17.65,0.51,-3.27,50.752884,58.167979,73.857567,44.640523,-3.74,1.11,53.652174,62.527964,-3.89,1.3,51.04918,76.368159,78007,80819,100557,86461
BAC PRP,BAC,,11,10/15/2024,,,0.26,4.12%,20.8,15.57,c400,16.89,1.32,-3.91,17.05,18.16,-0.94,-6.97,16.17,20.0,15.4,20.58,14.0,16.67,0.5,-3.33,51.384335,58.419948,74.094955,45.424837,-4.13,1.1,57.043478,62.61745,-3.91,1.27,51.311475,76.666667,68978,63597,83404,71993
BAC PRQ,BAC,,11,11/1/2024,,,0.27,4.25%,20.46,16.11,c425,17.34,1.23,-3.12,17.48,18.58,-0.82,-6.68,16.56,20.51,15.98,21.0,31.0,17.16,0.6,-3.35,50.801457,57.2021,71.721068,45.686275,-3.3,1.05,49.826087,63.064877,-3.84,1.18,50.393443,77.562189,106481,107420,133213,115705
BAC PRS,BAC,,11,11/1/2024,,,0.3,4.75%,22.49,18.24,c475,,1.1,-3.15,19.56,20.79,-1.1,-6.97,18.55,23.05,17.82,23.44,31.0,19.14,0.59,-3.91,52.161506,58.419948,71.958457,53.006536,-3.35,0.9,50.26087,64.407159,-4.3,1.32,56.42623,76.169154,47421,39513,56478,47804
BCV PRA,BCV,,16,12/16/2024,,,0.34,5.39%,24.69,22.15,c525,21.76,-0.39,-2.93,22.19,22.92,-1.92,-5.07,21.51,24.71,21.51,25.26,76.0,21.71,0.2,-3.0,56.144505,50.440945,81.216617,41.111111,-2.98,-0.44,47.043478,76.39821,-3.55,0.2,46.590164,87.313433,1612,1503,614,1243
BFS PRD,BFS,,NR,12/27/2024,,,0.38,6.13%,24.15,19.3,c625,20.93,1.63,-3.22,20.98,21.46,-0.24,-2.48,19.3,23.76,19.01,23.95,87.0,20.92,1.62,-2.84,47.984214,39.564304,47.507418,39.019608,-3.23,1.62,49.217391,57.964206,-3.03,1.91,39.770492,70.298507,3324,2441,677,2147
BFS PRE,BFS,,NR,12/27/2024,,,0.38,6.00%,24.6,18.93,c600,21.55,2.62,-3.05,20.83,21.45,3.45,0.47,18.34,24.06,18.34,24.49,87.0,21.54,3.2,-2.52,30.060716,27.175853,10.0,34.836601,-3.06,2.61,47.73913,49.105145,-2.95,3.2,38.721311,57.462687,4223,3916,1950,3363
BHFAL,BHF,BB,10.5,12/2/2024,9/15/2023,,0.39,6.25%,26.35,20.69,c625,19.3,-1.39,-7.05,20.62,22.57,-6.39,-14.49,19.05,25.47,19.05,25.47,62.0,19.18,0.13,-6.29,77.856709,90.0,82.878338,84.117647,-7.17,-1.51,83.478261,85.973154,-6.29,0.13,82.52459,88.00995,19681,19960,19296,19646
BHFAM,BHF,,10.5,12/6/2024,,,0.29,4.63%,21.13,13.35,c450,13.31,-0.04,-7.82,14.61,16.07,-8.89,-17.17,13.08,18.88,13.03,18.95,66.0,13.23,0.15,-5.65,90.0,,82.403561,75.751634,-7.9,-0.12,89.826087,73.534676,-5.72,0.2,75.04918,87.313433,34251,25972,32136,30786
BHFAN,BHF,,10,12/6/2024,,,0.34,5.38%,22.69,15.27,c525,14.86,-0.41,-7.83,16.25,18.24,-8.54,-18.55,14.54,21.47,14.54,21.63,66.0,14.77,0.23,-6.7,88.299939,,80.504451,89.477124,-7.92,-0.5,90.0,76.935123,-6.86,0.23,90.0,87.014925,61802,59891,62539,61411
BHFAO,BHF,,10,12/6/2024,6/25/2025,,0.42,6.75%,26.51,21.17,c675,,-1.85,-7.19,20.59,23.11,-6.17,-16.39,18.53,25.7,18.53,26.0,66.0,19.21,0.68,-6.49,76.7881,,69.821958,86.732026,-7.3,-1.96,84.608696,90.0,-6.79,0.68,89.081967,82.537313,35357,35537,37303,36066
BHFAP,BHF,,10,12/6/2024,,,0.41,6.60%,26.1,20.01,c650,,-1.13,-7.22,20.14,22.4,-6.26,-15.72,18.38,25.51,18.38,25.51,66.0,18.77,0.39,-6.74,77.225258,,76.706231,90.0,-7.33,-1.24,84.869565,83.557047,-6.74,0.39,88.42623,85.422886,33073,33905,38842,35273
BOH PRA,BOH,,12,10/17/2024,8/1/2026,,0.27,4.38%,20.44,13.05,c425,15.71,2.66,-4.73,15.63,16.53,0.49,-4.94,14.51,19.1,12.86,19.24,16.0,15.49,0.98,-3.61,44.438373,49.895013,62.700297,49.084967,-4.95,2.44,64.173913,50.626398,-3.75,2.63,49.213115,63.134328,8946,6478,6744,7389
BWBBP,BWB,,NR,11/11/2024,8/17/2026,,0.37,5.88%,23.52,16.57,c575,18.52,1.95,-5.0,18.87,19.1,-1.87,-3.04,18.1,21.4,15.25,22.0,41.0,18.32,0.22,-3.08,55.901639,41.91601,80.74184,42.156863,-5.2,1.75,66.347826,56.800895,-3.68,3.07,48.295082,58.756219,2900,1887,2185,2324
CADE PRA,CADE,,NR,11/1/2024,11/20/2024,,0.34,5.50%,24.16,16.69,c550,20.67,3.98,-3.49,20.91,21.19,-1.16,-2.43,19.6,23.22,16.13,23.49,31.0,20.45,0.85,-2.77,52.452945,39.354331,65.78635,38.104575,-3.71,3.76,53.391304,38.814318,-3.04,4.32,39.901639,46.318408,9878,11125,10303,10436
CFG PRE,CFG,,10,12/18/2024,,,0.31,5.00%,22.34,16.2,c500,18.93,2.73,-3.41,19.26,20.3,-1.69,-6.74,17.99,22.68,15.17,23.38,78.0,18.89,0.9,-3.79,55.027322,57.454068,64.599407,51.437908,-3.45,2.69,51.130435,48.389262,-4.49,3.72,58.918033,52.288557,32735,29195,26352,29427
CFR PRB,CFR,,11.5,11/27/2024,,,0.28,4.45%,21.8,15.89,c450,17.25,1.36,-4.55,17.39,18.64,-0.8,-7.45,16.34,21.7,15.6,22.15,57.0,17.15,0.81,-4.55,50.704311,60.435696,66.735905,61.372549,-4.65,1.26,61.565217,61.185682,-5.0,1.55,65.606557,73.880597,9482,8719,8014,8738
CIM PRA,CIM,,NR,12/11/2024,10/21/2021,,0.5,8.00%,22.82,18.15,c775,22.03,3.88,-0.79,21.75,22.62,1.27,-2.62,19.85,24.56,17.33,24.56,71.0,21.92,2.07,-2.64,40.649666,40.152231,36.824926,36.405229,-0.9,3.77,28.956522,38.724832,-2.64,4.59,34.655738,43.631841,9058,10246,8230,9178
CIO PRA,CIO,,NR,1/8/2025,9/15/2021,,0.41,6.63%,24.0,15.06,c650,,4.05,-4.89,18.58,18.67,2.83,2.34,16.86,21.06,14.16,21.79,9.0,18.74,1.88,-2.32,33.072253,19.322835,41.335312,32.222222,-5.26,3.68,66.869565,39.530201,-3.05,4.58,40.032787,43.731343,11575,4019,6275,7290
CLDT PRA,CLDT,,NR,12/27/2024,,,0.41,6.63%,24.33,19.64,c650,,0.89,-3.8,20.34,21.47,0.91,-4.37,18.18,23.89,18.18,24.49,87.0,20.52,2.34,-3.37,42.3983,47.501312,30.41543,45.947712,-3.81,0.88,54.26087,64.58613,-3.97,2.34,52.098361,66.0199,4886,4834,1815,3845
CMS PRC,CMS,,10.5,1/2/2025,,,0.26,4.20%,20.81,17.98,c425,,-0.7,-3.53,17.17,18.44,0.66,-6.29,16.06,20.92,16.06,21.68,3.0,17.03,0.97,-3.89,43.612629,55.564304,62.937685,52.745098,-3.78,-0.95,54.0,80.961969,-4.65,0.97,61.016393,79.651741,17863,14301,16576,16247
CMSA,CMS,BB,11.5,11/29/2024,3/15/2023,,0.35,5.63%,26.19,21.25,c550,,0.15,-4.79,21.6,23.34,-0.95,-8.3,20.66,25.31,20.66,25.53,59.0,21.28,0.62,-4.03,51.432908,64.005249,71.246291,54.575163,-4.91,0.03,63.826087,72.192394,-4.25,0.62,55.770492,83.134328,11144,11824,15790,12919
CMSC,CMS,BB,11.5,12/27/2024,10/15/2023,,0.37,5.88%,25.19,21.74,c575,22.53,0.79,-2.66,22.48,23.72,0.24,-5.04,21.28,25.03,21.28,25.36,87.0,22.52,1.24,-2.51,45.652702,50.314961,56.52819,34.705882,-2.67,0.78,44.347826,65.480984,-2.84,1.24,37.278689,76.965174,31497,43971,99901,58456
CMSD,CMS,BB,11.5,11/15/2024,,,0.37,5.88%,25.59,21.91,c575,,0.62,-3.06,22.57,23.8,-0.17,-5.33,21.6,25.26,21.6,25.31,45.0,22.35,0.75,-2.91,47.644202,51.532808,68.160237,39.934641,-3.24,0.44,49.304348,68.52349,-2.96,0.75,38.852459,81.840796,43456,39767,30754,37992
CNO PRA,CNO,BB,NR,11/15/2024,11/25/2025,,0.32,5.13%,22.08,14.95,c500,17.41,2.46,-4.67,18.3,19.77,-4.84,-11.92,16.54,22.0,14.64,22.53,45.0,17.25,0.71,-4.75,70.327869,79.207349,69.109792,63.986928,-4.83,2.3,63.130435,51.879195,-5.28,2.61,69.278689,63.333333,1567,1319,1334,1407
COF PRI,COF,,10,11/13/2024,,,0.31,5.00%,23.21,16.12,c500,19.04,2.92,-4.17,19.04,19.93,0.02,-4.48,17.75,21.83,15.65,22.04,43.0,18.88,1.13,-2.95,46.721311,47.963255,59.139466,40.457516,-4.33,2.76,58.782609,47.762864,-3.16,3.23,41.47541,57.164179,104561,94219,101874,100218
COF PRJ,COF,,10,11/13/2024,,,0.3,4.80%,21.9,15.54,c475,17.95,2.41,-3.95,18.2,19.02,-1.38,-5.64,16.97,20.72,15.05,20.85,43.0,17.79,0.82,-2.93,53.521554,52.834646,66.498516,40.196078,-4.11,2.25,56.869565,52.326622,-3.06,2.74,40.163934,62.039801,100287,90939,80786,90671
COF PRK,COF,,10,11/13/2024,,,0.29,4.63%,22.17,14.99,c450,17.5,2.51,-4.67,17.59,18.73,-0.52,-6.55,16.46,20.85,14.64,21.07,43.0,17.35,0.89,-3.5,49.344262,56.656168,64.836795,47.647059,-4.82,2.36,63.043478,51.342282,-3.72,2.71,48.819672,62.338308,9192,9169,10897,9753
COF PRL,COF,,10,11/13/2024,,,0.27,4.38%,20.06,13.84,c425,16.61,2.77,-3.45,16.62,17.73,-0.07,-6.32,15.42,20.14,13.57,20.16,43.0,16.47,1.05,-3.67,47.15847,55.690289,61.038576,49.869281,-3.59,2.63,52.347826,48.926174,-3.69,2.9,48.42623,60.447761,46742,42724,36489,41985
COF PRN,COF,,10,11/13/2024,,,0.27,4.25%,19.94,13.68,c425,16.55,2.87,-3.39,16.39,17.28,0.97,-4.23,15.15,19.72,13.26,19.81,43.0,16.41,1.26,-3.31,42.106861,46.913386,56.053412,45.163399,-3.53,2.73,51.826087,48.03132,-3.4,3.15,44.622951,57.960199,33541,26085,21243,26957
CUBB,CUBI,BB,NR,12/13/2024,,,0.34,5.38%,23.56,18.75,c525,19.75,1.0,-3.81,19.86,19.99,-0.54,-1.2,18.3,21.85,16.89,22.0,73.0,19.69,1.39,-2.16,49.441409,34.188976,52.967359,30.130719,-3.87,0.94,54.782609,64.049217,-2.31,2.8,30.327869,61.442786,2185,2752,1207,2048
DCOMP,DCOM,,8,11/5/2024,2/15/2025,,0.34,5.50%,22.38,14.51,c550,18.28,3.76,-4.11,18.74,19.02,-2.5,-3.96,17.05,20.75,14.26,21.44,35.0,18.06,1.01,-2.69,58.961749,45.779528,61.988131,37.058824,-4.32,3.55,58.695652,40.693512,-3.38,3.8,44.360656,51.492537,5677,4303,5740,5240
DLR PRJ,DLR,,10.5,12/13/2024,,,0.33,5.25%,25.38,19.55,c525,20.97,1.41,-4.42,21.11,22.19,-0.72,-5.55,20.02,24.63,19.06,24.63,73.0,20.9,0.88,-3.73,50.315726,52.456693,65.074184,50.653595,-4.48,1.35,60.086957,60.380313,-3.73,1.84,48.95082,70.995025,12720,10598,7168,10162
DLR PRK,DLR,,10.5,12/13/2024,,,0.37,5.88%,26.4,22.0,c575,23.36,1.36,-3.04,23.37,24.17,-0.05,-3.33,22.1,25.41,21.4,25.61,73.0,23.29,1.19,-2.12,47.061324,43.133858,57.715134,29.607843,-3.11,1.29,48.173913,60.917226,-2.32,1.89,30.459016,70.497512,13232,14167,10693,12697
DLR PRL,DLR,,10.5,12/13/2024,,,0.33,5.20%,25.37,19.32,c525,20.12,0.8,-5.25,20.49,21.78,-1.8,-7.61,19.61,24.26,19.01,24.45,73.0,20.06,0.45,-4.2,55.561627,61.107612,75.281899,56.797386,-5.31,0.74,67.304348,65.838926,-4.39,1.05,57.606557,78.855721,19672,21987,20040,20566
DTB,DTE,BB,11.5,12/27/2024,,,0.27,4.38%,22.29,17.3,c425,17.51,0.21,-4.78,17.71,19.14,-1.12,-8.52,16.93,21.71,16.93,22.65,87.0,17.5,0.57,-4.21,52.258652,64.929134,72.433234,56.928105,-4.79,0.2,62.782609,70.671141,-5.15,0.57,67.57377,83.631841,15694,13002,17521,15406
DTG,DTE,BB,11.5,11/15/2024,,,0.27,4.38%,20.89,17.32,c425,17.23,-0.09,-3.66,17.62,19.19,-2.22,-10.2,16.71,22.05,16.71,22.25,45.0,17.09,0.38,-4.96,57.6017,71.984252,76.94362,66.732026,-3.8,-0.23,54.173913,74.519016,-5.16,0.38,67.704918,85.522388,22340,21985,17935,20753
DTW,DTE,BB,11.5,11/15/2024,12/1/2022,,0.33,5.25%,25.42,20.88,c525,21.27,0.39,-4.15,21.6,22.85,-1.54,-6.92,20.55,25.11,20.42,25.17,45.0,21.11,0.56,-4.0,54.298725,58.209974,72.670623,54.183007,-4.31,0.23,58.608696,70.402685,-4.06,0.69,53.278689,82.437811,22281,15966,16561,18269
DUK PRA,DUK,,11,11/15/2024,,,0.36,5.75%,26.49,22.91,c550,24.42,1.51,-2.07,24.79,24.97,-1.5,-2.21,24.06,25.59,22.71,25.66,45.0,24.24,0.18,-1.35,54.104432,38.430446,81.691395,19.542484,-2.25,1.33,40.695652,60.559284,-1.42,1.53,18.655738,74.079602,58524,59319,50080,55975
DUKB,DUK,BB,12,12/13/2024,,,0.35,5.63%,26.08,21.93,c550,23.92,1.99,-2.16,24.51,24.72,-2.43,-3.24,23.3,25.46,21.8,25.5,73.0,23.85,0.55,-1.61,58.621736,42.755906,72.908012,22.941176,-2.23,1.92,40.521739,55.279642,-1.65,2.05,21.672131,68.905473,27745,28548,31894,29395
ECF PRA,ECF,,16,12/16/2024,,,0.33,5.25%,24.84,21.83,c525,21.76,-0.07,-3.08,21.88,22.5,-0.53,-3.28,20.21,24.36,20.21,24.43,76.0,21.71,1.5,-2.65,49.392835,42.923885,50.356083,36.535948,-3.13,-0.12,48.347826,73.534676,-2.72,1.5,35.704918,74.378109,1241,936,447,875
EFSCP,EFSC,,NR,11/27/2024,,,0.31,5.00%,21.75,15.4,c500,19.76,4.36,-1.99,18.87,19.62,4.74,0.7,17.2,22.22,13.68,22.22,57.0,19.65,2.45,-2.57,23.794778,26.209974,27.804154,35.490196,-2.1,4.25,39.391304,34.42953,-2.57,5.97,33.737705,29.900498,2384,2106,1204,1898
ELC,ETR,BB,15,11/29/2024,,,0.3,4.88%,25.3,20.02,c475,20.19,0.17,-5.11,20.57,21.61,-1.83,-6.58,19.86,23.43,19.86,23.45,59.0,20.09,0.23,-3.34,55.707347,56.782152,80.504451,45.555556,-5.21,0.07,66.434783,71.834452,-3.36,0.23,44.098361,87.014925,12365,10434,10722,11173
EMP,ETR,BB,14.5,12/27/2024,,,0.31,4.90%,25.3,20.07,c475,20.62,0.55,-4.68,20.72,21.84,-0.49,-5.57,20.01,23.61,19.9,24.23,87.0,20.61,0.6,-3.0,49.198543,52.540682,71.721068,41.111111,-4.69,0.54,61.913043,67.628635,-3.62,0.71,47.508197,82.238806,11847,10946,9235,10676
ENJ,ETR,BB,14.5,11/29/2024,12/1/2017,,0.31,5.00%,24.79,19.49,c500,20.3,0.81,-4.49,20.73,21.68,-2.07,-6.38,19.86,23.91,19.31,24.59,59.0,20.19,0.33,-3.72,56.873103,55.942257,78.130564,50.522876,-4.6,0.7,61.130435,66.196868,-4.4,0.88,57.737705,80.547264,1525,1304,1163,1330
ENO,ETR,BB,13,12/27/2024,,,0.34,5.50%,25.4,20.75,c550,21.86,1.11,-3.54,22.0,23.02,-0.65,-5.04,21.21,25.26,20.5,25.32,87.0,21.85,0.64,-3.41,49.975713,50.314961,70.771513,46.470588,-3.55,1.1,52.0,62.61745,-3.47,1.35,45.540984,75.870647,7465,8092,4777,6778
EQH PRA,EQH,,10.5,11/29/2024,,,0.33,5.25%,23.77,17.79,c525,20.58,2.79,-3.19,20.4,21.62,0.86,-4.81,18.41,23.76,17.26,23.89,59.0,20.47,2.06,-3.29,42.641166,49.349081,37.062315,44.901961,-3.3,2.68,49.826087,48.478747,-3.42,3.21,44.885246,57.363184,47627,46975,50250,48284
EQH PRC,EQH,,10.5,11/29/2024,,,0.27,4.30%,21.08,13.95,c425,17.24,3.29,-3.84,16.89,18.16,2.08,-5.07,15.83,20.02,13.35,20.69,59.0,17.15,1.32,-2.87,36.71524,50.440945,54.62908,39.411765,-3.93,3.2,55.304348,43.825503,-3.54,3.8,46.459016,51.492537,26749,33489,61185,40475
ETI PR,ETR,,10,12/30/2024,,,0.34,5.38%,25.5,21.75,c525,22.79,1.04,-2.71,23.38,23.68,-2.52,-3.74,22.36,24.99,21.39,25.43,0.0,22.45,0.09,-2.54,59.058895,44.855643,83.827893,35.098039,-3.05,0.7,47.652174,66.196868,-2.98,1.06,39.114754,78.756219,1901,1476,1280,1552
F PRB,F,BB,9.5,11/12/2024,6/1/2024,,0.39,6.20%,26.79,20.83,c625,21.5,0.67,-5.29,21.35,23.28,0.71,-7.64,19.85,25.39,19.85,25.64,42.0,21.29,1.44,-4.1,43.369763,61.233596,51.780415,55.490196,-5.5,0.46,68.956522,68.344519,-4.35,1.44,57.081967,74.975124,43765,45803,48778,46115
F PRC,F,BB,9,11/12/2024,12/1/2024,,0.38,6.00%,25.99,20.49,c600,21.34,0.85,-4.65,20.94,22.9,1.9,-6.8,19.2,25.02,19.2,25.38,42.0,21.14,1.94,-3.88,37.589557,57.706037,39.910979,52.614379,-4.85,0.65,63.304348,66.644295,-4.24,1.94,55.639344,70.0,46984,44923,32399,41435
FBRT PRE,FBRT,,NR,12/27/2024,,,0.47,7.50%,21.68,18.2,c750,21.1,2.9,-0.58,20.62,21.43,2.34,-1.56,19.05,23.65,18.03,23.65,87.0,21.08,2.03,-2.57,35.452338,35.700787,37.774481,35.490196,-0.6,2.88,26.347826,46.689038,-2.57,3.05,33.737705,58.955224,13477,11659,7211,10782
FCNCO,FCNCA,,9.5,11/27/2024,,,0.35,5.63%,24.08,19.4,c550,23.26,3.86,-0.82,22.25,22.91,4.54,1.52,20.57,24.81,18.91,24.83,57.0,23.13,2.56,-1.68,24.766242,22.766404,25.192878,23.856209,-0.95,3.73,29.391304,39.082774,-1.7,4.22,22.327869,47.313433,12682,13862,23155,16566
FCNCP,FCNCA,,9.5,11/27/2024,,,0.34,5.38%,23.66,18.85,c525,21.6,2.75,-2.06,21.36,22.32,1.14,-3.21,19.3,24.42,18.69,24.42,57.0,21.48,2.18,-2.94,41.281117,42.629921,34.21365,40.326797,-2.18,2.63,40.086957,48.926174,-2.94,2.79,38.590164,61.542289,15429,19683,23231,19448
FHN PRF,FHN,,8.5,12/20/2024,,,0.29,4.70%,,,c475,17.35,,,17.5,18.33,-0.88,-5.36,16.41,21.48,13.13,21.48,80.0,17.32,0.91,-4.16,51.092896,51.658793,64.362018,56.27451,,,,,-4.16,4.19,54.590164,47.61194,6813,5474,8040,6776
FITBO,FITB,,10.5,12/26/2024,,,0.31,4.95%,25.79,17.93,c500,19.82,1.89,-5.97,21.3,21.71,-6.94,-8.7,19.52,24.15,17.58,24.15,86.0,19.81,0.29,-4.34,80.528233,65.685039,79.080119,58.627451,-5.98,1.88,73.130435,55.637584,-4.34,2.23,56.95082,67.114428,20069,21442,24469,21993
FITBP,FITB,,NR,12/26/2024,,,0.38,6.00%,25.6,22.13,c600,24.4,2.27,-1.2,24.4,24.49,-0.01,-0.37,23.04,25.56,21.01,25.9,86.0,24.38,1.34,-1.18,46.867031,30.703412,54.154303,17.320261,-1.22,2.25,31.73913,52.326622,-1.52,3.37,19.967213,55.771144,8135,9050,8836,8674
FRT PRC,FRT,,12.5,1/2/2025,,,0.31,5.00%,25.75,19.64,c500,20.3,0.66,-5.45,20.61,21.39,-1.53,-5.08,19.41,23.27,18.57,23.9,3.0,20.0,0.59,-3.27,54.250152,50.48294,71.958457,44.640523,-5.75,0.36,71.130435,69.239374,-3.9,1.43,51.180328,75.074627,5989,5439,2033,4487
FULTP,FULT,,11,12/2/2024,,,0.32,5.13%,23.1,15.09,c500,18.19,3.1,-4.91,19.02,19.25,-4.34,-5.51,17.25,21.22,14.56,21.22,62.0,18.09,0.84,-3.13,67.899211,52.288714,66.023739,42.810458,-5.01,3.0,64.695652,45.615213,-3.13,3.53,41.081967,54.179104,8553,6299,8954,7935
GAB PRG,GAB,,16,12/16/2024,,,0.31,5.00%,24.5,21.0,c500,20.52,-0.48,-3.98,21.09,21.81,-2.7,-5.92,20.17,24.0,20.17,24.2,76.0,20.47,0.3,-3.53,59.933212,54.010499,78.84273,48.039216,-4.03,-0.53,56.173913,77.203579,-3.73,0.3,48.95082,86.318408,4073,4911,2322,3769
GAB PRH,GAB,,16,12/16/2024,,,0.31,5.00%,23.89,20.98,c500,20.57,-0.41,-3.32,21.08,21.85,-2.43,-5.87,20.39,24.03,20.39,24.24,76.0,20.52,0.13,-3.51,58.621736,53.800525,82.878338,47.777778,-3.37,-0.46,50.434783,76.577181,-3.72,0.13,48.819672,88.00995,9143,10262,12839,10748
GAB PRK,GAB,,16,12/16/2024,,,0.31,5.00%,24.4,21.23,c500,20.54,-0.69,-3.86,21.1,21.86,-2.64,-6.04,20.48,24.17,20.48,24.25,76.0,20.49,0.01,-3.68,59.641773,54.514436,85.727003,50.0,-3.91,-0.74,55.130435,79.082774,-3.76,0.01,49.344262,89.20398,7201,8169,10328,8566
GDV PRH,GDV,,17,12/16/2024,,,0.34,5.38%,25.85,22.55,c525,22.45,-0.1,-3.4,23.23,23.67,-3.34,-5.14,22.35,25.15,22.0,25.34,76.0,22.4,0.05,-2.75,63.041894,50.734908,84.777448,37.843137,-3.45,-0.15,51.130435,73.803132,-2.94,0.4,38.590164,85.323383,2991,3324,3297,3204
GDV PRK,GDV,,17,12/13/2024,,,0.27,4.25%,20.82,17.65,c425,18.09,0.44,-2.73,18.48,19.12,-2.09,-5.39,17.96,21.31,16.96,21.49,73.0,18.04,0.08,-3.27,56.970249,51.784777,84.065282,44.640523,-2.78,0.39,45.304348,68.970917,-3.45,1.08,45.278689,78.557214,7732,8359,4963,7018
GGN PRB,GGN,,15,12/16/2024,5/7/2018,,0.31,5.00%,23.67,21.38,c500,20.35,-1.03,-3.32,20.73,21.37,-1.81,-4.79,19.84,23.88,19.84,24.15,76.0,20.3,0.46,-3.58,55.6102,49.265092,75.04451,48.69281,-3.37,-1.08,50.434783,82.12528,-3.85,0.46,50.52459,84.726368,8074,9189,3836,7033
GGT PRE,GGT,,15,12/16/2024,,,0.32,5.13%,24.85,22.98,c500,22.91,-0.07,-1.94,22.82,23.0,0.38,-0.39,22.25,24.63,21.41,24.7,76.0,22.86,0.61,-1.77,44.972678,30.787402,71.48368,25.03268,-1.99,-0.12,38.434783,73.534676,-1.84,1.45,24.163934,74.875622,657,567,361,528
GGT PRG,GGT,,15,12/16/2024,12/20/2024,,0.32,5.13%,24.59,22.95,c500,22.65,-0.3,-1.94,22.69,22.96,-0.16,-1.36,22.25,24.47,21.87,24.47,76.0,22.6,0.35,-1.87,47.595628,34.860892,77.655786,26.339869,-1.99,-0.35,38.434783,75.592841,-1.87,0.73,24.557377,82.039801,883,1022,513,806
GNT PRA,GNT,,15,11/15/2024,,,0.33,5.20%,24.55,21.53,c525,21.49,-0.05,-3.07,21.69,22.21,-0.96,-3.28,21.33,24.01,21.17,24.3,45.0,21.32,-0.01,-2.69,51.481481,42.923885,86.20178,37.058824,-3.23,-0.21,49.217391,74.340045,-2.98,0.15,39.114754,87.810945,800,619,138,519
GPJA,SO,BB,11.5,12/27/2024,,,0.31,5.00%,25.62,20.82,c500,20.92,0.1,-4.7,22.15,23.36,-5.55,-10.44,20.7,24.98,20.58,25.66,87.0,20.91,0.21,-4.07,73.776563,72.992126,80.979228,55.098039,-4.71,0.09,62.086957,71.655481,-4.75,0.33,62.327869,86.0199,16536,12256,16104,14965
GRBK PRA,GRBK,,NR,11/25/2024,,,0.36,5.75%,22.08,17.93,c550,23.5,5.57,1.42,22.83,23.12,2.95,1.62,21.06,24.6,17.15,25.0,55.0,23.36,2.3,-1.24,32.489375,22.346457,31.364985,18.104575,1.28,5.43,10.0,23.870246,-1.64,6.21,21.540984,27.512438,3508,2948,4178,3544
GUT PRC,GUT,,16,12/16/2024,,,0.34,5.38%,25.39,23.02,c525,22.42,-0.6,-2.97,23.79,24.21,-5.75,-7.41,22.36,25.0,22.33,25.56,76.0,22.37,0.01,-2.63,74.748027,60.267717,85.727003,36.27451,-3.02,-0.65,47.391304,78.277405,-3.19,0.04,41.868852,88.905473,1493,1944,3497,2312
HBANM,HBAN,,9,11/15/2024,12/1/2022,,0.36,5.70%,25.47,17.8,c550,22.13,4.33,-3.34,22.43,23.01,-1.36,-3.82,21.38,25.39,17.68,25.39,45.0,21.95,0.57,-3.44,53.424408,45.191601,72.433234,46.862745,-3.52,4.15,51.73913,35.324385,-3.44,4.27,45.147541,46.81592,10934,8385,6003,8441
HBANP,HBAN,,10,1/2/2025,,,0.28,4.50%,20.81,14.07,c450,17.53,3.46,-3.28,17.55,18.35,-0.1,-4.47,16.22,20.65,13.71,20.74,3.0,17.26,1.04,-3.39,47.304189,47.92126,61.275964,46.20915,-3.55,3.19,52.0,43.914989,-3.48,3.55,45.672131,53.9801,39294,39452,43857,40868
HFRO PRA,HFRO,,16,12/20/2024,,,0.34,5.38%,23.45,17.01,c525,15.92,-1.09,-7.53,15.68,17.55,1.51,-9.28,14.5,20.9,14.5,21.09,80.0,15.88,1.38,-5.02,39.48391,68.120735,53.204748,67.51634,-7.57,-1.13,86.956522,82.572707,-5.21,1.38,68.360656,75.572139,19004,15703,13128,15945
HIG PRG,HIG,,11,11/1/2024,11/15/2023,,0.38,6.00%,26.6,22.89,c600,25.09,2.2,-1.51,24.89,25.04,0.79,0.21,23.99,25.53,22.76,25.6,31.0,24.84,0.85,-0.69,42.981178,28.267717,65.78635,10.915033,-1.76,1.95,36.434783,55.011186,-0.76,2.08,10.0,68.606965,17845,15761,15624,16410
HWCPZ,HWC,BB,11,11/27/2024,6/15/2025,,0.39,6.25%,26.56,22.45,c625,23.58,1.13,-2.98,23.78,24.05,-0.82,-1.97,22.21,25.42,21.05,26.19,57.0,23.44,1.23,-1.98,50.801457,37.422572,56.765579,27.777778,-3.12,0.99,48.26087,63.60179,-2.75,2.39,36.098361,65.522388,7674,7819,6067,7187
INN PRE,INN,,NR,11/13/2024,11/13/2022,,0.39,6.25%,21.22,18.14,c625,18.17,0.03,-3.05,19.24,20.34,-5.57,-10.67,17.3,21.77,17.3,22.48,43.0,17.97,0.67,-3.8,73.87371,73.958005,70.059347,51.568627,-3.25,-0.17,49.391304,73.982103,-4.51,0.67,59.180328,82.636816,9255,5830,4580,6555
INN PRF,INN,,NR,11/13/2024,8/12/2026,,0.37,5.88%,21.02,18.07,c575,17.86,-0.21,-3.16,18.65,19.91,-4.25,-10.29,17.03,22.0,16.75,22.0,43.0,17.67,0.64,-4.33,67.462052,72.362205,70.771513,58.496732,-3.35,-0.4,50.26087,76.040268,-4.33,0.92,56.819672,80.149254,4635,3536,4854,4341
JPM PRC,JPM,,11.5,10/29/2024,3/1/2024,,0.38,6.00%,26.1,24.11,c600,25.28,1.17,-0.82,25.14,25.27,0.57,0.05,24.74,25.76,23.87,25.82,28.0,25.02,0.28,-0.74,44.049787,28.939633,79.317507,11.568627,-1.08,0.91,30.521739,64.317673,-0.8,1.15,10.52459,77.860697,118908,125651,130247,124936
JPM PRD,JPM,,11.5,10/29/2024,12/1/2023,,0.36,5.75%,25.75,23.3,c550,24.54,1.24,-1.21,24.53,24.91,0.02,-1.49,23.82,25.56,22.83,25.67,28.0,24.29,0.47,-1.27,46.721311,35.406824,74.807122,18.496732,-1.46,0.99,33.826087,63.60179,-1.38,1.46,18.131148,74.776119,108175,117213,143413,122934
JPM PRJ,JPM,,11.5,10/29/2024,,,0.3,4.75%,23.74,19.38,c475,20.16,0.78,-3.58,20.3,21.5,-0.68,-6.25,19.36,23.98,19.02,24.85,28.0,19.95,0.59,-4.03,50.121433,55.396325,71.958457,54.575163,-3.79,0.57,54.086957,67.360179,-4.9,0.93,64.295082,80.049751,71054,71924,62657,68545
JPM PRK,JPM,,11.5,10/29/2024,,,0.28,4.55%,21.65,18.67,c450,,0.47,-2.51,19.37,20.54,-1.19,-6.8,18.49,22.71,18.32,23.04,28.0,18.95,0.46,-3.76,52.598664,57.706037,75.04451,51.045752,-2.7,0.28,44.608696,69.955257,-4.09,0.63,53.672131,83.034826,131090,120658,104162,118637
JPM PRL,JPM,,11.5,10/29/2024,,,0.29,4.63%,21.62,18.94,c450,19.59,0.65,-2.03,19.71,20.89,-0.63,-6.24,18.88,23.12,18.71,23.44,28.0,19.39,0.51,-3.73,49.878567,55.354331,73.857567,50.653595,-2.23,0.45,40.521739,68.434004,-4.05,0.68,53.147541,82.537313,143066,131269,161592,145309
JPM PRM,JPM,,11.5,10/29/2024,,,0.26,4.20%,20.7,17.17,c425,17.96,0.79,-2.74,18.13,19.16,-0.92,-6.26,17.25,21.24,16.96,21.68,28.0,17.78,0.53,-3.46,51.287189,55.43832,73.382789,47.124183,-2.92,0.61,46.521739,67.002237,-3.9,0.82,51.180328,81.144279,187185,164882,185220,179095
JSM,NAVI,BB,7.5,12/13/2024,,,0.38,6.00%,23.5,16.7,c600,18.82,2.12,-4.68,18.42,19.28,2.19,-2.37,16.51,20.83,16.06,21.82,73.0,18.75,2.24,-2.08,36.180935,39.102362,32.789318,29.084967,-4.75,2.05,62.434783,54.116331,-3.07,2.69,40.295082,62.537313,14958,13581,14093,14210
KEY PRJ,KEY,,10.5,11/27/2024,,,0.35,5.65%,25.36,16.17,c550,21.17,5.0,-4.19,21.39,21.88,-1.01,-3.23,19.97,24.18,15.19,24.18,57.0,21.04,1.07,-3.14,51.724347,42.713911,60.563798,42.941176,-4.32,4.87,58.695652,28.881432,-3.14,5.85,41.213115,31.094527,27960,24867,23635,25487
KEY PRK,KEY,,10.5,11/27/2024,,,0.35,5.63%,26.17,16.05,c550,21.25,5.2,-4.92,21.2,21.87,0.24,-2.84,19.76,24.43,14.99,24.43,57.0,21.12,1.36,-3.31,45.652702,41.076115,53.679525,45.163399,-5.05,5.07,65.043478,27.091723,-3.31,6.13,43.442623,28.308458,23824,20550,21140,21838
KIM PRL,KIM,,11.5,12/27/2024,,,0.32,5.13%,25.42,19.2,c500,19.82,0.62,-5.6,20.27,21.34,-2.23,-7.12,19.39,23.68,18.81,24.18,87.0,19.81,0.42,-3.87,57.650273,59.049869,75.994065,52.48366,-5.61,0.61,69.913043,67.002237,-4.37,1.0,57.344262,79.353234,11649,10895,6937,9827
KIM PRM,KIM,,11.5,12/27/2024,,,0.33,5.25%,25.4,19.83,c525,20.16,0.33,-5.24,20.64,21.87,-2.33,-7.81,19.71,24.43,19.71,25.16,87.0,20.15,0.44,-4.28,58.136005,61.947507,75.519288,57.843137,-5.25,0.32,66.782609,69.597315,-5.01,0.44,65.737705,84.925373,15684,16394,14415,15498
KREF PRA,KREF,,NR,11/27/2024,4/16/2026,,0.41,6.50%,23.37,16.18,c650,20.85,4.67,-2.52,19.38,19.94,7.58,4.56,17.98,21.88,15.81,23.66,57.0,20.7,2.72,-1.18,10.0,10.0,21.394659,17.320261,-2.67,4.52,44.347826,32.013423,-2.96,4.89,38.852459,40.646766,17032,16907,15068,16336
MBINN,MBIN,,NR,12/13/2024,,,0.38,6.00%,24.23,16.5,c600,19.78,3.27,-4.46,20.33,21.4,-2.74,-7.63,18.31,24.26,16.31,24.34,73.0,19.7,1.39,-4.56,60.127505,61.191601,52.967359,61.503268,-4.53,3.2,60.521739,43.825503,-4.64,3.39,60.885246,55.572139,7563,6825,4792,6394
MET PRE,MET,,12,11/27/2024,,,0.35,5.63%,26.5,21.22,c550,23.76,2.54,-2.74,23.62,24.17,0.58,-1.72,22.66,25.19,21.03,25.23,57.0,23.63,0.97,-1.56,44.001214,36.372703,62.937685,22.287582,-2.87,2.41,46.086957,50.894855,-1.6,2.6,21.016393,63.432836,53590,45382,54509,51160
MET PRF,MET,,12,11/27/2024,,,0.3,4.75%,24.56,18.5,c475,19.67,1.17,-4.89,19.87,20.86,-0.99,-5.69,19.0,23.21,18.33,23.21,57.0,19.56,0.56,-3.65,51.627201,53.044619,72.670623,49.607843,-5.0,1.06,64.608696,62.975391,-3.65,1.23,47.901639,77.064677,88400,91183,127054,102213
MFA PRB,MFA,,NR,11/27/2024,4/15/2018,,0.47,7.50%,21.92,18.34,c750,20.57,2.23,-1.35,20.99,21.57,-2.0,-4.64,18.27,23.67,17.01,23.67,57.0,20.4,2.13,-3.27,56.53309,48.635171,35.400593,44.640523,-1.52,2.06,34.347826,54.026846,-3.27,3.39,42.918033,55.572139,16330,15141,11833,14435
MGR,AMG,BB,12,12/27/2024,,,0.37,5.88%,26.29,19.6,c575,20.55,1.32,-5.37,21.08,22.64,-0.74,-7.61,19.91,25.15,19.43,25.17,87.0,20.91,1.0,-4.24,50.412872,61.107612,62.225519,57.320261,-5.38,1.31,67.913043,60.738255,-4.26,1.48,55.901639,74.577114,17708,16566,15313,16529
MGRB,AMG,BB,12,12/27/2024,,,0.3,4.75%,22.01,16.09,c475,,1.0,-4.92,17.27,18.69,-1.02,-8.55,16.13,21.0,15.83,21.0,87.0,17.08,0.95,-3.92,51.77292,65.055118,63.412463,53.137255,-4.93,0.99,64.0,63.60179,-3.92,1.25,51.442623,76.865672,18167,18871,17340,18126
MGRD,AMG,BB,12,12/27/2024,,,0.26,4.20%,19.5,15.18,c425,15.17,0.25,-4.07,15.48,16.55,-0.3,-6.75,14.61,18.37,14.61,18.37,87.0,15.42,0.81,-2.95,48.275653,57.496063,66.735905,40.457516,-4.08,0.24,56.608696,70.313199,-2.95,0.81,38.721311,81.243781,10256,10147,10419,10274
MS PRK,MS,,11,12/27/2024,,,0.37,5.85%,26.38,21.4,c575,23.87,2.47,-2.51,23.58,24.45,1.22,-2.37,22.52,25.75,21.16,26.0,87.0,23.86,1.34,-1.89,40.892532,39.102362,54.154303,26.601307,-2.52,2.46,43.043478,50.447427,-2.14,2.7,28.098361,62.437811,80818,86151,85743,84237
MS PRL,MS,,11,12/27/2024,,,0.3,4.88%,24.0,18.32,c475,20.08,1.76,-3.92,20.13,21.74,-0.26,-7.63,19.26,24.32,18.15,24.49,87.0,20.07,0.81,-4.25,48.08136,61.191601,66.735905,57.45098,-3.93,1.75,55.304348,56.800895,-4.42,1.92,58.0,70.199005,26852,27956,30469,28425
MS PRO,MS,,11,12/27/2024,,,0.27,4.25%,20.77,15.9,c425,,1.64,-3.23,17.66,18.78,-0.68,-6.59,16.77,21.02,15.7,21.47,87.0,17.53,0.76,-3.49,50.121433,56.824147,67.922849,47.51634,-3.24,1.63,49.304348,57.87472,-3.94,1.83,51.704918,71.094527,124384,103666,126408,118153
NCV PRA,NCV,,NR,12/5/2024,,,0.35,5.63%,24.28,20.92,c550,21.18,0.26,-3.1,21.76,22.01,-2.68,-3.77,20.72,23.18,20.6,23.64,65.0,21.08,0.36,-2.1,59.836066,44.981627,77.418398,29.346405,-3.2,0.16,48.956522,71.029083,-2.56,0.48,33.606557,84.527363,5519,3507,4848,4625
NCZ PRA,NCZ,,NR,12/5/2024,,,0.34,5.50%,24.28,20.5,c550,20.84,0.34,-3.44,21.02,21.05,-0.84,-0.99,19.92,22.09,19.92,22.38,65.0,20.75,0.83,-1.34,50.898604,33.307087,66.261128,19.411765,-3.53,0.25,51.826087,70.223714,-1.63,0.83,21.409836,81.044776,8815,8505,3157,6826
NEE PRN,NEE,BB,12,11/27/2024,,,0.35,5.65%,26.15,22.13,c550,,0.19,-3.83,22.8,24.0,-2.09,-6.98,21.85,25.55,21.85,25.62,57.0,22.19,0.34,-3.36,56.970249,58.461942,77.893175,45.816993,-3.96,0.06,55.565217,71.923937,-3.43,0.34,45.016393,85.920398,48452,49357,50800,49537
NRUC,-,BB,13,11/1/2024,,,0.34,5.50%,25.22,21.75,c550,24.19,2.44,-1.03,23.53,24.12,2.8,0.29,22.38,25.75,21.64,25.75,31.0,23.97,1.59,-1.78,33.217972,27.931759,48.219585,25.163399,-1.25,2.22,32.0,52.595078,-1.78,2.33,23.377049,66.119403,15479,14521,12745,14248
NSA PRA,NSA,,NR,12/13/2024,,,0.38,6.00%,25.3,20.65,c600,22.99,2.34,-2.31,22.48,22.86,2.27,0.58,21.12,24.8,20.16,25.2,73.0,22.92,1.8,-1.88,35.79235,26.713911,43.234421,26.470588,-2.38,2.27,41.826087,52.147651,-2.28,2.76,29.934426,61.840796,11964,11715,14593,12757
NTRSO,NTRS,,13,12/13/2024,,,0.29,4.70%,24.85,18.3,c475,19.4,1.1,-5.45,19.74,20.87,-1.7,-7.04,18.74,24.29,18.1,24.29,73.0,19.35,0.61,-4.94,55.075896,58.713911,71.48368,66.470588,-5.5,1.05,68.956522,63.064877,-4.94,1.25,64.819672,76.865672,26881,24373,27508,26254
NYMTZ,NYMT,,NR,1/2/2025,,,0.44,7.00%,19.78,16.6,c700,18.75,2.15,-1.03,18.52,19.35,1.22,-3.08,16.75,21.5,15.31,21.75,3.0,18.32,1.57,-3.18,40.892532,42.08399,48.694362,43.464052,-1.46,1.72,33.826087,57.069351,-3.43,3.01,45.016393,59.353234,4187,3669,3352,3736
OPP PRA,OPP,,16,11/1/2024,,,0.27,4.38%,20.87,16.98,c425,17.14,0.16,-3.73,17.9,18.56,-4.25,-7.65,16.54,19.95,16.54,20.21,31.0,16.96,0.42,-2.99,67.462052,61.275591,75.994065,40.980392,-3.91,-0.02,55.130435,72.639821,-3.25,0.42,42.655738,85.124378,4783,4457,6630,5290
OPP PRB,OPP,,16,11/1/2024,2/15/2027,,0.3,4.75%,21.43,18.7,c475,18.44,-0.26,-2.99,19.42,20.0,-5.07,-7.8,18.34,21.13,18.31,22.31,31.0,18.24,-0.1,-2.89,71.445052,61.905512,88.338279,39.673203,-3.19,-0.46,48.869565,76.577181,-4.07,-0.07,53.409836,90.0,2995,2066,3214,2758
OZKAP,OZK,,9,11/1/2024,11/15/2026,,0.29,4.63%,20.78,14.61,c450,16.31,1.7,-4.47,16.61,17.04,-1.81,-4.27,15.69,19.88,14.37,19.88,31.0,16.12,0.43,-3.76,55.6102,47.081365,75.756677,51.045752,-4.66,1.51,61.652174,58.948546,-3.76,1.75,49.344262,71.890547,29164,24480,21925,25190
PEB PRE,PEB,,NR,12/27/2024,,,0.4,6.38%,24.71,18.32,c625,18.15,-0.17,-6.56,18.09,20.24,0.32,-10.35,16.27,23.22,16.27,23.22,87.0,18.14,1.87,-5.08,45.264117,72.614173,41.5727,68.300654,-6.57,-0.18,78.26087,74.071588,-5.08,1.87,66.655738,70.696517,9006,7565,3961,6844
PEB PRF,PEB,,NR,12/27/2024,,,0.39,6.30%,23.52,18.56,c625,18.45,-0.11,-5.07,18.31,20.35,0.79,-9.33,16.85,23.75,16.85,23.75,87.0,18.44,1.59,-5.31,42.981178,68.330709,48.219585,71.30719,-5.08,-0.12,65.304348,73.534676,-5.31,1.59,69.672131,73.482587,7189,8268,1867,5774
PEB PRG,PEB,,NR,12/27/2024,,,0.4,6.38%,23.4,18.0,c625,18.37,0.37,-5.03,18.3,20.09,0.38,-8.57,16.6,22.94,16.6,23.18,87.0,18.36,1.76,-4.58,44.972678,65.139108,44.183976,61.764706,-5.04,0.36,64.956522,69.239374,-4.82,1.76,63.245902,71.791045,9443,8821,4193,7486
PEB PRH,PEB,,NR,12/27/2024,,,0.36,5.70%,21.01,16.38,c550,16.36,-0.02,-4.65,16.54,18.17,-1.06,-9.98,15.51,21.12,15.02,21.12,87.0,16.35,0.84,-4.77,51.967213,71.060367,66.023739,64.248366,-4.66,-0.03,61.652174,72.729306,-4.77,1.33,62.590164,76.069652,11295,7199,6454,8316
PFH,PRU,BB,13,11/15/2024,9/1/2025,,0.26,4.13%,22.61,17.35,c400,17.39,0.04,-5.22,17.47,18.9,-0.46,-8.0,16.62,21.27,16.62,21.59,45.0,17.26,0.64,-4.01,49.052823,62.745407,70.771513,54.313725,-5.35,-0.09,67.652174,73.266219,-4.33,0.64,56.819672,82.935323,30861,30002,33900,31588
PRH,PRU,BB,13,11/15/2024,,,0.37,5.95%,,23.79,c575,25.14,1.35,,24.79,25.53,1.4,-1.54,23.59,26.89,23.17,26.95,45.0,24.96,1.37,-1.93,40.018215,35.616798,53.442136,27.124183,,1.17,,61.991051,-1.99,1.79,26.131148,71.492537,18925,22952,15463,19113
PRS,PRU,BB,13,11/1/2024,8/15/2023,,0.35,5.63%,26.16,22.52,c550,23.71,1.19,-2.45,23.22,24.13,2.1,-1.75,22.35,25.42,22.31,25.42,31.0,23.48,1.13,-1.94,36.618094,36.498688,59.139466,27.254902,-2.68,0.96,44.434783,63.870246,-1.94,1.17,25.47541,77.661692,30406,28478,31338,30074
PSA PRF,PSA,,13.5,12/12/2024,,,0.32,5.15%,25.84,20.87,c500,20.58,-0.29,-5.26,21.06,22.67,-2.3,-9.2,19.87,25.08,19.87,25.11,72.0,20.52,0.65,-4.56,57.990285,67.784777,70.534125,61.503268,-5.32,-0.35,67.391304,75.592841,-4.59,0.65,60.229508,82.835821,18539,14635,17927,17034
PSA PRG,PSA,,13.5,12/12/2024,,,0.32,5.05%,25.87,21.11,c500,20.25,-0.86,-5.62,20.86,22.45,-2.95,-9.79,19.87,25.0,19.87,25.06,72.0,20.19,0.32,-4.81,61.147541,70.262467,78.367953,64.771242,-5.68,-0.92,70.521739,80.693512,-4.87,0.32,63.901639,86.119403,17025,13952,10733,13903
PSA PRH,PSA,,13.5,12/12/2024,,,0.35,5.60%,26.96,22.76,c550,22.8,0.04,-4.16,22.98,24.17,-0.8,-5.67,20.85,25.7,20.85,25.95,72.0,22.73,1.88,-2.97,50.704311,52.96063,41.335312,40.718954,-4.23,-0.03,57.913043,72.729306,-3.22,1.88,42.262295,70.597015,19567,19370,14478,17805
PSA PRI,PSA,,13.5,12/12/2024,,,0.3,4.88%,25.8,19.44,c475,19.44,0.0,-6.36,19.86,21.4,-2.13,-9.17,18.69,23.72,18.69,23.94,72.0,19.38,0.69,-4.34,57.164542,67.658793,69.58457,58.627451,-6.42,-0.06,76.956522,72.997763,-4.56,0.69,59.836066,82.437811,15908,12425,10815,13049
PSA PRJ,PSA,,13.5,12/12/2024,,,0.29,4.70%,25.08,18.25,c475,18.69,0.44,-6.39,19.13,20.53,-2.32,-8.97,18.25,23.21,17.94,23.21,72.0,18.63,0.38,-4.58,58.087432,66.818898,76.94362,61.764706,-6.45,0.38,77.217391,69.060403,-4.58,0.69,60.098361,82.437811,15014,14716,12785,14172
PSA PRK,PSA,,13.5,12/12/2024,,,0.3,4.75%,25.8,18.4,c475,18.92,0.51,-6.89,19.35,20.72,-2.26,-8.74,18.44,23.16,18.16,23.21,72.0,18.85,0.41,-4.31,57.795993,65.853018,76.231454,58.235294,-6.95,0.45,81.565217,68.434004,-4.36,0.69,57.213115,82.437811,16810,18044,15703,16852
PSA PRL,PSA,,13.5,12/12/2024,,,0.29,4.63%,24.84,18.17,c450,18.58,0.41,-6.26,18.93,20.23,-1.84,-8.16,17.52,22.75,17.52,22.89,72.0,18.52,1.0,-4.23,55.75592,63.417323,62.225519,57.189542,-6.32,0.35,76.086957,69.328859,-4.37,1.0,57.344262,79.353234,29812,26880,29821,28838
PSA PRM,PSA,,13.5,12/12/2024,,,0.26,4.13%,22.79,16.05,c400,16.58,0.53,-6.21,16.95,18.23,-2.21,-9.07,16.11,20.52,15.82,20.79,72.0,16.53,0.42,-3.99,57.553127,67.238845,75.994065,54.052288,-6.26,0.48,75.565217,68.165548,-4.26,0.71,55.901639,82.238806,9087,8769,11110,9655
PSA PRN,PSA,,13.5,12/12/2024,,,0.24,3.88%,21.02,15.12,c400,15.57,0.45,-5.45,15.9,16.99,-2.05,-8.33,15.1,19.12,14.9,19.23,72.0,15.52,0.42,-3.6,56.775956,64.131234,75.994065,48.954248,-5.5,0.4,68.956522,68.881432,-3.71,0.62,48.688525,83.134328,17249,18548,25800,20532
PSA PRO,PSA,,13.5,12/12/2024,11/17/2025,,0.24,3.90%,20.29,15.53,c400,15.61,0.08,-4.68,15.96,17.06,-2.18,-8.49,15.07,18.97,15.07,19.13,72.0,15.56,0.49,-3.41,57.407407,64.80315,74.332344,46.470588,-4.73,0.03,62.26087,72.192394,-3.57,0.49,46.852459,84.427861,16880,17388,35804,23357
PSA PRP,PSA,,13.5,12/12/2024,,,0.25,4.00%,20.88,15.54,c400,16.01,0.47,-4.87,16.31,17.52,-1.83,-8.64,15.39,19.76,15.37,19.99,72.0,15.96,0.57,-3.8,55.707347,65.433071,72.433234,51.568627,-4.92,0.42,63.913043,68.702461,-4.03,0.59,52.885246,83.432836,41742,37594,47190,42175
PSA PRQ,PSA,,13.5,12/12/2024,,,0.25,3.95%,20.84,15.31,c400,15.83,0.52,-5.01,16.06,17.24,-1.43,-8.19,15.3,19.28,15.17,19.47,72.0,15.78,0.48,-3.5,53.76442,63.543307,74.569733,47.647059,-5.06,0.47,65.130435,68.255034,-3.69,0.61,48.42623,83.233831,13333,13342,18760,15145
PSA PRR,PSA,,13.5,12/12/2024,,,0.25,4.00%,20.78,15.59,c400,15.99,0.4,-4.79,16.29,17.58,-1.86,-9.05,15.45,19.99,15.38,20.16,72.0,15.94,0.49,-4.05,55.853066,67.154856,74.332344,54.836601,-4.84,0.35,63.217391,69.328859,-4.22,0.56,55.377049,83.731343,31482,30954,48648,37028
PSA PRS,PSA,,13.5,12/12/2024,,,0.26,4.10%,21.15,15.83,c400,16.37,0.54,-4.78,16.66,18.0,-1.74,-9.04,14.18,20.44,14.18,20.47,72.0,16.32,2.14,-4.12,55.270188,67.112861,35.163205,55.751634,-4.83,0.49,63.130435,68.076063,-4.15,2.14,54.459016,68.00995,16040,17642,12558,15413
PSEC PRA,PSEC,,9,10/16/2024,7/19/2026,,0.33,5.35%,19.55,15.21,c525,15.75,0.54,-3.8,16.27,17.55,-3.21,-10.24,14.58,21.54,14.04,21.54,15.0,15.47,0.89,-6.07,62.410443,72.152231,64.836795,81.24183,-4.08,0.26,56.608696,70.134228,-6.07,1.43,79.639344,75.074627,8170,7482,6654,7435
REGCO,REG,,NR,10/16/2024,,,0.37,5.88%,,21.85,c575,22.42,0.57,,22.41,22.75,0.04,-1.45,21.43,24.7,21.2,24.9,15.0,22.11,0.68,-2.59,46.624165,35.238845,69.821958,35.751634,,0.26,,70.134228,-2.79,0.91,36.622951,80.248756,5701,4926,3073,4567
REGCP,REG,,NR,10/16/2024,,,0.39,6.25%,,23.1,c625,23.52,0.42,,23.36,23.76,0.67,-0.99,21.88,25.4,21.88,25.63,15.0,23.2,1.32,-2.2,43.564056,33.307087,54.62908,30.653595,,0.1,,71.565996,-2.43,1.32,31.901639,76.169154,4869,4320,3327,4172
REXR PRB,REXR,,NR,12/13/2024,,,0.37,5.88%,25.39,21.16,c575,22.33,1.17,-3.06,23.06,22.86,-3.16,-2.32,22.15,24.43,20.6,24.57,73.0,22.26,0.11,-2.17,62.167577,38.892388,83.353116,30.261438,-3.13,1.1,48.347826,62.61745,-2.31,1.66,30.327869,72.78607,4993,3802,1147,3314
REXR PRC,REXR,,NR,11/15/2024,,,0.35,5.63%,26.1,20.05,c550,20.97,0.91,-5.14,21.7,21.99,-3.43,-4.66,20.13,24.22,19.71,24.54,45.0,20.79,0.66,-3.43,63.479053,48.71916,70.296736,46.732026,-5.31,0.74,67.304348,65.838926,-3.75,1.08,49.213115,78.557214,7423,3790,1425,4213
RF PRE,RF,,10,11/27/2024,,,0.28,4.45%,20.69,15.45,c450,17.5,2.05,-3.19,17.42,18.19,0.44,-3.78,16.41,19.98,14.16,19.98,57.0,17.4,0.99,-2.58,44.681239,45.023622,62.462908,35.620915,-3.29,1.95,49.73913,55.011186,-2.58,3.24,33.868852,57.064677,28617,26343,29117,28026
RNR PRF,RNR,,12,11/27/2024,,,0.36,5.75%,25.11,20.71,c550,21.43,0.72,-3.68,21.6,23.08,-0.77,-7.13,20.8,24.9,20.43,25.1,57.0,21.3,0.5,-3.6,50.558591,59.091864,74.094955,48.954248,-3.81,0.59,54.26087,67.181208,-3.8,0.87,49.868852,80.646766,16224,18127,21443,18598
RNR PRG,RNR,,12,11/27/2024,,,0.26,4.20%,20.02,15.35,c425,15.88,0.53,-4.14,15.87,17.22,0.06,-7.8,14.26,18.73,14.26,19.46,57.0,15.78,1.52,-2.95,46.527019,61.905512,49.881306,40.457516,-4.24,0.43,58.0,68.612975,-3.68,1.52,48.295082,74.179104,28870,30988,17546,25802
SCE PRG,EIX,TP,10,12/13/2024,,,0.32,5.10%,20.73,17.2,c500,16.76,-0.44,-3.97,17.37,19.33,-3.53,-13.28,16.32,21.69,16.32,21.7,73.0,16.7,0.38,-4.99,63.964784,84.918635,76.94362,67.124183,-4.03,-0.5,56.173913,76.935123,-5.0,0.38,65.606557,85.522388,17357,14638,10102,14032
SCE PRL,EIX,TP,10,12/13/2024,,,0.31,5.00%,20.24,16.94,c500,16.17,-0.77,-4.07,16.95,18.9,-4.61,-14.44,15.98,21.09,15.98,21.32,73.0,16.11,0.13,-4.98,69.210686,89.790026,82.878338,66.993464,-4.13,-0.83,57.043478,79.888143,-5.21,0.13,68.360656,88.00995,43656,32088,38383,38042
SCHW PRD,SCHW,,12,11/13/2024,,,0.37,5.95%,25.94,22.65,c575,24.95,2.3,-0.99,24.87,25.14,0.34,-0.75,24.25,25.71,22.29,25.71,43.0,24.76,0.51,-0.95,45.16697,32.299213,73.857567,14.313725,-1.18,2.11,31.391304,53.579418,-0.95,2.47,12.491803,64.726368,44756,52223,58025,51668
SCHW PRJ,SCHW,,12,11/13/2024,,,0.28,4.45%,23.4,16.75,c450,18.85,2.1,-4.55,19.16,20.25,-1.63,-6.9,18.33,22.57,16.63,22.6,43.0,18.7,0.37,-3.87,54.735883,58.125984,77.181009,52.48366,-4.7,1.95,62.0,55.011186,-3.9,2.07,51.180328,68.706468,55522,55024,62037,57528
SF PRB,SF,,8,12/2/2024,,,0.39,6.25%,26.94,22.01,c625,23.62,1.61,-3.32,23.77,24.45,-0.64,-3.41,22.22,25.39,21.56,25.73,62.0,23.5,1.28,-1.89,49.92714,43.469816,55.578635,26.601307,-3.44,1.49,51.043478,59.127517,-2.23,1.94,29.278689,70.0,6718,7214,8994,7642
SF PRC,SF,,8,12/2/2024,,,0.38,6.13%,27.0,22.12,c625,22.88,0.76,-4.12,23.34,24.38,-1.96,-6.15,21.81,25.86,21.27,26.47,62.0,22.76,0.95,-3.1,56.338798,54.976378,63.412463,42.418301,-4.24,0.64,58.0,66.733781,-3.71,1.49,48.688525,74.477612,10994,12113,16415,13174
SF PRD,SF,,8,12/2/2024,,,0.28,4.50%,20.54,15.64,c450,,1.67,-3.23,17.5,18.55,-1.09,-6.68,15.85,21.71,15.0,21.74,62.0,17.22,1.37,-4.49,52.112933,57.2021,53.442136,60.588235,-3.32,1.58,50.0,58.322148,-4.52,2.22,59.311475,67.21393,18609,17141,22916,19555
SHO PRH,SHO,,NR,12/27/2024,,,0.38,6.13%,23.75,20.4,c625,20.69,0.29,-3.06,20.7,21.69,-0.06,-4.62,19.14,24.22,19.14,24.27,87.0,20.68,1.54,-3.54,47.109897,48.551181,49.406528,48.169935,-3.07,0.28,47.826087,69.955257,-3.59,1.54,47.114754,73.9801,6816,6583,1470,4956
SHO PRI,SHO,,NR,12/27/2024,,,0.36,5.70%,22.98,19.43,c550,19.43,0.0,-3.55,19.48,20.44,-0.26,-4.92,17.96,22.79,17.96,22.79,87.0,19.42,1.46,-3.37,48.08136,49.811024,51.305638,45.947712,-3.56,-0.01,52.086957,72.550336,-3.37,1.46,44.229508,74.776119,6531,6016,1270,4606
SIGIP,SIGI,,10,11/27/2024,,,0.29,4.60%,20.74,15.48,c450,17.09,1.61,-3.65,17.51,18.31,-2.42,-6.66,16.61,20.3,15.17,20.3,57.0,16.98,0.37,-3.32,58.573163,57.11811,77.181009,45.294118,-3.76,1.5,53.826087,59.038031,-3.32,1.81,43.57377,71.293532,4834,4029,3008,3957
SLG PRI,SLG,,9.5,12/17/2024,,,0.41,6.50%,25.67,18.15,c650,21.65,3.5,-4.02,22.21,22.7,-2.5,-4.62,20.56,24.53,16.6,24.87,77.0,21.59,1.03,-2.94,58.961749,48.551181,61.513353,40.326797,-4.08,3.44,56.608696,41.677852,-3.28,4.99,43.04918,39.651741,13358,10586,12440,12128
SOJC,SO,BB,11.5,11/29/2024,,,0.33,5.25%,25.69,20.75,c525,21.59,0.84,-4.1,21.64,22.93,-0.22,-5.84,21.05,24.92,20.35,25.07,59.0,21.48,0.43,-3.44,47.887067,53.674541,75.756677,46.862745,-4.21,0.73,57.73913,65.928412,-3.59,1.13,47.114754,78.059701,25585,24126,23746,24486
SOJD,SO,BB,11.5,10/29/2024,,,0.31,4.95%,23.86,19.45,c500,20.02,0.57,-3.84,20.29,21.65,-1.32,-7.52,19.26,23.95,19.26,24.55,28.0,19.81,0.55,-4.14,53.230115,60.729659,72.908012,56.013072,-4.05,0.36,56.347826,69.239374,-4.74,0.55,62.196721,83.830846,84500,78197,81739,81479
SOJE,SO,BB,11.5,1/10/2025,,,0.26,4.20%,20.96,17.42,c425,17.62,0.2,-3.34,17.92,19.4,-1.7,-9.19,16.99,21.92,16.99,22.35,11.0,17.39,0.4,-4.53,55.075896,67.742782,76.468843,61.111111,-3.57,-0.03,52.173913,72.729306,-4.96,0.4,65.081967,85.323383,54327,53489,44049,50622
SR PRA,SR,,11,10/25/2024,8/15/2024,,0.37,5.90%,26.15,21.87,c575,23.7,1.83,-2.45,24.06,24.31,-1.5,-2.51,23.2,25.39,21.36,25.39,24.0,23.43,0.23,-1.96,54.104432,39.690289,80.504451,27.51634,-2.72,1.56,44.782609,58.501119,-1.96,2.07,25.737705,68.706468,16451,14956,15170,15526
SREA,SRE,BB,11.5,12/13/2024,,,0.36,5.75%,25.24,21.16,c550,20.94,-0.22,-4.3,21.24,23.12,-1.41,-9.42,19.6,25.2,19.6,25.47,73.0,20.87,1.27,-4.33,53.667274,68.708661,55.816024,58.496732,-4.37,-0.29,59.130435,75.055928,-4.6,1.27,60.360656,76.666667,51975,57703,35445,48374
STT PRG,STT,,13,11/27/2024,,,0.33,5.35%,26.9,21.63,c525,21.88,0.25,-5.02,22.5,23.79,-2.77,-8.02,21.32,25.16,21.32,25.16,57.0,21.76,0.44,-3.4,60.273224,62.829396,75.519288,46.339869,-5.14,0.13,65.826087,71.297539,-3.4,0.44,44.622951,84.925373,40842,43237,43816,42632
SYF PRA,SYF,,NR,10/30/2024,11/15/2024,,0.35,5.63%,22.14,15.28,c550,18.67,3.39,-3.47,18.14,19.27,2.94,-3.1,16.19,21.62,14.51,21.94,29.0,18.43,2.24,-3.19,32.537948,42.167979,32.789318,43.594771,-3.71,3.15,53.391304,44.272931,-3.51,3.92,46.065574,50.298507,53975,50636,39710,48107
T PRA,T,,10,1/7/2025,12/12/2024,,0.31,5.00%,23.49,18.31,c500,20.1,1.79,-3.39,20.28,21.09,-0.87,-4.71,19.15,22.75,18.2,22.8,8.0,19.82,0.67,-2.93,51.044323,48.929134,70.059347,40.196078,-3.67,1.51,53.043478,58.948546,-2.98,1.62,39.114754,73.18408,98183,91406,75101,88230
T PRC,T,,10,1/7/2025,2/18/2025,,0.3,4.75%,21.55,17.25,c475,19.1,1.85,-2.45,19.19,19.99,-0.47,-4.43,18.2,21.69,17.02,21.71,8.0,18.83,0.63,-2.86,49.101396,47.753281,71.008902,39.281046,-2.72,1.58,44.782609,58.322148,-2.88,1.81,37.803279,71.293532,132174,126090,136500,131588
TBB,T,BB,12,10/17/2024,,,0.33,5.35%,24.98,20.32,c525,22.51,2.19,-2.47,22.78,23.47,-1.21,-4.11,21.55,24.9,20.26,24.9,16.0,22.24,0.69,-2.66,52.695811,46.409449,69.58457,36.666667,-2.74,1.92,44.956522,55.279642,-2.66,1.98,34.918033,69.60199,75650,58923,56730,63768
TBC,T,BB,12,10/17/2024,8/1/2023,,0.35,5.63%,,,c550,,,,,,,,,,,,,,,,,,,,,,,,,,,,,,,
TCBIO,TCBI,,8,12/2/2024,6/15/2026,,0.36,5.75%,24.5,16.01,c550,21.02,5.01,-3.48,20.06,20.35,4.8,3.29,18.11,21.87,15.52,22.71,62.0,20.91,2.8,-0.96,23.503339,15.333333,19.495549,14.444444,-3.59,4.9,52.347826,28.612975,-1.8,5.39,23.639344,35.671642,20534,17547,14869,17650
TDS PRU,TDS,,7,12/13/2024,,,0.41,6.63%,24.25,14.26,c650,19.71,5.45,-4.54,20.31,20.74,-2.97,-4.95,18.71,22.88,13.31,22.88,73.0,19.63,0.92,-3.25,61.244687,49.937008,64.124629,44.379085,-4.62,5.37,61.304348,24.407159,-3.25,6.32,42.655738,26.41791,26767,21593,28363,25574
TDS PRV,TDS,,7,12/13/2024,9/30/2026,,0.38,6.00%,22.28,12.88,c600,18.1,5.22,-4.18,17.98,18.47,0.67,-1.99,16.25,20.48,12.01,20.48,73.0,18.03,1.78,-2.45,43.564056,37.506562,43.709199,33.921569,-4.25,5.15,58.086957,26.375839,-2.45,6.02,32.163934,29.402985,43916,39342,40286,41181
TFC PRO,TFC,,11.5,11/8/2024,,,0.33,5.25%,25.2,19.78,c525,21.15,1.37,-4.05,21.31,22.38,-0.76,-5.49,19.69,24.46,19.43,24.83,38.0,20.96,1.27,-3.5,50.510018,52.204724,55.816024,47.647059,-4.24,1.18,58.0,61.901566,-3.87,1.53,50.786885,74.079602,47097,39397,40141,42212
TFC PRR,TFC,,11.5,11/8/2024,,,0.3,4.75%,22.49,17.71,c475,18.96,1.25,-3.53,19.29,20.26,-1.71,-6.42,18.41,22.27,17.29,22.62,38.0,18.79,0.38,-3.48,55.124469,56.110236,76.94362,47.385621,-3.7,1.08,53.304348,62.796421,-3.83,1.5,50.262295,74.378109,69470,60926,58621,63006
TRTN PRD,-,,NR,12/6/2024,3/15/2025,,0.43,6.88%,25.95,21.62,c675,22.55,0.93,-3.4,21.93,23.26,2.84,-3.05,19.76,25.01,19.76,25.67,66.0,22.44,2.68,-2.57,33.023679,41.958005,22.344214,35.490196,-3.51,0.82,51.652174,65.123043,-3.23,2.68,42.393443,62.636816,9411,9310,10758,9827
TRTN PRE,-,,NR,12/6/2024,,,0.36,5.75%,23.79,17.8,c550,18.75,0.95,-5.04,18.75,20.42,0.01,-8.16,16.9,23.17,16.9,23.3,66.0,18.65,1.75,-4.52,46.769885,63.417323,44.421365,60.980392,-5.14,0.85,65.826087,64.854586,-4.65,1.75,61.016393,71.890547,6906,7019,4681,6202
TRTX PRC,TRTX,,NR,12/16/2024,6/14/2026,,0.39,6.25%,18.83,13.81,c625,17.55,3.74,-1.28,17.69,18.09,-0.79,-2.97,16.01,20.0,13.0,20.0,76.0,17.49,1.48,-2.51,50.655738,41.622047,50.830861,34.705882,-1.34,3.68,32.782609,39.530201,-2.51,4.49,32.95082,44.626866,7250,7399,5375,6674
TY PR,TY,,NR,12/5/2024,,,0.31,5.00%,50.11,43.5,c500,44.29,0.8,-5.81,44.6,45.82,-0.68,-3.32,43.13,48.65,42.0,49.19,65.0,44.21,1.08,-4.44,50.121433,43.091864,60.326409,59.934641,-5.9,0.71,72.434783,66.107383,-4.98,2.21,65.344262,67.313433,533,453,190,392
UNMA,UNM,BB,10,11/29/2024,,,0.39,6.25%,26.19,21.92,c625,23.23,1.31,-2.96,24.48,24.83,-5.11,-6.44,23.1,25.46,21.49,26.05,59.0,23.1,0.0,-2.36,71.639344,56.194226,85.964392,32.745098,-3.09,1.18,48.0,61.901566,-2.95,1.61,38.721311,73.283582,13265,12463,11243,12324
USB PRP,USB,,13.5,12/30/2024,,,0.34,5.50%,25.25,19.75,c550,22.78,3.03,-2.47,22.93,23.85,-0.64,-4.47,21.46,25.43,19.0,25.43,0.0,22.44,0.98,-2.99,49.92714,47.92126,62.700297,40.980392,-2.81,2.69,45.565217,48.389262,-2.99,3.44,39.245902,55.074627,34992,36179,37948,36373
USB PRQ,USB,,13.5,12/27/2024,,,0.23,3.75%,19.57,13.5,c400,15.28,1.78,-4.29,15.55,16.64,-1.76,-8.19,14.66,18.59,13.32,18.6,87.0,15.27,0.61,-3.32,55.367335,63.543307,71.48368,45.294118,-4.3,1.77,58.521739,56.621924,-3.33,1.95,43.704918,69.900498,41326,38487,55976,45263
USB PRR,USB,,13.5,12/27/2024,,,0.25,4.00%,21.05,14.57,c400,16.33,1.75,-4.73,16.59,17.76,-1.61,-8.12,15.62,20.09,14.24,20.35,87.0,16.31,0.69,-3.78,54.638737,63.249344,69.58457,51.30719,-4.74,1.74,62.347826,56.89038,-4.04,2.07,53.016393,68.706468,49759,43121,51745,48208
USB PRS,USB,,13.5,12/27/2024,,,0.28,4.50%,22.08,16.44,c450,18.73,2.29,-3.35,18.99,20.21,-1.35,-7.33,18.04,22.54,16.22,22.97,87.0,18.72,0.68,-3.82,53.375835,59.931759,69.821958,51.830065,-3.36,2.28,50.347826,52.058166,-4.25,2.5,55.770492,64.427861,41596,35961,27636,35064
UZD,USM,BB,9.5,11/29/2024,9/1/2025,,0.39,6.25%,24.16,16.77,c625,23.88,7.11,-0.28,23.7,23.41,0.77,2.01,22.0,24.37,15.78,24.8,59.0,23.75,1.75,-0.62,43.078324,20.708661,44.421365,10.0,-0.41,6.98,24.695652,10.0,-1.05,7.97,13.803279,10.0,39825,38960,50850,43212
UZE,USM,BB,9.5,11/29/2024,,,0.34,5.50%,21.8,14.93,c550,20.88,5.95,-0.92,21.69,21.78,-3.73,-4.13,20.25,23.22,13.7,23.8,59.0,20.76,0.51,-2.46,64.936248,46.493438,73.857567,34.052288,-1.04,5.83,30.173913,20.290828,-3.04,7.06,39.901639,19.054726,36282,32213,37621,35372
UZF,USM,BB,9.5,11/29/2024,6/1/2026,,0.34,5.50%,21.75,15.44,c550,20.83,5.39,-0.92,21.73,21.79,-4.15,-4.4,20.3,23.5,13.61,23.7,59.0,20.71,0.41,-2.79,66.976321,47.627297,76.231454,38.366013,-1.04,5.27,30.173913,25.302013,-2.99,7.1,39.245902,18.656716,30097,26017,30393,28836
VNO PRL,VNO,,10.5,12/13/2024,,,0.34,5.40%,24.16,13.75,c525,17.85,4.11,-6.3,17.52,17.5,1.96,2.04,15.25,19.46,13.11,19.46,73.0,17.8,2.55,-1.66,37.298118,20.582677,25.430267,23.594771,-6.36,4.05,76.434783,36.219239,-1.66,4.69,21.803279,42.636816,19678,17678,17419,18258
VNO PRM,VNO,,10.5,12/13/2024,,,0.33,5.25%,23.4,13.71,c525,17.11,3.4,-6.29,16.96,17.03,0.91,0.47,14.75,18.99,13.17,18.99,73.0,17.05,2.3,-1.94,42.3983,27.175853,31.364985,27.254902,-6.35,3.34,76.347826,42.572707,-1.94,3.88,25.47541,50.696517,20018,18945,9600,16188
VNO PRN,VNO,,10.5,12/13/2024,,,0.33,5.25%,22.92,13.76,c525,17.13,3.37,-5.79,17.0,17.1,0.78,0.15,14.81,18.97,13.31,18.97,73.0,17.07,2.26,-1.9,43.029751,28.519685,32.31454,26.732026,-5.85,3.31,72.0,42.841163,-1.9,3.76,24.95082,51.890547,18192,17972,17758,17974
VNO PRO,VNO,,10.5,12/13/2024,,,0.28,4.50%,19.7,11.6,c450,14.55,2.95,-5.15,14.62,14.99,-0.48,-2.96,12.51,17.34,11.28,17.34,73.0,14.5,1.99,-2.84,49.14997,41.580052,38.724036,39.019608,-5.2,2.9,66.347826,46.510067,-2.84,3.22,37.278689,57.263682,21534,21377,20186,21032
WAFDP,WAFD,,10,12/27/2024,4/15/2026,,0.3,4.88%,22.2,12.6,c475,15.94,3.34,-6.26,16.21,16.86,-1.67,-5.46,15.24,19.49,12.02,19.75,87.0,15.93,0.69,-3.56,54.930176,52.07874,69.58457,48.431373,-6.27,3.33,75.652174,42.662192,-3.82,3.91,50.131148,50.39801,18171,18448,20084,18901
WBS PRF,WBS,,10,12/2/2024,,,0.33,5.25%,24.4,15.52,c525,19.09,3.57,-5.31,19.3,20.23,-1.09,-5.62,18.02,22.54,15.1,22.54,62.0,18.99,0.97,-3.55,52.112933,52.750656,62.937685,48.300654,-5.41,3.47,68.173913,41.409396,-3.55,3.89,46.590164,50.597015,7374,5440,7789,6868
WFC PRA,WFC,,11,11/27/2024,12/15/2025,,0.29,4.70%,21.54,17.53,c475,,1.28,-2.73,18.98,20.14,-0.89,-6.61,18.0,22.05,17.36,22.21,57.0,18.7,0.7,-3.35,51.141469,56.908136,69.347181,45.686275,-2.84,1.17,45.826087,61.991051,-3.51,1.34,46.065574,75.970149,78973,77086,109057,88372
WFC PRC,WFC,,11,11/27/2024,,,0.27,4.38%,20.19,16.05,c425,17.62,1.57,-2.57,17.79,18.99,-0.94,-7.2,16.85,20.7,15.89,21.18,57.0,17.52,0.67,-3.18,51.384335,59.385827,70.059347,43.464052,-2.67,1.47,44.347826,59.306488,-3.66,1.63,48.032787,73.084577,74313,67691,92706,78236
WFC PRD,WFC,,11,11/27/2024,,,0.27,4.25%,19.89,15.56,c425,17.14,1.58,-2.75,17.35,18.51,-1.19,-7.41,16.38,20.26,15.47,20.8,57.0,17.04,0.66,-3.22,52.598664,60.267717,70.296736,43.986928,-2.85,1.48,45.913043,59.217002,-3.76,1.57,49.344262,73.681592,90959,92495,111511,98322
WFC PRY,WFC,,11,11/27/2024,,,0.35,5.63%,25.36,21.19,c550,23.23,2.04,-2.13,23.11,23.96,0.53,-3.04,21.92,25.36,21.08,25.36,57.0,23.1,1.18,-2.26,44.24408,41.91601,57.952522,31.437908,-2.26,1.91,40.782609,55.369128,-2.26,2.02,29.672131,69.20398,44136,44057,66811,51668
WFC PRZ,WFC,,11,11/27/2024,,,0.3,4.75%,21.8,17.49,c475,19.08,1.59,-2.72,19.28,20.28,-1.04,-5.93,18.22,22.01,17.33,22.29,57.0,18.97,0.75,-3.04,51.870067,54.052493,68.160237,41.633987,-2.83,1.48,45.73913,59.217002,-3.32,1.64,43.57377,72.985075,168452,162979,254999,195477
WRB PRE,WRB,BB,11.5,12/13/2024,,,0.36,5.70%,25.59,21.77,c550,22.52,0.75,-3.07,22.04,23.62,2.18,-4.68,20.43,25.32,20.43,25.68,73.0,22.45,2.02,-2.87,36.229508,48.80315,38.011869,39.411765,-3.14,0.68,48.434783,66.375839,-3.23,2.02,42.393443,69.20398,10043,12756,12539,11779
WRB PRF,WRB,BB,11.5,12/13/2024,,,0.32,5.10%,24.51,18.93,c500,20.18,1.25,-4.33,19.77,21.3,2.09,-5.28,19.0,24.24,18.79,24.54,73.0,20.12,1.12,-4.12,36.666667,51.322835,59.376855,55.751634,-4.39,1.19,59.304348,61.812081,-4.42,1.33,58.0,76.069652,19949,21920,16023,19297
WRB PRG,WRB,BB,11.5,12/13/2024,,,0.27,4.25%,21.25,17.35,c425,16.49,-0.86,-4.76,16.74,18.4,-1.49,-10.39,15.82,20.65,15.82,22.29,73.0,16.44,0.62,-4.21,54.055859,72.782152,71.246291,56.928105,-4.81,-0.91,62.956522,80.604027,-5.85,0.62,76.754098,83.134328,7596,8350,9102,8350
WRB PRH,WRB,BB,11.5,12/13/2024,,,0.26,4.13%,20.85,15.6,c400,16.1,0.5,-4.75,16.44,17.99,-2.06,-10.49,15.44,20.61,15.4,21.15,73.0,16.05,0.61,-4.56,56.824529,73.2021,71.48368,61.503268,-4.8,0.45,62.869565,68.434004,-5.1,0.65,66.918033,82.835821,13145,17440,33636,21407
