PREF IBKR,PREF YF,CMON,FF-FR_,BOND_,CRDT SCORE_,EX-DIV DATE,CALL DATE,MATUR DATE,DIV AMOUNT,COUPON,Aug2022_Price,Oct19_Price,CMON OUTS SHARES,CMON SECTOR,LAST PRICE,TIME TO DIV,DIV ADJ.PRICE,Unnamed: 18,Unnamed: 19,Unnamed: 20,Unnamed: 21,Last Price,Oct19_diff,Aug2022_diff,SMA88,SMA268,SMA88 chg,SMA268 chg,6M Low,6M High,1Y Low,1Y High,Div adj.price
ABLLL,ABLLL,ABL,,BB,8.00,05/13/2025,2/15/2027,11/15/2028,0.62,9.88%,,,95.62,Insurance,,44.00,,,,,,24.79,,,25.50,26.19,-2.79,-5.35,20.52,38.50,20.52,38.50,24.47
ABR PRD,ABR-D,ABR,,,8.00,06/17/2025,6/2/2026,NONE,0.40,6.38%,21.35,16.60,192.08,Reit,,79.00,,,,,,17.61,1.01,-3.74,17.53,18.27,0.48,-3.64,16.75,19.98,15.90,19.98,17.56
ABR PRE,ABR-E,ABR,,,8.00,06/17/2025,8/11/2026,NONE,0.39,6.25%,21.35,16.60,192.08,Reit,,79.00,,,,,,17.25,0.65,-4.10,17.14,18.08,0.63,-4.57,16.30,20.60,16.00,20.94,17.20
ABR PRF,ABR-F,ABR,NFF,,8.00,07/11/2025,10/30/2026,NONE,0.39,6.25%,,,192.08,Reit,,13.00,,,,,,20.40,,,21.12,20.61,-3.41,-1.04,19.19,23.30,17.15,23.30,20.07
ACR PRC,ACR-C,ACR,FF,,8.00,07/01/2025,7/30/2024,NONE,0.64,8.63%,,,7.39,Reit,,3.00,,,,,,25.32,,,24.85,24.89,1.87,1.74,22.61,25.53,20.85,25.53,24.70
ACR PRD,ACR-D,ACR,,,8.00,07/01/2025,5/21/2026,NONE,0.49,7.88%,20.50,18.57,7.39,Reit,,3.00,,,,,,22.45,3.88,1.95,21.31,22.18,5.36,1.22,18.12,23.48,17.69,24.49,21.98
AGNCL,AGNCL,AGNC,FF,,8.00,07/01/2025,10/15/2027,NONE,0.48,7.75%,,,1020.48,Reit,,3.00,,,,,,25.16,,,24.97,24.71,0.74,1.80,22.84,26.59,19.78,26.59,24.70
AGNCM,AGNCM,AGNC,FF,,8.00,07/01/2025,4/15/2024,NONE,0.56,6.88%,,,1020.48,Reit,,3.00,,,,,,25.34,,,24.81,25.07,2.15,1.09,23.01,25.60,20.47,25.85,24.80
AGNCN,AGNCN,AGNC,FF,,8.00,07/01/2025,10/15/2022,NONE,0.61,7.00%,,,1020.48,Reit,,3.00,,,,,,25.83,,,25.64,25.70,0.73,0.50,23.63,26.59,23.63,26.59,25.24
AGNCO,AGNCO,AGNC,FF,,8.00,07/01/2025,10/15/2024,NONE,0.60,6.50%,,,1020.48,Reit,,3.00,,,,,,25.71,,,25.35,25.22,1.42,1.92,23.68,25.95,20.85,25.95,25.13
AGNCP,AGNCP,AGNC,FF,,8.00,07/01/2025,4/15/2025,NONE,0.38,6.13%,,,1020.48,Reit,,3.00,,,,,,25.37,,,24.93,24.63,1.76,2.99,23.37,25.48,19.61,25.48,25.00
AHL PRF,AHL-F,-,,,10.00,06/12/2025,11/30/2029,NONE,0.61,7.00%,,,-,-,,74.00,,,,,,24.20,,,,,,,21.28,26.21,21.28,26.21,24.09
ALL PRB,ALL-B,ALL,FF,,12.50,06/27/2025,1/15/2023,1/15/2053,0.48,5.10%,,,264.67,Insurance,,89.00,,,,,,26.23,,,25.94,26.00,1.10,0.90,25.01,27.00,25.01,27.00,26.22
ALL PRJ,ALL-J,ALL,,,12.00,06/27/2025,7/15/2028,NONE,0.46,7.38%,,25.29,264.67,Insurance,,89.00,,,,,,26.77,1.48,,26.64,26.98,0.49,-0.78,25.56,27.99,25.15,28.22,26.76
ALTG PRA,ALTG-A,ALTG,,,8.00,07/11/2025,12/22/2025,NONE,0.63,10.00%,26.75,25.75,33.19,Rental&leasingservices,,13.00,,,,,,25.11,-0.64,-1.64,24.85,25.39,1.04,-1.09,23.05,26.25,23.05,27.00,24.57
ANG PRB,ANG-B,-,FF,,9.00,05/16/2025,9/1/2025,NONE,0.41,6.63%,,,-,-,,47.00,,,,,,25.11,,,25.05,25.02,0.24,0.36,24.76,25.90,22.00,25.90,24.91
ANG PRD,ANG-D,-,,,9.00,06/30/2025,1/15/2030,,0.49,7.38%,,,-,-,,2.00,,,,,,25.75,,,,,,,23.54,26.54,23.54,26.54,25.27
AOMN,AOMN,AOMR,,BB,8.00,07/14/2025,7/30/2026,7/30/2029,0.59,9.50%,,,23.50,Reit,,16.00,,,,,,25.01,,,,,,,23.60,26.09,23.60,26.10,24.52
APOS,APOS,APO,NFF,,13.00,05/30/2025,12/15/2028,9/15/2053,0.48,7.63%,,,571.72,Assetmanagement,,61.00,,,,,,26.45,,,26.34,26.71,0.42,-0.96,24.89,27.61,24.89,27.77,26.30
AQNB,AQNB,AQN,FF,,9.00,06/13/2025,7/1/2024,7/1/2079,0.55,6.20%,,,789.65,Utilities,,75.00,,,,,,25.29,,,25.40,25.48,-0.45,-0.75,24.59,26.09,22.71,26.50,25.20
ARGD,ARGD,-,,BB,9.50,05/30/2025,9/15/2017,9/15/2042,0.41,6.50%,24.35,21.31,-,-,,61.00,,,,,,20.19,-1.12,-4.16,20.58,21.61,-1.89,-6.59,19.19,22.71,19.19,24.24,20.06
ARGO PRA,ARGO-A,-,NFF,,8.50,05/27/2025,9/15/2025,NONE,0.44,7.00%,,,-,-,,58.00,,,,,,25.07,,,25.04,24.94,0.11,0.50,24.59,25.36,20.76,25.49,24.91
ARR PRC,ARR-C,ARR,,,8.00,05/15/2025,1/28/2025,,0.15,7.00%,22.60,18.06,81.90,Reit,,46.00,,,,,,20.84,2.78,-1.76,20.94,21.64,-0.47,-3.69,19.27,23.58,17.85,23.58,20.77
ASBA,ASBA,ASB,NFF,,11.00,05/15/2025,3/1/2028,3/1/2033,0.41,6.63%,,,165.95,Regionalbank,,46.00,,,,,,24.05,,,24.10,24.17,-0.20,-0.50,22.99,25.30,18.82,25.30,23.85
ATCO PRD,ATCO-D,-,,,8.00,07/25/2025,1/30/2018,NONE,0.50,7.95%,25.27,23.86,-,-,,27.00,,,,,,25.33,1.47,0.06,25.04,25.10,1.16,0.91,24.14,25.98,22.04,25.98,24.98
ATCO PRH,ATCO-H,-,,,8.00,07/25/2025,8/11/2021,NONE,0.49,7.88%,24.95,22.38,-,-,,27.00,,,,,,25.41,3.03,0.46,24.86,24.93,2.20,1.91,23.78,25.49,21.36,25.49,25.07
ATCOL,ATCOL,-,,,8.00,07/15/2025,5/13/2023,10/30/2027,0.45,7.13%,,,-,-,,17.00,,,,,,25.29,,,24.95,25.03,1.34,1.03,22.45,25.45,22.45,25.90,24.93
ATH PRA,ATH-A,-,NFF,,11.50,06/13/2025,6/30/2029,NONE,0.40,6.35%,,,-,-,,75.00,,,,,,24.52,,,24.16,24.56,1.47,-0.16,21.60,25.71,19.81,25.71,24.45
ATH PRC,ATH-C,-,NFF,,11.50,06/13/2025,9/30/2025,NONE,0.40,6.38%,,,-,-,,75.00,,,,,,24.98,,,25.10,25.11,-0.48,-0.53,24.24,25.46,22.56,25.64,24.91
ATH PRE,ATH-E,-,NFF,,11.50,06/13/2025,12/30/2027,NONE,0.48,7.75%,,,-,-,,75.00,,,,,,25.85,,,25.65,26.20,0.76,-1.32,24.17,27.50,23.61,27.50,25.77
ATHS,ATHS,-,NFF,,12.00,06/12/2025,3/30/2029,3/30/2064,0.45,7.25%,,,-,-,,74.00,,,,,,25.19,,,25.11,25.34,0.31,-0.58,24.01,26.25,24.01,26.25,25.11
ATLCL,ATLCL,ATLC,,,8.00,07/11/2025,10/2/2026,12/31/2026,0.38,6.13%,24.52,21.61,15.11,Creditservices,,13.00,,,,,,24.09,2.48,-0.43,24.09,23.67,-0.01,1.79,23.29,24.76,20.62,24.76,23.76
ATLCP,ATLCP,ATLC,,,8.00,05/30/2025,6/11/2026,NONE,0.48,7.63%,24.15,20.61,15.11,Creditservices,,61.00,,,,,,22.05,1.44,-2.10,22.95,23.04,-3.92,-4.28,21.66,24.50,18.51,24.80,21.90
ATLCZ,ATLCZ,ATLC,,BB,8.00,07/01/2025,1/31/2028,1/31/2029,0.58,9.25%,,,15.11,Creditservices,,3.00,,,,,,25.04,,,25.02,25.01,0.07,0.14,23.40,25.50,23.40,25.50,24.48
AUB PRA,AUB-A,AUB,,,8.00,05/16/2025,9/1/2025,NONE,0.43,6.88%,26.14,19.25,142.37,Regionalbank,,47.00,,,,,,23.95,4.70,-2.19,24.26,24.34,-1.29,-1.60,22.86,25.93,19.21,25.93,23.74
BAC PRE,BAC-E,BAC,FLR,,11.00,07/25/2025,11/15/2011,NONE,0.31,4.00%,,,7537.21,Bank,,27.00,,,,,,22.11,,,22.28,23.47,-0.74,-5.79,20.81,25.50,19.52,25.50,21.89
BANC PRF,BANC-F,BANC,NFF,,8.00,05/19/2025,9/1/2027,NONE,0.49,7.75%,,,169.33,Regionalbank,,50.00,,,,,,24.64,,,24.70,24.42,-0.24,0.91,23.39,25.60,21.00,25.60,24.42
BANFP,BANFP,BANF,,TP,8.00,06/27/2025,3/21/2009,3/31/2034,0.45,7.20%,27.53,27.00,33.23,Regionalbank,,89.00,,,,,,26.06,-0.94,-1.47,26.04,25.85,0.07,0.79,25.45,29.45,24.70,29.45,26.05
BC PRA,BC-A,BC,,BB,11.50,06/29/2025,10/15/2023,10/15/2048,0.40,6.50%,26.22,22.50,65.69,Consumercyclical,,1.00,,,,,,23.94,1.44,-2.28,23.73,24.42,0.90,-1.98,22.58,25.43,22.09,25.92,23.54
BC PRC,BC-C,BC,,BB,11.50,06/29/2025,4/15/2024,4/15/2049,0.39,6.38%,25.99,22.33,65.69,Consumercyclical,,1.00,,,,,,24.01,1.68,-1.98,23.40,24.30,2.63,-1.20,22.00,25.43,21.76,25.77,23.62
BK PRK,BK-K,BK,NFF,,12.50,06/05/2025,3/20/2030,NONE,0.41,6.15%,,,715.58,Bank,,67.00,,,,,,25.55,,,,,,,24.54,25.83,24.54,25.83,25.45
BML PRG,BML-G,BAC,FLR,,11.00,05/15/2025,11/28/2009,NONE,0.33,3.00%,,,7537.21,Bank,,46.00,,,,,,20.50,,,21.54,22.32,-4.82,-8.16,20.25,23.50,19.66,23.68,20.34
BML PRH,BML-H,BAC,FLR,,11.00,05/15/2025,11/28/2009,NONE,0.32,3.00%,,,7537.21,Bank,,46.00,,,,,,20.02,,,21.37,22.22,-6.30,-9.90,19.73,23.45,19.05,23.45,19.86
BML PRJ,BML-J,BAC,FLR,,11.00,05/15/2025,11/21/2010,NONE,0.33,4.00%,,,7537.21,Bank,,46.00,,,,,,21.83,,,22.52,23.11,-3.07,-5.53,20.70,24.55,20.00,24.69,21.67
BML PRL,BML-L,BAC,FLR,,11.00,07/01/2025,5/21/2010,NONE,0.32,4.00%,,,7537.21,Bank,,3.00,,,,,,20.49,,,21.76,22.85,-5.83,-10.35,19.80,24.75,19.65,24.77,20.18
BOH PRB,BOH-B,BOH,,,9.50,07/14/2025,8/1/2029,NONE,0.50,8.00%,,,39.66,Regionalbank,,16.00,,,,,,26.05,,,,,,,24.81,27.13,24.81,27.13,25.64
BPOPM,BPOPM,BPOP,,TP,7.00,05/15/2025,12/1/2009,12/1/2034,0.13,6.13%,27.20,24.51,69.37,Regionalbank,,46.00,,,,,,25.09,0.58,-2.11,25.37,25.49,-1.09,-1.59,24.53,26.09,24.38,26.25,25.03
C PRN,C-N,C,FF,,10.00,07/25/2025,10/30/2015,10/30/2040,0.68,7.88%,,,1868.19,Bank,,27.00,,,,,,29.68,,,29.72,29.93,-0.12,-0.84,28.36,31.34,27.82,31.34,29.20
CCIA,CCIA,CCIF,,Term,8.00,05/19/2025,10/31/2025,10/31/2028,0.18,8.75%,,,15.39,Cef,,50.00,,,,,,25.55,,,25.62,25.80,-0.26,-0.96,25.00,27.79,24.10,27.79,25.47
CFG PRH,CFG-H,CFG,,,10.50,06/20/2025,7/6/2029,NONE,0.46,7.38%,,,433.40,Regionalbank,,82.00,,,,,,25.94,,,26.15,26.41,-0.80,-1.79,24.95,27.69,24.95,27.69,25.90
CGBDL,CGBDL,CGBD,,,8.00,05/15/2025,,,0.51,,,,72.90,Assetmanagement,,46.00,,,,,,25.53,,,25.65,25.67,-0.48,-0.53,25.05,26.66,25.05,26.66,25.28
CHMI PRA,CHMI-A,CHMI,,,8.00,06/27/2025,8/17/2022,NONE,0.51,8.20%,22.65,19.60,32.66,Reit,,89.00,,,,,,20.95,1.35,-1.70,21.43,22.63,-2.24,-7.41,19.20,24.40,17.75,25.00,20.94
CHMI PRB,CHMI-B,CHMI,FF,,8.00,06/27/2025,4/5/2024,NONE,0.64,8.25%,,,32.66,Reit,,89.00,,,,,,23.97,,,24.09,24.56,-0.52,-2.38,22.23,25.10,20.20,25.60,23.96
CHSCL,CHSCL,-,,,8.00,06/13/2025,1/21/2025,NONE,0.47,7.50%,27.30,25.07,-,-,,75.00,,,,,,25.39,0.32,-1.91,25.71,25.87,-1.25,-1.85,25.31,26.42,24.92,26.63,25.31
CHSCM,CHSCM,-,,,8.00,06/13/2025,9/30/2024,NONE,0.42,6.75%,26.40,24.05,-,-,,75.00,,,,,,24.04,-0.01,-2.36,24.75,25.10,-2.85,-4.22,23.80,25.97,23.51,26.19,23.97
CHSCN,CHSCN,-,,,8.00,06/13/2025,3/31/2024,NONE,0.44,7.10%,26.30,24.62,-,-,,75.00,,,,,,24.63,0.01,-1.67,25.20,25.52,-2.26,-3.49,24.37,26.39,24.37,26.90,24.56
CHSCO,CHSCO,-,,,8.00,06/13/2025,9/26/2023,NONE,0.49,7.88%,28.31,25.64,-,-,,75.00,,,,,,26.10,0.46,-2.21,26.43,26.69,-1.24,-2.21,25.60,27.40,25.46,27.73,26.02
CICB,CICB,CION,,,8.00,06/12/2025,12/30/2026,12/30/2029,0.47,7.50%,,,52.69,Assetmanagement,,74.00,,,,,,24.69,,,,,,,24.32,163.10,24.32,163.10,24.61
CIM PRB,CIM-B,CIM,FF,,8.00,06/02/2025,3/30/2024,NONE,0.65,8.00%,,,80.92,Reit,,64.00,,,,,,24.92,,,24.36,24.75,2.31,0.69,21.60,25.59,19.64,25.59,24.73
CIM PRC,CIM-C,CIM,NFF,,8.00,06/02/2025,9/30/2025,NONE,0.48,7.75%,,,80.92,Reit,,64.00,,,,,,22.90,,,22.69,22.86,0.92,0.16,20.26,24.60,17.11,24.60,22.76
CIM PRD,CIM-D,CIM,FF,,8.00,06/02/2025,3/30/2024,NONE,0.64,8.00%,,,80.92,Reit,,64.00,,,,,,24.44,,,24.08,24.47,1.49,-0.12,20.77,25.21,19.60,25.25,24.26
CIMN,CIMN,CIM,,BB,8.00,07/30/2025,5/15/2026,5/15/2029,0.56,9.00%,,,80.92,Reit,,32.00,,,,,,25.15,,,24.90,25.14,1.01,0.05,23.62,25.74,23.62,25.85,24.79
CIMO,CIMO,CIM,,,8.00,07/30/2025,8/15/2026,8/15/2029,0.58,9.25%,,,80.92,Reit,,32.00,,,,,,25.43,,,,,,,24.12,25.99,24.12,26.25,25.06
CMRE PRB,CMRE-B,CMRE,,,8.00,07/10/2025,8/6/2018,NONE,0.48,7.63%,25.18,24.82,119.96,Marineshipping,,12.00,,,,,,25.01,0.19,-0.17,25.32,25.64,-1.23,-2.46,24.02,26.25,22.13,28.16,24.59
CMRE PRC,CMRE-C,CMRE,,,8.00,07/10/2025,1/21/2019,NONE,0.53,8.50%,25.32,25.17,119.96,Marineshipping,,12.00,,,,,,25.98,0.81,0.66,25.85,26.08,0.50,-0.40,25.05,26.94,24.50,27.19,25.52
CMRE PRD,CMRE-D,CMRE,,,8.00,07/10/2025,5/13/2020,NONE,0.55,8.75%,25.83,25.07,119.96,Marineshipping,,12.00,,,,,,26.31,1.24,0.48,26.25,26.31,0.23,0.01,24.54,27.25,24.54,27.29,25.83
CNOBP,CNOBP,CNOB,NFF,,8.00,05/15/2025,9/1/2026,NONE,0.33,5.25%,,,38.47,Regionalbank,,46.00,,,,,,22.87,,,22.53,21.76,1.50,5.10,20.60,23.42,15.62,23.42,22.71
CODI PRA,CODI-A,CODI,,,8.00,06/17/2025,7/30/2022,NONE,0.45,7.25%,25.08,22.03,75.24,Conglomerates,,79.00,,,,,,17.23,-4.80,-7.85,19.42,22.55,-11.29,-23.58,10.88,24.88,10.88,26.06,17.18
CODI PRB,CODI-B,CODI,FF,,8.00,06/17/2025,4/30/2028,NONE,0.49,7.88%,26.85,23.50,75.24,Conglomerates,,79.00,,,,,,18.59,-4.91,-8.26,20.31,22.98,-8.47,-19.12,12.75,24.60,12.75,26.50,18.53
CODI PRC,CODI-C,CODI,FF,,8.00,06/17/2025,1/30/2025,NONE,0.49,7.88%,25.79,23.89,75.24,Conglomerates,,79.00,,,,,,18.60,-5.29,-7.19,20.39,23.05,-8.78,-19.32,12.44,25.18,12.44,25.91,18.54
CRBD,CRBD,CRBG,,,11.00,05/30/2025,12/15/2029,12/15/2064,0.40,6.38%,,,550.13,Assetmanagement,,61.00,,,,,,23.13,,,,,,,19.76,31.75,19.76,31.75,23.00
CSWCZ,CSWCZ,CSWC,,BB,8.00,07/15/2025,8/1/2025,8/1/2028,0.48,7.75%,,25.05,50.37,Assetmanagement,,17.00,,,,,,25.59,0.54,,25.55,25.70,0.16,-0.43,25.03,26.19,24.79,26.48,25.20
CUBI PRE,CUBI-E,CUBI,FF,,8.00,05/30/2025,6/15/2021,NONE,0.61,6.45%,,,31.54,Regionalbank,,,,,,,,,,,,,,,,,,,
CUBI PRF,CUBI-F,CUBI,FF,,8.00,05/30/2025,12/14/2021,NONE,0.59,6.00%,,,31.54,Regionalbank,,61.00,,,,,,25.62,,,25.44,25.40,0.73,0.88,23.90,25.99,22.20,25.99,25.43
DBRG PRH,DBRG-H,DBRG,,,8.00,07/10/2025,4/15/2020,NONE,0.45,7.13%,24.50,21.28,176.33,Assetmanagement,,12.00,,,,,,20.86,-0.42,-3.64,22.55,23.70,-7.50,-11.98,20.20,25.45,18.88,25.80,20.47
DBRG PRI,DBRG-I,DBRG,,,8.00,07/10/2025,6/5/2022,NONE,0.45,7.15%,24.30,20.80,176.33,Assetmanagement,,12.00,,,,,,21.04,0.24,-3.26,22.58,23.72,-6.84,-11.31,20.30,25.63,18.59,25.86,20.65
DBRG PRJ,DBRG-J,DBRG,,,8.00,07/10/2025,9/22/2022,NONE,0.45,7.13%,24.72,21.00,176.33,Assetmanagement,,12.00,,,,,,20.79,-0.21,-3.93,22.42,23.57,-7.26,-11.78,20.30,25.34,18.72,25.66,20.40
DCOMG,DCOMG,DCOM,NFF,,10.00,06/30/2025,7/15/2029,7/15/2034,0.56,9.00%,,,43.64,Regionalbank,,2.00,,,,,,26.94,,,,,,,24.25,27.64,24.25,27.64,26.39
DDT,DDT,DDS,,TP,10.50,07/11/2025,8/12/2003,8/1/2038,0.47,7.50%,27.00,25.40,15.68,Departmentstores,,13.00,,,,,,25.91,0.51,-1.09,25.95,25.89,-0.14,0.08,24.39,26.55,24.39,26.59,25.51
DRH PRA,DRH-A,DRH,,,8.00,06/20/2025,8/31/2025,NONE,0.52,8.25%,27.00,24.87,205.53,Reit,,82.00,,,,,,24.98,0.11,-2.02,25.05,25.35,-0.26,-1.48,23.51,26.26,23.51,27.54,24.93
DSX PRB,DSX-B,DSX,,,8.00,07/10/2025,3/14/2019,NONE,0.56,8.88%,25.80,25.16,115.77,Marineshipping,,12.00,,,,,,26.53,1.37,0.73,26.19,26.26,1.31,1.03,23.88,27.75,23.88,27.75,26.04
DX PRC,DX-C,DX,NFF,,8.00,06/27/2025,4/25/2025,NONE,0.43,6.90%,,,107.00,Reit,,89.00,,,,,,25.72,,,25.46,25.24,1.01,1.90,24.56,25.76,21.48,25.76,25.72
ECC PRD,ECC-D,ECC,,,8.00,05/12/2025,11/29/2026,NONE,0.14,6.75%,23.19,19.60,120.18,Cef,,43.00,,,,,,19.47,-0.13,-3.72,19.28,19.55,1.01,-0.42,18.08,20.42,18.08,21.45,19.40
ECCC,ECCC,ECC,,,8.00,05/12/2025,6/16/2024,6/30/2031,0.14,6.50%,24.15,20.52,120.18,Cef,,43.00,,,,,,23.28,2.76,-0.87,22.78,22.91,2.21,1.63,21.87,24.89,20.24,24.89,23.21
ECCF,ECCF,ECC,,Term,8.00,05/12/2025,1/18/2026,1/31/2029,0.17,8.00%,,,120.18,Cef,,43.00,,,,,,25.00,,,24.87,24.93,0.52,0.30,24.03,25.50,24.03,25.55,24.91
ECCU,ECCU,ECC,,,8.00,05/12/2025,6/30/2027,4/30/2030,0.15,7.75%,,,120.18,Cef,,43.00,,,,,,24.68,,,,,,,23.89,25.45,23.89,25.45,24.60
ECCV,ECCV,ECC,,BB,8.00,06/13/2025,1/31/2025,1/31/2029,0.34,5.38%,22.84,21.11,120.18,Cef,,75.00,,,,,,23.07,1.96,0.23,22.96,22.90,0.48,0.76,21.94,23.53,21.03,23.53,23.01
ECCW,ECCW,ECC,,BB,8.00,06/13/2025,3/29/2024,3/31/2031,0.42,6.75%,24.50,21.90,120.18,Cef,,75.00,,,,,,23.49,1.59,-1.01,23.50,24.11,-0.06,-2.59,22.28,24.90,21.44,25.21,23.42
ECCX,ECCX,ECC,,BB,8.00,06/12/2025,4/30/2021,4/30/2028,0.42,6.69%,24.91,23.24,120.18,Cef,,74.00,,,,,,24.56,1.32,-0.35,24.76,24.74,-0.80,-0.71,23.85,26.95,22.70,26.95,24.49
EFC PRA,EFC-A,EFC,FF,,8.00,06/27/2025,10/30/2024,NONE,0.61,6.75%,,,94.36,Reit,,89.00,,,,,,25.24,,,24.95,24.98,1.15,1.02,21.50,25.54,20.77,25.54,25.23
EFC PRB,EFC-B,EFC,NFF,,8.00,06/27/2025,1/30/2027,NONE,0.39,6.25%,,,94.36,Reit,,89.00,,,,,,22.91,,,22.78,22.44,0.58,2.11,20.29,23.75,18.35,23.75,22.91
EFC PRC,EFC-C,EFC,NFF,,8.00,06/27/2025,4/30/2028,,0.54,8.63%,,,94.36,Reit,,89.00,,,,,,25.20,,,24.84,25.02,1.45,0.70,22.68,26.25,21.31,26.25,25.19
EFC PRD,EFC-D,EFC,,,8.00,06/18/2025,5/12/2022,NONE,0.44,7.00%,,,94.36,Reit,,80.00,,,,,,22.99,,,23.21,23.03,-0.95,-0.19,21.41,27.00,20.24,27.00,22.94
EICA,EICA,EIC,,Term,8.00,05/12/2025,10/31/2023,10/30/2026,0.10,5.00%,23.25,22.68,21.14,Cef,,43.00,,,,,,24.38,1.70,1.13,24.21,23.88,0.69,2.09,23.51,24.60,22.29,24.60,24.33
EICB,EICB,EIC,,Term,8.00,05/12/2025,7/31/2025,7/31/2028,0.16,7.75%,,24.42,21.14,Cef,,43.00,,,,,,24.93,0.51,,24.88,24.92,0.19,0.06,23.63,25.24,23.63,25.50,24.85
EICC,EICC,EIC,,Term,8.00,05/12/2025,4/3/2026,4/30/2029,0.17,8.00%,,,21.14,Cef,,43.00,,,,,,25.04,,,25.01,25.02,0.12,0.07,23.75,25.25,23.75,25.45,24.95
EIIA,EIIA,-,,,8.00,05/12/2025,10/31/2026,10/31/2029,0.17,8.13%,,,-,-,,43.00,,,,,,24.96,,,,,,,24.37,25.37,24.37,25.37,24.87
ESGRO,ESGRO,-,,,9.00,05/15/2025,3/1/2024,NONE,0.44,7.00%,25.62,22.50,-,-,,46.00,,,,,,20.10,-2.40,-5.52,20.25,21.01,-0.75,-4.33,18.90,21.30,18.59,25.47,19.88
ESGRP,ESGRP,-,,,9.00,05/15/2025,9/1/2028,NONE,0.44,7.00%,25.18,22.44,-,-,,46.00,,,,,,20.36,-2.08,-4.82,20.77,21.22,-1.96,-4.04,18.52,21.94,18.52,26.12,20.14
ET PRI,ET-I,ETR,,,8.00,08/01/2025,Never,Never,0.21,9.25%,,,430.81,Utilities,,34.00,,,,,,11.38,,,11.51,11.62,-1.10,-1.99,10.50,12.19,9.28,12.19,11.25
F PRD,F-D,F,,BB,9.00,04/30/2025,8/15/2027,8/15/2062,0.40,6.50%,,20.79,3980.84,Automanufacturers,,31.00,,,,,,22.75,1.96,,22.38,24.23,1.65,-6.11,20.85,26.06,20.10,26.19,22.49
FCRX,FCRX,CCAP,,BB,8.00,05/30/2025,5/25/2023,5/25/2026,0.31,5.00%,,23.25,37.06,Assetmanagement,,61.00,,,,,,24.85,1.60,,24.73,24.50,0.48,1.43,24.22,25.00,22.50,25.00,24.75
FGN,FGN,FG,,BB,11.00,05/30/2025,12/15/2028,12/15/2053,0.50,7.95%,,,134.94,Insurance,,61.00,,,,,,26.65,,,25.81,26.29,3.25,1.38,24.21,27.65,24.21,27.65,26.49
FGSN,FGSN,FG,,,8.50,07/01/2025,1/15/2030,1/15/2065,0.46,7.30%,,,134.94,Insurance,,3.00,,,,,,24.17,,,,,,,20.51,25.02,20.51,25.02,23.73
FHN PRB,FHN-B,FHN,FF,,8.50,07/17/2025,8/1/2025,NONE,0.42,6.63%,,,506.74,Regionalbank,,19.00,,,,,,25.66,,,25.22,25.10,1.75,2.22,24.42,25.70,20.58,25.77,25.33
FHN PRC,FHN-C,FHN,NFF,,8.50,07/17/2025,5/1/2026,NONE,0.41,6.60%,,,506.74,Regionalbank,,19.00,,,,,,25.19,,,25.06,25.04,0.50,0.61,23.95,25.75,19.11,25.77,24.87
FHN PRE,FHN-E,FHN,,,8.50,06/25/2025,10/10/2025,NONE,0.41,6.50%,,,506.74,Regionalbank,,87.00,,,,,,23.61,,,23.86,24.15,-1.05,-2.23,22.77,25.71,18.19,25.71,23.60
FITBI,FITBI,FITB,,,10.50,06/26/2025,12/31/2023,NONE,0.52,6.63%,,,667.97,Regionalbank,,88.00,,,,,,25.34,,,25.56,25.70,-0.88,-1.38,24.75,26.25,24.11,26.25,25.33
FLG PRA,FLG-A,FLG,NFF,,8.50,06/06/2025,6/17/2027,NONE,0.40,6.38%,,,415.83,Regionalbank,,68.00,,,,,,20.82,,,22.30,21.16,-6.62,-1.62,20.25,24.15,8.50,24.15,20.72
FRMEP,FRMEP,FRME,,,8.00,07/28/2025,8/15/2025,NONE,0.47,7.50%,26.00,23.23,58.20,Regionalbank,,30.00,,,,,,25.39,2.16,-0.61,25.33,25.39,0.25,0.02,24.15,25.90,22.79,26.43,25.08
GAINI,GAINI,GAIN,,,8.00,07/14/2025,2/1/2027,2/1/2030,0.49,7.88%,,,36.84,Assetmanagement,,16.00,,,,,,25.42,,,,,,,24.60,25.53,24.60,25.53,25.02
GAINL,GAINL,GAIN,,BB,8.00,07/15/2025,8/1/2025,8/1/2028,0.50,8.00%,,25.07,36.84,Assetmanagement,,17.00,,,,,,25.53,0.46,,25.64,25.75,-0.43,-0.86,25.27,26.25,24.70,27.13,25.12
GAINN,GAINN,GAIN,,BB,8.00,07/11/2025,5/1/2023,5/1/2026,0.31,5.00%,23.85,23.23,36.84,Assetmanagement,,13.00,,,,,,25.00,1.77,1.15,24.89,24.63,0.45,1.49,24.25,25.13,23.00,25.28,24.73
GAINZ,GAINZ,GAIN,,BB,8.00,07/11/2025,11/1/2023,11/1/2028,0.31,4.75%,23.45,21.85,36.84,Assetmanagement,,13.00,,,,,,23.40,1.55,-0.05,23.05,23.22,1.53,0.79,22.21,24.14,21.38,24.76,23.13
GAM PRB,GAM-B,GAM,,,8.00,06/09/2025,9/24/2008,NONE,0.37,5.95%,26.21,24.28,27.06,Cef,,71.00,,,,,,24.80,0.52,-1.41,24.84,25.18,-0.15,-1.52,24.43,26.24,23.74,26.24,24.72
GECCH,GECCH,GECC,,BB,8.00,06/13/2025,12/30/2026,12/31/2029,0.50,8.13%,,,11.54,Assetmanagement,,75.00,,,,,,25.13,,,,,,,24.38,25.44,24.38,25.44,25.05
GECCI,GECCI,GECC,,,8.00,06/13/2025,4/30/2026,4/30/2029,0.53,8.50%,,,11.54,Assetmanagement,,75.00,,,,,,25.05,,,25.16,25.21,-0.42,-0.63,24.75,25.48,24.67,25.70,24.96
GECCO,GECCO,GECC,,BB,8.00,06/13/2025,6/30/2023,6/30/2026,0.36,5.88%,24.75,24.05,11.54,Assetmanagement,,75.00,,,,,,25.01,0.96,0.26,25.25,24.93,-0.95,0.34,24.26,27.20,23.00,27.20,24.95
GECCZ,GECCZ,GECC,,BB,8.00,06/13/2025,9/30/2025,9/30/2028,0.54,8.75%,,24.64,11.54,Assetmanagement,,,,,,,,,,,,,,,,,,,
GLADZ,GLADZ,GLAD,,BB,8.00,05/15/2025,9/1/2025,9/1/2028,0.48,7.75%,,25.02,22.33,Cef,,46.00,,,,,,25.38,0.36,,25.49,25.46,-0.43,-0.30,24.97,25.98,24.45,25.98,25.15
GMRE PRA,GMRE-A,GMRE,,,8.00,07/11/2025,9/15/2022,NONE,0.47,7.50%,25.54,24.46,66.88,Reit,,13.00,,,,,,25.16,0.70,-0.38,25.03,25.14,0.50,0.08,23.38,26.26,23.32,26.26,24.76
GNL PRA,GNL-A,GNL,,,8.00,07/02/2025,9/12/2022,NONE,0.45,7.25%,25.75,16.96,229.01,Reit,,4.00,,,,,,22.48,5.52,-3.27,22.15,22.12,1.48,1.62,19.36,23.77,16.42,23.77,22.05
GNL PRB,GNL-B,GNL,,,8.00,07/02/2025,11/26/2024,NONE,0.43,6.88%,26.04,16.01,229.01,Reit,,4.00,,,,,,21.16,5.15,-4.88,21.09,21.23,0.33,-0.33,18.68,23.25,15.61,24.21,20.75
GNL PRD,GNL-D,GNL,,,8.00,07/03/2025,3/26/2024,NONE,0.47,7.50%,,17.92,229.01,Reit,,5.00,,,,,,22.82,4.90,,22.75,22.51,0.31,1.37,20.25,23.97,16.44,24.47,22.38
GNL PRE,GNL-E,GNL,,,8.00,07/03/2025,12/15/2025,NONE,0.46,7.38%,,17.64,229.01,Reit,,5.00,,,,,,22.18,4.54,,22.32,22.25,-0.61,-0.31,20.29,23.72,16.10,23.79,21.75
GPMT PRA,GPMT-A,GPMT,NFF,,8.00,06/30/2025,1/15/2027,NONE,0.44,7.00%,,,48.41,Reit,,2.00,,,,,,18.60,,,17.68,17.12,5.22,8.66,16.20,19.22,15.38,19.22,18.17
GS PRA,GS-A,GS,FLR,,9.50,07/24/2025,4/10/2010,NONE,0.34,3.75%,,,306.83,Bank,,26.00,,,,,,21.33,,,22.22,23.02,-4.00,-7.36,20.84,24.48,20.06,24.48,21.09
GS PRC,GS-C,GS,FLR,,9.50,07/24/2025,5/24/2011,NONE,0.34,4.00%,,,306.83,Bank,,26.00,,,,,,21.48,,,22.59,23.56,-4.91,-8.82,21.14,25.03,20.37,25.24,21.24
GS PRD,GS-D,GS,FLR,,9.50,07/24/2025,10/31/2010,NONE,0.33,4.00%,,,306.83,Bank,,26.00,,,,,,21.06,,,21.98,22.71,-4.17,-7.28,20.00,23.83,20.00,23.83,20.83
GSL PRB,GSL-B,GSL,,,8.00,06/23/2025,8/20/2019,NONE,0.55,8.75%,,,35.74,Marineshipping,,85.00,,,,,,26.16,,,26.11,26.30,0.19,-0.53,24.75,27.00,24.75,28.85,26.13
HBANL,HBANL,HBAN,NFF,,10.50,07/01/2025,4/15/2028,NONE,0.43,6.88%,,,1455.68,Regionalbank,,3.00,,,,,,25.28,,,25.23,25.45,0.20,-0.65,24.32,26.61,20.76,26.61,24.86
HCXY,HCXY,HTGC,,BB,8.00,07/11/2025,10/30/2023,10/30/2033,0.39,6.25%,25.31,23.56,175.77,Assetmanagement,,13.00,,,,,,25.00,1.44,-0.31,24.99,25.10,0.03,-0.38,24.42,25.98,22.70,25.98,24.67
HNNAZ,HNNAZ,HNNA,,BB,8.00,06/13/2025,12/31/2023,12/31/2026,0.31,4.88%,24.59,23.49,7.79,Assetmanagement,,75.00,,,,,,24.84,1.35,0.25,24.59,24.30,1.02,2.21,23.85,25.57,22.25,25.57,24.79
HOVNP,HOVNP,HOVN,,,2.50,06/27/2025,7/12/2010,NONE,0.48,7.63%,,,-,-,,89.00,,,,,,16.42,,,16.71,17.42,-1.72,-5.75,16.05,18.20,16.05,19.89,16.41
HPP PRC,HPP-C,HPP,,,7.00,06/16/2025,11/16/2026,NONE,0.30,4.75%,21.92,10.50,141.39,Reit,,78.00,,,,,,14.71,4.21,-7.21,13.19,13.40,11.53,9.77,11.23,15.80,8.91,15.80,14.67
HROWL,HROWL,HROW,,BB,8.00,07/11/2025,2/1/2026,4/30/2026,0.54,8.63%,24.39,23.70,36.69,Healthcare,,13.00,,,,,,25.59,1.89,1.20,25.29,25.31,1.17,1.10,25.00,25.71,22.05,25.73,25.13
HROWM,HROWM,HROW,,BB,8.00,07/11/2025,12/31/2024,12/31/2027,0.74,11.88%,,25.20,36.69,Healthcare,,13.00,,,,,,26.55,1.35,,26.41,26.40,0.54,0.57,24.90,27.70,22.71,27.72,25.92
HTFB,HTFB,HRZN,,BB,8.00,06/13/2025,3/30/2023,3/30/2026,0.31,4.88%,24.49,23.53,40.36,Assetmanagement,,75.00,,,,,,24.93,1.40,0.44,24.91,24.63,0.06,1.20,24.30,26.11,23.27,26.11,24.88
HTFC,HTFC,HRZN,,BB,8.00,06/13/2025,6/15/2024,6/15/2027,0.39,4.88%,25.25,24.20,40.36,Assetmanagement,,75.00,,,,,,24.45,0.25,-0.80,24.40,24.23,0.19,0.90,23.84,24.83,22.90,24.83,24.38
INBKZ,INBKZ,INBK,FF,,8.00,05/15/2025,6/30/2024,6/30/2029,0.54,6.00%,,,8.70,Regionalbank,,46.00,,,,,,24.49,,,24.44,24.89,0.19,-1.61,23.00,25.65,19.21,25.65,24.23
IVR PRC,IVR-C,IVR,NFF,,8.00,06/05/2025,9/27/2027,NONE,0.47,7.50%,,,65.94,Reit,,67.00,,,,,,23.49,,,23.77,23.87,-1.18,-1.57,20.23,25.20,17.52,25.20,23.37
JXN PRA,JXN-A,JXN,NFF,,10.00,06/12/2025,3/30/2028,NONE,0.50,8.00%,,,71.42,Insurance,,74.00,,,,,,25.65,,,25.97,26.41,-1.23,-2.87,25.25,27.50,23.60,27.69,25.56
KEY PRI,KEY-I,KEY,NFF,,10.50,05/28/2025,12/15/2026,NONE,0.38,6.13%,,,1095.55,Regionalbank,,59.00,,,,,,24.62,,,24.74,24.60,-0.49,0.09,23.50,25.78,17.66,25.97,24.49
KEY PRL,KEY-L,KEY,NFF,,10.50,05/28/2025,9/15/2027,NONE,0.39,6.20%,,,1095.55,Regionalbank,,59.00,,,,,,24.41,,,24.38,24.19,0.12,0.91,22.33,25.65,16.30,25.65,24.28
KMPB,KMPB,KMPR,NFF,,10.00,05/30/2025,3/15/2027,3/15/2062,0.37,5.88%,,,63.97,Insurance,,61.00,,,,,,23.73,,,22.75,23.00,4.32,3.18,20.69,23.93,16.62,23.94,23.61
LBRDP,LBRDP,LBRDA,,,8.00,06/27/2025,,3/9/2039,0.44,7.00%,26.23,21.31,143.16,Communicationservices,,89.00,,,,,,25.05,3.74,-1.18,24.58,24.17,1.93,3.64,23.39,26.88,20.90,26.88,25.05
LNC PRD,LNC-D,LNC,,,11.00,05/15/2025,12/1/2027,NONE,0.56,9.00%,,26.41,170.70,Insurance,,46.00,,,,,,26.69,0.28,,26.83,27.55,-0.52,-3.13,25.78,28.89,25.40,28.89,26.42
MBINL,MBINL,MBIN,,,8.00,06/12/2025,1/1/2030,NONE,0.48,7.63%,,,45.76,Regionalbank,,74.00,,,,,,23.27,,,,,,,22.83,25.90,22.83,25.90,23.18
MBINM,MBINM,MBIN,NFF,,8.00,06/13/2025,10/1/2027,NONE,0.52,8.25%,,,45.76,Regionalbank,,75.00,,,,,,25.09,,,25.42,25.75,-1.29,-2.55,24.80,26.92,21.60,26.92,25.00
MBNKP,MBNKP,MFIN,FF,,8.00,06/16/2025,4/1/2025,NONE,0.68,8.00%,,,23.24,Creditservices,,78.00,,,,,,24.98,,,25.46,25.27,-1.87,-1.16,24.34,27.00,21.97,27.00,24.89
MER PRK,MER-K,BAC,,TP,11.50,06/12/2025,12/15/2011,12/15/2066,0.40,6.45%,26.45,24.62,7537.21,Bank,,74.00,,,,,,25.15,0.53,-1.30,25.54,25.73,-1.54,-2.24,25.02,26.49,24.51,26.64,25.08
MET PRA,MET-A,MET,FLR,,11.50,05/30/2025,9/15/2010,NONE,0.36,4.00%,,,671.16,Insurance,,61.00,,,,,,23.50,,,24.05,24.46,-2.29,-3.93,22.07,25.43,22.00,25.43,23.38
METCL,METCL,METC,,BB,8.00,07/15/2025,7/30/2023,7/30/2026,0.56,9.00%,26.32,25.45,54.69,Cokingcoal,,17.00,,,,,,25.67,0.22,-0.65,25.52,25.66,0.59,0.03,24.75,26.10,24.18,26.22,25.22
METCZ,METCZ,METC,,,8.00,04/15/2025,11/30/2026,11/30/2029,0.52,8.38%,,,54.69,Cokingcoal,,16.00,,,,,,24.58,,,,,,,23.18,25.59,23.18,25.59,24.15
MFA PRC,MFA-C,MFA,FF,,8.00,06/02/2025,3/31/2025,NONE,0.41,6.50%,,,102.65,Reit,,64.00,,,,,,23.92,,,24.23,24.10,-1.29,-0.77,21.62,25.03,17.80,25.03,23.80
MFAN,MFAN,MFA,,BB,8.00,08/01/2025,2/15/2026,2/15/2029,0.56,8.88%,,,102.65,Reit,,34.00,,,,,,25.04,,,24.91,25.15,0.54,-0.44,24.02,25.82,24.02,25.82,24.69
MFAO,MFAO,MFA,,BB,8.00,07/30/2025,8/15/2026,8/15/2029,0.56,9.00%,,,102.65,Reit,,32.00,,,,,,25.15,,,25.03,25.27,0.48,-0.46,24.27,25.82,24.27,25.85,24.79
MFICL,MFICL,MFIC,,BB,8.00,05/27/2025,12/15/2025,12/15/2028,0.50,8.00%,,,92.92,Assetmanagement,,58.00,,,,,,25.31,,,25.37,25.42,-0.23,-0.43,25.10,25.85,25.00,25.85,25.13
MGRE,MGRE,AMG,,BB,12.00,06/26/2025,3/30/2029,3/30/2064,0.42,6.75%,,,28.79,Assetmanagement,,88.00,,,,,,23.73,,,23.86,24.94,-0.56,-4.84,22.51,26.02,22.51,26.51,23.72
MHLA,MHLA,MHLD,,BB,8.00,05/30/2025,6/14/2021,6/14/2046,0.41,6.63%,17.51,15.26,99.49,Insurance,,61.00,,,,,,14.88,-0.38,-2.63,14.41,15.26,3.30,-2.50,12.25,17.93,12.25,18.67,14.75
MHNC,MHNC,MHLD,,BB,8.00,05/15/2025,12/1/2018,12/1/2043,0.48,7.75%,18.64,17.60,99.49,Insurance,,46.00,,,,,,16.50,-1.10,-2.14,16.79,17.27,-1.74,-4.44,14.85,19.97,14.85,20.65,16.27
MITN,MITN,MITT,,BB,8.00,08/01/2025,2/15/2026,2/15/2029,0.59,9.50%,,,29.68,Reit,,34.00,,,,,,25.20,,,25.08,25.17,0.46,0.12,21.50,25.60,21.50,25.95,24.83
MITP,MITP,MITT,,BB,8.00,07/30/2025,5/15/2026,5/15/2029,0.59,9.50%,,,29.68,Reit,,32.00,,,,,,25.19,,,25.00,25.13,0.75,0.22,24.20,25.70,24.20,25.80,24.81
MITT PRA,MITT-A,MITT,,,8.00,05/30/2025,9/17/2024,NONE,0.52,8.25%,20.45,17.36,29.68,Reit,,61.00,,,,,,21.20,3.84,0.75,21.88,21.82,-3.10,-2.84,18.60,23.99,15.91,23.99,21.03
MITT PRB,MITT-B,MITT,,,8.00,05/30/2025,9/27/2017,NONE,0.50,8.00%,20.19,16.46,29.68,Reit,,61.00,,,,,,20.71,4.25,0.52,21.12,21.22,-1.95,-2.39,18.41,23.82,15.89,23.82,20.55
MITT PRC,MITT-C,MITT,FF,,8.00,05/30/2025,8/3/2017,NONE,0.71,8.00%,,,29.68,Reit,,61.00,,,,,,24.82,,,24.75,24.81,0.26,0.04,20.65,25.50,17.54,25.50,24.59
MS PRA,MS-A,MS,FLR,,11.00,06/27/2025,7/15/2011,NONE,0.33,4.00%,,,1603.20,Bank,,89.00,,,,,,21.55,,,22.44,23.03,-3.97,-6.44,20.50,24.65,20.31,24.65,21.55
MS PRE,MS-E,MS,,,11.00,06/27/2025,10/15/2023,NONE,0.45,7.13%,26.10,24.99,1603.20,Bank,,89.00,,,,,,25.57,0.58,-0.53,25.42,25.41,0.60,0.62,25.01,25.71,24.93,26.03,25.57
MS PRF,MS-F,MS,,,11.00,06/27/2025,1/15/2024,NONE,0.43,6.88%,26.31,24.43,1603.20,Bank,,89.00,,,,,,25.44,1.01,-0.87,25.27,25.32,0.67,0.47,24.87,25.63,24.33,26.03,25.44
MS PRI,MS-I,MS,,,11.00,06/27/2025,10/15/2024,NONE,0.40,6.38%,26.49,23.40,1603.20,Bank,,89.00,,,,,,25.21,1.81,-1.28,24.86,25.13,1.39,0.31,24.21,26.75,23.25,26.75,25.21
MS PRP,MS-P,MS,,,11.00,06/27/2025,10/15/2027,NONE,0.41,6.50%,26.33,24.28,1603.20,Bank,,89.00,,,,,,25.92,1.64,-0.41,25.51,25.89,1.61,0.13,24.70,26.78,24.25,27.14,25.92
MS PRQ,MS-Q,MS,,,11.00,06/30/2025,10/15/2029,NONE,0.41,6.63%,,,1603.20,Bank,,2.00,,,,,,26.06,,,,,,,24.82,27.02,21.92,27.35,25.66
MSBIP,MSBIP,MSBI,NFF,,8.00,06/16/2025,9/30/2027,NONE,0.48,7.75%,,,21.40,Regionalbank,,78.00,,,,,,22.94,,,23.63,24.54,-2.92,-6.51,22.75,25.66,21.22,26.55,22.88
MTB PRH,MTB-H,MTB,NFF,,10.50,06/02/2025,12/15/2026,NONE,0.35,5.63%,,,160.60,Regionalbank,,64.00,,,,,,25.39,,,24.52,24.71,3.53,2.74,23.02,26.12,20.22,26.12,25.29
MTB PRJ,MTB-J,MTB,,,10.50,06/02/2025,6/15/2029,NONE,0.47,7.50%,,,160.60,Regionalbank,,64.00,,,,,,26.22,,,26.35,26.66,-0.49,-1.66,25.00,27.98,24.09,28.04,26.08
NEWTG,NEWTG,NEWT,,BB,8.00,05/30/2025,6/1/2027,6/1/2029,0.53,8.50%,,,27.29,Regionalbank,,61.00,,,,,,24.75,,,24.79,25.08,-0.17,-1.32,24.00,25.84,24.00,25.84,24.58
NEWTH,NEWTH,NEWT,,BB,8.00,07/14/2025,10/15/2026,10/15/2029,0.54,8.63%,,,27.29,Regionalbank,,16.00,,,,,,24.82,,,,,,,23.00,25.95,23.00,25.95,24.38
NEWTI,NEWTI,NEWT,,BB,8.00,05/15/2025,9/1/2025,9/1/2028,0.50,8.00%,,24.80,27.29,Regionalbank,,46.00,,,,,,25.00,0.20,,24.97,25.11,0.12,-0.44,23.90,26.57,23.48,26.57,24.76
NEWTZ,NEWTZ,NEWT,,,8.00,07/11/2025,2/1/2022,2/1/2026,0.34,5.50%,24.46,23.61,27.29,Regionalbank,,13.00,,,,,,24.83,1.22,0.37,24.74,24.60,0.38,0.94,24.40,25.25,23.10,26.02,24.54
NLY PRF,NLY-F,NLY,FF,,8.00,06/02/2025,9/30/2022,NONE,0.60,6.95%,,,26.45,Reit,,64.00,,,,,,25.39,,,25.48,25.57,-0.37,-0.71,21.75,26.34,21.75,26.34,25.22
NLY PRG,NLY-G,NLY,FF,,8.00,06/02/2025,3/31/2023,NONE,0.55,6.50%,,,26.45,Reit,,64.00,,,,,,25.20,,,24.82,25.19,1.52,0.06,23.01,25.75,22.39,25.78,25.04
NLY PRI,NLY-I,NLY,FF,,8.00,06/02/2025,6/30/2024,NONE,0.60,6.75%,,,26.45,Reit,,64.00,,,,,,25.34,,,25.43,25.55,-0.37,-0.83,24.15,26.05,22.24,26.05,25.17
NMFCZ,NMFCZ,NMFC,,BB,9.50,08/01/2025,6/17/2027,11/15/2028,0.52,8.25%,,,107.59,Assetmanagement,,34.00,,,,,,25.66,,,25.39,25.52,1.05,0.54,25.09,26.20,24.95,26.74,25.34
NREF PRA,NREF-A,NREF,,,8.00,07/11/2025,7/24/2025,NONE,0.53,8.50%,24.00,18.80,17.64,Reit,,13.00,,,,,,22.98,4.18,-1.02,22.73,22.83,1.11,0.65,21.47,24.65,18.00,24.79,22.53
NYMTG,NYMTG,NYMT,,,8.00,03/14/2025,4/1/2027,4/1/2030,0.57,9.13%,,,90.30,Reit,,74.00,,,,,,24.40,,,,,,,22.70,25.69,22.70,25.69,24.30
NYMTI,NYMTI,NYMT,,BB,8.00,06/12/2025,7/1/2026,7/1/2029,0.57,9.13%,,,90.30,Reit,,74.00,,,,,,24.50,,,,,,,23.09,25.59,23.09,26.00,24.40
NYMTL,NYMTL,NYMT,NFF,,8.00,07/01/2025,10/15/2026,NONE,0.43,6.88%,,,90.30,Reit,,3.00,,,,,,21.72,,,21.64,21.51,0.39,0.97,19.36,23.03,17.55,23.03,21.30
NYMTM,NYMTM,NYMT,FF,,8.00,07/01/2025,1/15/2025,NONE,0.69,7.88%,,,90.30,Reit,,3.00,,,,,,24.70,,,24.46,24.43,0.97,1.10,22.50,25.39,20.86,25.39,24.03
NYMTN,NYMTN,NYMT,NFF,,8.00,07/01/2025,10/15/2027,NONE,0.50,8.00%,,,90.30,Reit,,3.00,,,,,,21.37,,,21.85,22.14,-2.18,-3.48,19.21,23.56,18.71,23.56,20.89
OCCIM,OCCIM,OCCI,,Term,8.00,05/20/2025,10/31/2026,10/31/2029,0.16,7.88%,,,20.70,Cef,,51.00,,,,,,25.03,,,,,,,24.18,25.21,24.18,25.21,24.96
OCCIN,OCCIN,OCCI,,,8.00,05/20/2025,12/31/2023,12/31/2026,0.11,5.25%,22.99,22.07,20.70,Cef,,51.00,,,,,,24.05,1.98,1.06,23.93,23.68,0.52,1.57,23.50,24.56,21.53,24.56,24.00
OCCIO,OCCIO,OCCI,,,8.00,05/20/2025,4/30/2023,4/30/2026,0.13,6.13%,24.87,23.35,20.70,Cef,,51.00,,,,,,24.70,1.35,-0.17,24.67,24.58,0.10,0.50,24.20,24.99,22.86,24.99,24.64
OCFCP,OCFCP,OCFC,NFF,,8.00,07/25/2025,6/1/2025,NONE,0.44,7.00%,,,58.38,Regionalbank,,,,,,,,,,,,,,,,,,,
OFSSH,OFSSH,OFS,,BB,8.00,07/11/2025,10/31/2023,10/31/2028,0.31,4.95%,22.99,21.00,13.41,Cef,,13.00,,,,,,23.18,2.18,0.19,22.65,22.43,2.33,3.36,22.06,23.18,20.52,23.18,22.91
ONBPO,ONBPO,ONB,,,9.00,08/01/2025,8/20/2025,NONE,0.44,7.00%,,,370.09,Regionalbank,,34.00,,,,,,24.90,,,24.84,25.05,0.25,-0.61,24.44,25.70,21.58,27.00,24.63
ONBPP,ONBPP,ONB,,,9.00,08/01/2025,8/20/2025,NONE,0.44,7.00%,26.93,22.98,370.09,Regionalbank,,34.00,,,,,,25.15,2.17,-1.78,25.02,25.13,0.51,0.08,24.40,25.65,21.60,26.36,24.88
OXLCG,OXLCG,OXLC,,,8.00,06/13/2025,2/28/2030,2/29/2032,0.68,7.95%,,,437.24,Cef,,75.00,,,,,,24.90,,,,,,,24.06,25.01,24.06,25.01,24.79
OXLCI,OXLCI,OXLC,,BB,8.00,06/13/2025,6/30/2028,6/30/2030,0.55,8.75%,,,437.24,Cef,,75.00,,,,,,25.52,,,,,,,24.93,26.18,24.93,26.18,25.43
OXLCL,OXLCL,OXLC,,BB,8.00,06/13/2025,3/16/2024,3/31/2031,0.42,6.75%,24.65,22.68,437.24,Cef,,75.00,,,,,,23.62,0.94,-1.03,23.39,23.74,0.97,-0.49,22.75,24.68,22.10,24.68,23.55
OXLCN,OXLCN,OXLC,,Term,8.00,05/16/2025,6/30/2024,6/30/2029,0.15,7.13%,24.60,22.92,437.24,Cef,,47.00,,,,,,24.02,1.10,-0.58,23.99,24.11,0.14,-0.38,23.40,24.50,22.11,24.50,23.95
OXLCO,OXLCO,OXLC,,,8.00,05/16/2025,8/31/2024,8/31/2029,0.13,6.00%,23.37,21.49,437.24,Cef,,47.00,,,,,,23.26,1.77,-0.11,22.86,22.80,1.73,2.00,22.28,23.26,20.70,23.47,23.20
OXLCP,OXLCP,OXLC,,,8.00,05/16/2025,2/28/2023,2/28/2027,0.13,6.25%,24.00,22.74,437.24,Cef,,47.00,,,,,,24.26,1.52,0.26,24.21,24.00,0.19,1.10,23.75,24.46,22.54,24.46,24.20
OXLCZ,OXLCZ,OXLC,,BB,8.00,06/13/2025,1/31/2024,1/31/2027,0.31,5.00%,23.69,22.31,437.24,Cef,,75.00,,,,,,23.99,1.68,0.30,23.90,23.69,0.36,1.27,23.44,24.37,21.93,24.37,23.94
OXSQG,OXSQG,OXSQ,,BB,8.00,06/20/2025,5/31/2024,7/31/2028,0.34,5.50%,23.55,21.50,71.37,Cef,,82.00,,,,,,23.76,2.26,0.21,23.26,23.10,2.13,2.85,22.75,23.79,21.39,23.79,23.73
OXSQZ,OXSQZ,OXSQ,,BB,8.00,06/20/2025,4/30/2022,4/30/2026,0.39,6.25%,24.70,23.48,71.37,Cef,,82.00,,,,,,25.05,1.57,0.35,24.80,24.62,0.99,1.74,24.30,25.07,23.27,25.07,25.02
PBI PRB,PBI-B,PBI,,BB,8.00,05/23/2025,3/7/2018,3/7/2043,0.42,6.70%,23.44,16.07,183.19,Integratedfreight&logistics,,54.00,,,,,,19.01,2.94,-4.43,19.71,19.76,-3.56,-3.80,17.31,22.23,14.77,22.23,18.84
PDPA,PDPA,-,,,8.00,05/16/2025,12/31/2026,12/31/2029,0.17,8.00%,,,-,-,,47.00,,,,,,25.00,,,,,,,24.30,25.84,24.30,25.84,24.92
PMT PRA,PMT-A,PMT,,,8.00,05/28/2025,3/15/2024,NONE,0.51,8.13%,24.77,20.80,87.13,Reit,,59.00,,,,,,23.56,2.76,-1.21,24.21,24.33,-2.69,-3.17,22.39,26.00,20.11,26.00,23.38
PMT PRB,PMT-B,PMT,,,8.00,05/28/2025,6/15/2024,NONE,0.50,8.00%,25.00,20.27,87.13,Reit,,59.00,,,,,,23.50,3.23,-1.50,24.20,24.19,-2.87,-2.84,22.76,25.21,19.80,25.21,23.33
PMT PRC,PMT-C,PMT,,,8.00,05/28/2025,8/24/2026,NONE,0.42,6.75%,21.21,16.38,87.13,Reit,,59.00,,,,,,19.13,2.75,-2.08,19.20,19.74,-0.35,-3.09,17.51,21.66,16.04,21.66,18.99
PMTU,PMTU,PMT,,BB,8.00,06/13/2025,9/30/2025,9/30/2028,0.53,8.50%,,24.25,87.13,Reit,,75.00,,,,,,25.10,0.85,,25.35,25.55,-0.98,-1.77,24.46,26.14,23.75,26.49,25.01
PMTV,PMTV,PMT,,,8.00,06/13/2025,2/15/2027,2/15/2030,0.56,9.00%,,,87.13,Reit,,75.00,,,,,,25.22,,,,,,,24.50,25.79,24.50,25.79,25.13
PNFPP,PNFPP,PNFP,,,8.00,05/15/2025,9/1/2025,NONE,0.42,6.75%,26.08,21.00,77.52,Regionalbank,,46.00,,,,,,24.49,3.49,-1.59,24.40,24.39,0.35,0.39,23.68,25.29,20.50,25.29,24.28
PRIF PRD,PRIF-D,-,,,8.00,06/20/2025,3/31/2022,6/30/2029,0.44,7.00%,24.79,22.45,-,-,,82.00,,,,,,24.25,1.80,-0.54,24.15,23.98,0.41,1.11,23.39,24.96,20.30,24.96,24.21
PRIF PRF,PRIF-F,-,,,8.00,06/20/2025,2/25/2023,6/30/2027,0.41,6.63%,24.60,23.37,-,-,,,,,,,,,,,,,,,,,,,
PRIF PRH,PRIF-H,-,,,8.00,06/20/2025,5/6/2023,12/31/2026,0.38,6.00%,,,-,-,,,,,,,,,,,,,,,,,,,
PRIF PRI,PRIF-I,-,,,8.00,06/20/2025,6/17/2024,6/30/2028,0.38,6.13%,23.73,22.13,-,-,,82.00,,,,,,24.99,2.86,1.26,23.75,23.40,5.20,6.80,23.00,25.51,21.48,25.51,24.96
PRIF PRJ,PRIF-J,-,,,8.00,06/20/2025,8/10/2024,12/31/2028,0.38,6.00%,23.06,22.36,-,-,,82.00,,,,,,23.67,1.31,0.61,23.14,23.05,2.27,2.70,22.59,23.99,21.20,23.99,23.64
PRIF PRK,PRIF-K,-,,,8.00,06/20/2025,9/30/2026,NONE,0.44,7.00%,23.93,19.45,-,-,,82.00,,,,,,23.55,4.10,-0.38,22.44,21.93,4.94,7.38,20.20,23.69,18.96,23.69,23.51
PRIF PRL,PRIF-L,-,,,8.00,06/20/2025,2/28/2025,3/31/2029,0.40,6.38%,24.30,21.96,-,-,,82.00,,,,,,23.84,1.88,-0.46,23.48,23.38,1.52,1.98,22.12,24.27,21.44,24.27,23.80
QVCC,QVCC,QVCGA,,BB,9.50,05/30/2025,11/26/2024,11/26/2068,0.39,6.25%,21.68,8.35,403.43,Internetretail,,61.00,,,,,,9.79,1.44,-11.89,9.52,11.59,2.80,-15.56,7.42,14.00,7.42,15.10,9.66
QVCD,QVCD,QVCGA,,BB,9.50,05/30/2025,9/13/2023,9/13/2067,0.40,6.38%,22.05,8.31,403.43,Internetretail,,61.00,,,,,,9.63,1.32,-12.42,9.60,11.69,0.33,-17.59,7.23,14.00,7.23,15.20,9.50
RC PRE,RC-E,RC,,,8.00,06/27/2025,6/10/2026,NONE,0.41,6.50%,20.71,17.39,172.29,Reit,,89.00,,,,,,15.79,-1.60,-4.92,16.09,17.87,-1.87,-11.66,14.87,19.60,14.87,19.73,15.79
RCB,RCB,RC,,BB,8.00,01/09/2025,7/30/2022,7/30/2026,0.39,6.20%,24.25,23.45,172.29,Reit,,10.00,,,,,,24.36,0.91,0.11,24.16,24.22,0.82,0.59,23.50,24.85,22.93,24.85,24.01
RCC,RCC,RC,,BB,8.00,06/24/2025,2/15/2023,2/15/2026,0.36,5.75%,23.91,23.74,172.29,Reit,,86.00,,,,,,24.51,0.77,0.60,24.55,24.42,-0.18,0.36,23.97,26.87,23.14,26.87,24.49
RCD,RCD,RC,,,8.00,05/30/2025,12/15/2026,12/15/2029,0.56,9.00%,,,172.29,Reit,,61.00,,,,,,22.89,,,,,,,22.71,25.55,22.71,25.55,22.71
RF PRC,RF-C,RF,NFF,,10.50,07/09/2025,8/15/2029,NONE,0.36,5.70%,,,898.77,Regionalbank,,11.00,,,,,,24.23,,,23.55,23.94,2.87,1.21,21.94,25.56,16.63,25.56,23.91
RF PRF,RF-F,RF,NFF,,10.50,06/02/2025,9/15/2029,NONE,0.43,6.95%,,,898.77,Regionalbank,,64.00,,,,,,25.11,,,,,,,24.20,26.49,23.61,26.67,24.99
RITM PRA,RITM-A,RITM,FF,,8.00,07/25/2025,8/15/2024,NONE,0.64,7.50%,,,529.83,Reit,,27.00,,,,,,25.45,,,25.33,25.37,0.49,0.31,24.36,26.16,22.00,26.22,25.00
RITM PRB,RITM-B,RITM,FF,,8.00,07/25/2025,8/15/2024,NONE,0.63,7.13%,,,529.83,Reit,,27.00,,,,,,25.45,,,25.21,25.24,0.94,0.83,24.07,25.74,21.41,25.86,25.01
RITM PRC,RITM-C,RITM,FF,,8.00,07/25/2025,2/15/2025,NONE,0.59,6.38%,,,529.83,Reit,,27.00,,,,,,24.83,,,24.62,24.35,0.86,1.96,22.80,25.18,18.55,25.18,24.42
RITM PRD,RITM-D,RITM,NFF,,8.00,07/25/2025,11/15/2026,NONE,0.44,7.00%,,,529.83,Reit,,27.00,,,,,,24.25,,,23.99,23.88,1.07,1.55,22.33,24.70,19.55,25.26,23.94
RIV PRA,RIV-A,RIV,,,12.00,08/01/2025,5/15/2027,NONE,0.38,6.00%,25.01,22.06,21.47,Cef,,34.00,,,,,,23.12,1.06,-1.89,23.26,23.42,-0.60,-1.30,22.09,24.59,21.89,24.80,22.88
RJF PRB,RJF-B,RJF,,,9.50,06/13/2025,7/1/2026,NONE,0.40,6.38%,,,201.75,Assetmanagement,,75.00,,,,,,25.10,,,25.23,25.22,-0.51,-0.49,24.76,26.45,24.60,26.45,25.03
RLJ PRA,RLJ-A,RLJ,,,8.00,06/27/2025,NONE,NONE,0.49,7.80%,26.33,23.55,151.76,Reit,,89.00,,,,,,24.47,0.92,-1.86,24.55,25.10,-0.34,-2.53,22.80,26.31,22.80,26.63,24.46
RPT PRC,RPT-C,RPT,NFF,,8.00,07/30/2025,5/15/2030,NONE,0.49,9.88%,,,45.42,Reit,,32.00,,,,,,24.90,,,,,,,24.22,25.50,24.22,25.50,24.58
RWAYL,RWAYL,RWAY,,BB,8.00,05/15/2025,7/28/2024,7/28/2027,0.47,7.50%,25.40,24.30,37.35,Creditservices,,46.00,,,,,,25.06,0.76,-0.34,25.02,25.03,0.15,0.11,24.58,25.44,23.91,25.44,24.83
RWAYZ,RWAYZ,RWAY,,BB,8.00,05/15/2025,12/31/2024,12/31/2027,0.50,8.00%,,24.52,37.35,Creditservices,,46.00,,,,,,25.20,0.68,,25.18,25.21,0.09,-0.04,24.83,25.51,24.23,25.70,24.96
RWT PRA,RWT-A,RWT,NFF,,8.00,06/27/2025,4/15/2028,NONE,0.63,10.00%,,,132.98,Reit,,89.00,,,,,,24.79,,,24.62,25.19,0.67,-1.58,20.77,26.50,20.77,26.50,24.78
RWTN,RWTN,RWT,,BB,8.00,05/15/2025,3/1/2026,3/1/2029,0.57,9.13%,,,132.98,Reit,,46.00,,,,,,24.80,,,24.63,25.01,0.71,-0.85,22.48,25.72,22.48,27.10,24.52
RWTO,RWTO,RWT,,BB,8.00,05/15/2025,9/1/2026,9/1/2029,0.56,9.00%,,,132.98,Reit,,46.00,,,,,,24.44,,,,,,,22.25,26.00,22.25,26.00,24.17
RWTP,RWTP,RWT,,,8.00,05/15/2025,3/1/2027,3/1/2030,0.85,9.13%,,,132.98,Reit,,46.00,,,,,,24.25,,,,,,,22.70,25.25,22.70,25.25,23.83
RZB,RZB,RGA,NFF,,12.00,05/30/2025,6/15/2026,6/15/2056,0.36,5.75%,,,66.07,Insurance,,61.00,,,,,,24.68,,,24.75,24.89,-0.28,-0.85,24.11,26.00,23.44,26.47,24.56
RZC,RZC,RGA,NFF,,12.00,06/27/2025,10/15/2027,10/15/2052,0.45,7.13%,,,66.07,Insurance,,89.00,,,,,,25.66,,,25.73,26.12,-0.27,-1.76,24.74,27.09,24.74,29.20,25.66
SACH PRA,SACH-A,SACH,,,8.00,06/13/2025,6/29/2026,NONE,0.48,7.75%,24.15,19.69,47.31,Reit,,75.00,,,,,,14.97,-4.72,-9.18,15.55,18.84,-3.71,-20.53,12.54,23.78,12.54,25.06,14.89
SAJ,SAJ,SAR,,BB,8.00,05/15/2025,10/27/2024,10/31/2027,0.50,8.00%,,24.68,15.36,Assetmanagement,,46.00,,,,,,25.37,0.69,,25.39,25.30,-0.07,0.29,24.74,25.94,24.28,26.49,25.13
SAT,SAT,SAR,,BB,8.00,05/15/2025,4/27/2024,4/30/2027,0.38,6.00%,24.99,23.30,15.36,Assetmanagement,,46.00,,,,,,24.63,1.33,-0.36,24.55,24.46,0.33,0.68,23.91,25.16,22.97,25.16,24.44
SAY,SAY,SAR,,BB,8.00,05/15/2025,12/13/2024,12/31/2027,0.51,8.13%,,25.01,15.36,Assetmanagement,,46.00,,,,,,25.46,0.45,,25.33,25.30,0.52,0.61,24.90,25.98,24.64,25.98,25.21
SAZ,SAZ,SAR,,BB,8.00,05/15/2025,4/14/2025,4/15/2028,0.53,8.50%,,25.03,15.36,Assetmanagement,,46.00,,,,,,25.36,0.33,,25.30,25.42,0.22,-0.24,24.90,25.78,24.78,26.00,25.10
SB PRC,SB-C,SB,,,8.00,07/16/2025,5/31/2019,NONE,0.50,8.00%,25.20,24.98,105.27,Marineshipping,,18.00,,,,,,26.04,1.06,0.84,25.39,25.54,2.55,1.97,24.85,26.50,24.31,26.50,25.64
SB PRD,SB-D,SB,,,8.00,07/16/2025,6/30/2019,NONE,0.50,8.00%,,,105.27,Marineshipping,,18.00,,,,,,25.46,,,25.36,25.61,0.39,-0.57,24.17,26.14,24.17,26.90,25.06
SCCC,SCCC,SACH,,BB,8.00,06/13/2025,9/30/2022,9/30/2025,0.48,7.75%,25.20,23.66,47.31,Reit,,75.00,,,,,,24.99,1.33,-0.21,24.82,24.76,0.69,0.94,23.99,25.47,23.08,25.47,24.91
SCCD,SCCD,SACH,,,8.00,06/13/2025,9/20/2023,9/30/2026,0.38,6.00%,23.82,21.50,47.31,Reit,,75.00,,,,,,21.70,0.20,-2.12,21.00,21.53,3.31,0.81,19.00,23.10,19.00,23.26,21.64
SCCE,SCCE,SACH,,BB,8.00,06/13/2025,3/9/2024,3/30/2027,0.38,6.00%,23.08,20.88,47.31,Reit,,75.00,,,,,,19.58,-1.30,-3.50,19.39,20.63,1.00,-5.08,18.05,22.53,18.05,23.33,19.52
SCCF,SCCF,SACH,,BB,8.00,06/13/2025,5/11/2024,6/30/2027,0.45,7.13%,24.65,21.80,47.31,Reit,,75.00,,,,,,19.11,-2.69,-5.54,19.25,20.80,-0.72,-8.11,17.94,22.94,17.94,24.05,19.04
SCCG,SCCG,SACH,,BB,8.00,06/13/2025,8/23/2024,9/30/2027,0.50,8.00%,,22.80,47.31,Reit,,75.00,,,,,,19.25,-3.55,,19.98,21.55,-3.64,-10.66,17.15,24.33,17.15,24.45,19.17
SCE PRJ,SCE-J,EIX,NFF,,10.50,06/13/2025,9/15/2025,NONE,0.34,5.38%,,,384.94,Utility,,75.00,,,,,,22.79,,,22.64,23.60,0.67,-3.45,20.70,25.10,18.94,25.10,22.73
SCE PRK,SCE-K,EIX,NFF,,10.50,06/13/2025,3/15/2026,NONE,0.34,5.45%,,,384.94,Utility,,75.00,,,,,,22.87,,,23.09,24.06,-0.94,-4.93,21.91,25.37,20.98,25.49,22.81
SCE PRM,SCE-M,EIX,,TP,10.50,06/13/2025,11/22/2028,NONE,0.47,7.50%,,,384.94,Utility,,75.00,,,,,,22.68,,,23.11,25.17,-1.85,-9.89,22.02,27.55,22.02,27.55,22.60
SCE PRN,SCE-N,EIX,,TP,10.50,06/13/2025,5/13/2029,NONE,0.43,6.95%,,,384.94,Utility,,75.00,,,,,,21.65,,,22.26,24.49,-2.73,-11.61,20.71,27.12,20.71,27.12,21.58
SEAL PRA,SEAL-A,SEAL,,,8.00,06/27/2025,10/5/2021,NONE,0.56,9.00%,,,-,-,,89.00,,,,,,25.75,,,25.38,25.53,1.44,0.87,24.50,26.00,23.60,26.49,25.74
SEAL PRB,SEAL-B,SEAL,NFF,,8.00,06/27/2025,10/15/2027,NONE,0.53,8.50%,,,-,-,,89.00,,,,,,25.86,,,25.43,25.67,1.68,0.73,23.92,26.75,22.90,27.44,25.85
SNV PRD,SNV-D,SNV,FF,,8.00,06/13/2025,6/21/2023,NONE,0.50,6.30%,,,138.77,Regionalbank,,75.00,,,,,,25.17,,,24.98,25.14,0.75,0.11,23.51,25.75,23.45,25.80,25.09
SNV PRE,SNV-E,SNV,FF,,8.00,06/13/2025,7/1/2024,NONE,0.53,5.88%,,,138.77,Regionalbank,,75.00,,,,,,25.92,,,25.68,25.81,0.94,0.41,24.21,26.86,19.83,26.86,25.83
SOJF,SOJF,SO,,,12.00,06/13/2025,3/15/2030,3/15/2085,0.41,6.50%,,,1098.51,Utility,,75.00,,,,,,25.72,,,,,,,24.92,26.99,24.92,26.99,25.65
SPMA,SPMA,SPMC,,,8.00,05/15/2025,11/30/2026,11/30/2029,0.17,8.00%,,,20.27,Assetmanagement,,46.00,,,,,,25.06,,,,,,,23.67,25.20,23.67,25.20,24.98
SPNT PRB,SPNT-B,SPNT,NFF,,9.00,05/15/2025,2/26/2026,NONE,0.50,8.00%,,,116.79,Insurance,,46.00,,,,,,25.36,,,25.21,25.35,0.59,0.05,24.75,25.78,24.31,25.78,25.12
SSSSL,SSSSL,SSSS,,BB,8.00,06/13/2025,12/30/2024,12/30/2026,0.38,6.00%,24.75,23.35,23.55,Assetmanagement,,75.00,,,,,,24.74,1.39,-0.01,24.60,24.49,0.55,1.03,24.16,25.40,22.39,25.40,24.68
SWKHL,SWKHL,SWKH,,BB,8.00,06/13/2025,Anytime,1/31/2027,0.56,9.00%,,24.80,12.27,Assetmanagement,,75.00,,,,,,25.50,0.70,,25.26,25.35,0.94,0.61,24.59,25.78,24.47,25.88,25.41
SYF PRB,SYF-B,SYF,NFF,,8.00,08/04/2025,5/15/2029,NONE,0.52,8.25%,,,380.67,Creditservices,,37.00,,,,,,25.38,,,25.02,25.56,1.44,-0.72,23.30,26.71,23.30,26.71,25.07
TFC PRI,TFC-I,TFC,FLR,,11.50,08/08/2025,9/15/2011,NONE,0.32,4.00%,,,1308.21,Regionalbank,,41.00,,,,,,20.30,,,22.38,23.07,-9.30,-12.00,20.16,24.25,19.32,25.35,20.13
TFINP,TFINP,TFIN,,,8.00,06/13/2025,6/30/2025,NONE,0.45,7.13%,25.47,19.20,23.50,Regionalbank,,75.00,,,,,,21.74,2.54,-3.73,21.81,22.58,-0.34,-3.71,20.26,24.40,18.25,24.40,21.66
TFSA,TFSA,-,,,8.00,06/13/2025,2/10/2023,3/31/2026,0.44,7.00%,,,-,-,,75.00,,,,,,23.28,,,24.58,24.09,-5.27,-3.37,23.28,26.85,21.60,27.58,23.21
TPGXL,TPGXL,TPG,,BB,12.00,05/29/2025,3/15/2029,3/15/2064,0.43,6.95%,,,110.28,Assetmanagement,,60.00,,,,,,25.50,,,24.78,25.53,2.89,-0.11,23.53,26.33,23.53,27.00,25.36
TRINI,TRINI,TRIN,,BB,8.00,06/12/2025,9/30/2026,9/30/2029,0.49,7.88%,,,64.65,Assetmanagement,,74.00,,,,,,25.18,,,,,,,24.66,25.65,24.05,26.88,25.09
TRTN PRA,TRTN-A,-,,,9.00,06/09/2025,3/15/2024,NONE,0.53,8.50%,26.49,25.00,-,-,,71.00,,,,,,25.21,0.21,-1.28,25.34,25.64,-0.51,-1.68,23.96,26.25,23.96,26.83,25.10
TRTN PRB,TRTN-B,-,,,9.00,06/09/2025,9/15/2024,NONE,0.50,8.00%,26.63,23.67,-,-,,71.00,,,,,,24.67,1.00,-1.96,24.70,25.09,-0.10,-1.67,22.75,25.70,22.75,25.95,24.56
TRTN PRC,TRTN-C,-,,,9.00,06/09/2025,12/15/2024,NONE,0.46,7.38%,26.10,22.32,-,-,,71.00,,,,,,23.80,1.48,-2.30,23.37,24.36,1.86,-2.31,21.93,25.43,21.93,26.17,23.70
TRTN PRF,TRTN-F,-,,,9.00,06/09/2025,3/15/2030,NONE,0.48,7.63%,,,-,-,,71.00,,,,,,24.47,,,,,,,23.20,25.35,23.20,25.35,24.37
TVC,TVC,GOOGL,,,19.50,05/30/2025,,6/1/2028,0.13,2.13%,,,9990.00,-,,61.00,,,,,,23.60,,,23.51,23.06,0.38,2.34,22.53,25.33,21.00,25.33,23.56
TVE,TVE,GOOGL,,,19.50,07/28/2025,,5/1/2029,0.14,2.22%,,,9990.00,-,,30.00,,,,,,23.20,,,23.19,22.64,0.06,2.46,22.11,25.30,20.72,25.30,23.11
TWO PRA,TWO-A,TWO,NFF,,8.00,07/10/2025,4/26/2027,NONE,0.51,8.13%,,,103.74,Reit,,12.00,,,,,,23.19,,,23.67,24.07,-2.03,-3.66,21.52,25.20,18.85,25.39,22.75
TWO PRB,TWO-B,TWO,NFF,,8.00,07/10/2025,7/27/2027,NONE,0.48,7.63%,,,103.74,Reit,,12.00,,,,,,22.64,,,23.14,23.57,-2.16,-3.96,21.27,25.27,17.90,25.43,22.22
TWO PRC,TWO-C,TWO,FF,,8.00,07/10/2025,1/27/2025,NONE,0.60,7.25%,,,103.74,Reit,,12.00,,,,,,23.75,,,24.21,24.42,-1.89,-2.75,22.25,25.20,18.55,25.20,23.23
UCB PRI,UCB-I,UCB,,,8.00,05/29/2025,9/15/2025,NONE,0.43,6.88%,,,119.46,Regionalbank,,60.00,,,,,,24.52,,,24.43,24.51,0.37,0.05,23.50,25.34,20.15,25.34,24.38
UMH PRD,UMH-D,UMH,,,8.00,05/15/2025,1/22/2023,NONE,0.40,6.38%,25.57,20.85,83.91,Reit,,46.00,,,,,,22.09,1.24,-3.48,22.18,22.94,-0.42,-3.71,20.99,24.27,19.83,24.42,21.89
USB PRH,USB-H,USB,FLR,,12.50,06/27/2025,4/15/2011,NONE,0.32,3.50%,,,1557.99,Regionalbank,,89.00,,,,,,20.24,,,21.47,21.88,-5.74,-7.49,18.91,24.00,17.67,24.00,20.24
VLYPN,VLYPN,VLY,NFF,,8.00,06/12/2025,9/30/2029,NONE,0.52,8.25%,,,559.85,Regionalbank,,74.00,,,,,,25.15,,,,,,,23.75,26.82,23.75,26.88,25.06
VLYPO,VLYPO,VLY,FF,,8.00,06/13/2025,9/30/2022,NONE,0.52,5.50%,,,559.85,Regionalbank,,75.00,,,,,,24.72,,,24.80,24.80,-0.31,-0.31,22.73,25.77,20.04,26.01,24.63
VLYPP,VLYPP,VLY,NFF,,8.00,06/13/2025,6/30/2025,NONE,0.39,6.25%,,,559.85,Regionalbank,,75.00,,,,,,24.55,,,24.63,24.23,-0.31,1.34,21.71,25.68,16.76,25.68,24.48
VOYA PRB,VOYA-B,VOYA,NFF,,10.00,05/27/2025,9/15/2029,NONE,0.33,5.35%,,,96.09,Financialconglomerates,,58.00,,,,,,24.25,,,24.11,24.63,0.60,-1.54,22.81,26.63,19.83,26.63,24.13
WAL PRA,WAL-A,WAL,NFF,,8.00,06/13/2025,9/30/2026,NONE,0.27,4.25%,,,110.43,Regionalbank,,75.00,,,,,,22.05,,,21.79,20.98,1.21,5.09,19.57,23.00,13.80,23.00,22.00
WBS PRG,WBS-G,WBS,,,10.00,06/30/2025,4/15/2018,NONE,0.41,6.50%,25.24,20.25,168.44,Regionalbank,,2.00,,,,,,23.35,3.10,-1.89,23.22,23.62,0.54,-1.16,21.26,25.26,18.12,25.26,22.95
WCC PRA,WCC-A,WCC,NFF,,8.00,06/13/2025,6/22/2025,NONE,0.66,10.63%,,,48.81,Industrialdistribution,,,,,,,,,,,,,,,,,,,
WHFCL,WHFCL,WHF,,BB,8.00,05/28/2025,9/15/2025,9/15/2028,0.49,7.88%,,24.85,23.24,Assetmanagement,,59.00,,,,,,25.11,0.26,,25.28,25.33,-0.65,-0.88,25.00,25.70,24.54,27.41,24.94
WSBCP,WSBCP,WSBC,NFF,,8.00,07/28/2025,11/15/2025,NONE,0.42,6.75%,,,95.79,Regionalbank,,30.00,,,,,,25.29,,,25.15,25.07,0.54,0.87,24.42,25.60,22.00,25.60,25.01
WTFCM,WTFCM,WTFC,NFF,,8.00,07/01/2025,7/15/2025,NONE,0.41,6.50%,,,66.87,Regionalbank,,3.00,,,,,,25.33,,,25.11,24.96,0.88,1.49,24.34,25.35,20.46,25.50,24.93
WTFCP,WTFCP,WTFC,NFF,,8.00,07/01/2025,7/15/2025,NONE,0.43,6.88%,,,66.87,Regionalbank,,3.00,,,,,,25.36,,,25.20,25.11,0.65,0.98,24.68,25.44,22.77,25.49,24.94
XFLT PRA,XFLT-A,XFLT,,,8.00,07/14/2025,3/31/2023,3/31/2026,0.41,6.50%,25.46,24.54,76.12,Cef,,16.00,,,,,,25.29,0.75,-0.17,25.13,25.01,0.62,1.11,24.61,25.48,24.21,25.48,24.95
XOMAO,XOMAO,XOMA,,,8.00,06/30/2025,4/15/2022,NONE,0.52,8.38%,25.30,22.56,11.95,Biotechnology,,2.00,,,,,,25.39,2.83,0.09,25.28,25.34,0.43,0.19,23.32,25.74,20.43,25.87,24.88
XOMAP,XOMAP,XOMA,,,8.00,06/30/2025,12/15/2021,NONE,0.54,8.63%,25.92,22.76,11.95,Biotechnology,,2.00,,,,,,25.66,2.90,-0.26,25.70,25.68,-0.16,-0.09,24.96,26.51,21.40,26.51,25.13
