PREF IBKR,PREF YF,CMON,FF-FR_,BOND_,CRDT SCORE_,EX-DIV DATE,CALL DATE,MATUR DATE,DIV AMOUNT,COUPON,Aug2022_Price,Oct19_Price,CMON OUTS SHARES,CMON SECTOR,LAST PRICE,TIME TO DIV,DIV ADJ.PRICE,Unnamed: 18,Unnamed: 19,Unnamed: 20,Unnamed: 21,Last Price,Oct19_diff,Aug2022_diff,SMA88,SMA268,SMA88 chg,SMA268 chg,6M Low,6M High,1Y Low,1Y High,Div adj.price,6M_Low_diff,6M_High_diff,SMA88_chg_norm,SMA268_chg_norm,6M_Low_diff_norm,6M_High_diff_norm,1Y_High_diff,1Y_Low_diff,1Y_High_diff_norm,1Y_Low_diff_norm,ADV_6M,ADV_3M,ADV_15D,AVG_ADV,SOLIDITY_SCORE,Normalized_COM_6M,Normalized_COM_3M,Normalized_52W_LOW,FINAL_THG,CS_FACTOR,Group
ABLLL,ABLLL,ABL,,BB,8.0,05/13/2025,2/15/2027,11/15/2028,0.62,9.88%,,,95.62,Insurance,,44.0,,,,,,24.79,,,25.5,26.19,-2.79,-5.35,20.52,38.5,20.52,38.5,24.47,3.95,-14.03,60.2,65.56,39.15,,-14.03,3.95,,64.14,11349.0,12656.0,13749.0,12585.0,35.76,,,,58.24,1.0,1.0
ABR PRD,ABR-D,ABR,,,8.0,06/17/2025,6/2/2026,NONE,0.4,6.38%,21.35,16.6,192.08,Reit,,79.0,,,,,,17.61,1.01,-3.74,17.53,18.27,0.48,-3.64,16.75,19.98,15.9,19.98,17.56,0.81,-2.42,48.74,59.28,78.09,34.86,-2.42,1.66,34.01,79.13,14645.0,14263.0,9123.0,12677.0,39.73,,,,51.95,1.0,2.0
ABR PRE,ABR-E,ABR,,,8.0,06/17/2025,8/11/2026,NONE,0.39,6.25%,21.35,16.6,192.08,Reit,,79.0,,,,,,17.25,0.65,-4.1,17.14,18.08,0.63,-4.57,16.3,20.6,16.0,20.94,17.2,0.9,-3.4,48.21,62.7,76.98,45.09,-3.74,1.2,47.33,82.14,7809.0,9423.0,4678.0,7303.0,39.73,,,,52.77,1.0,2.0
ABR PRF,ABR-F,ABR,NFF,,8.0,07/11/2025,10/30/2026,NONE,0.39,6.25%,,,192.08,Reit,,13.0,,,,,,20.4,,,21.12,20.61,-3.41,-1.04,19.19,23.3,17.15,23.3,20.07,0.88,-3.23,62.38,49.72,77.22,43.32,-3.23,2.92,42.18,70.88,19810.0,15554.0,11504.0,15623.0,39.73,,,,53.76,1.0,2.0
ACR PRC,ACR-C,ACR,FF,,8.0,07/01/2025,7/30/2024,NONE,0.64,8.63%,,,7.39,Reit,,3.0,,,,,,25.32,,,24.85,24.89,1.87,1.74,22.61,25.53,20.85,25.53,24.7,2.09,-0.83,43.87,39.51,62.22,18.25,-0.83,3.85,17.97,64.8,7698.0,6054.0,4256.0,6003.0,44.29,,,,42.59,1.0,2.0
ACR PRD,ACR-D,ACR,,,8.0,07/01/2025,5/21/2026,NONE,0.49,7.88%,20.5,18.57,7.39,Reit,,3.0,,,,,,22.45,3.88,1.95,21.31,22.18,5.36,1.22,18.12,23.48,17.69,24.49,21.98,3.86,-1.5,31.63,41.42,40.26,25.25,-2.51,4.29,34.92,61.91,6399.0,8442.0,6008.0,6950.0,44.29,,,,38.51,1.0,2.0
AGNCL,AGNCL,AGNC,FF,,8.0,07/01/2025,10/15/2027,NONE,0.48,7.75%,,,1020.48,Reit,,3.0,,,,,,25.16,,,24.97,24.71,0.74,1.8,22.84,26.59,19.78,26.59,24.7,1.86,-1.89,47.83,39.29,65.07,29.32,-1.89,4.92,28.66,57.79,14240.0,12842.0,12191.0,13091.0,50.39,,,,45.74,1.0,5.0
AGNCM,AGNCM,AGNC,FF,,8.0,07/01/2025,4/15/2024,NONE,0.56,6.88%,,,1020.48,Reit,,3.0,,,,,,25.34,,,24.81,25.07,2.15,1.09,23.01,25.6,20.47,25.85,24.8,1.79,-0.8,42.88,41.9,65.94,17.94,-1.05,4.33,20.19,61.65,14303.0,15915.0,12162.0,14127.0,50.39,,,,44.87,1.0,2.0
AGNCN,AGNCN,AGNC,FF,,8.0,07/01/2025,10/15/2022,NONE,0.61,7.00%,,,1020.48,Reit,,3.0,,,,,,25.83,,,25.64,25.7,0.73,0.5,23.63,26.59,23.63,26.59,25.24,1.61,-1.35,47.86,44.07,68.17,23.68,-1.35,1.61,23.22,79.46,22150.0,22761.0,14768.0,19893.0,50.39,,,,48.09,1.0,9.0
AGNCO,AGNCO,AGNC,FF,,8.0,07/01/2025,10/15/2024,NONE,0.6,6.50%,,,1020.48,Reit,,3.0,,,,,,25.71,,,25.35,25.22,1.42,1.92,23.68,25.95,20.85,25.95,25.13,1.45,-0.82,45.44,38.85,70.16,18.15,-0.82,4.28,17.87,61.98,32088.0,29412.0,19310.0,26937.0,50.39,,,,45.48,1.0,2.0
AGNCP,AGNCP,AGNC,FF,,8.0,07/01/2025,4/15/2025,NONE,0.38,6.13%,,,1020.48,Reit,,3.0,,,,,,25.37,,,24.93,24.63,1.76,2.99,23.37,25.48,19.61,25.48,25.0,1.63,-0.48,44.25,34.92,67.92,14.6,-0.48,5.39,14.44,54.71,37633.0,34331.0,43033.0,38332.0,50.39,,,,44.14,1.0,2.0
AHL PRF,AHL-F,-,,,10.0,06/12/2025,11/30/2029,NONE,0.61,7.00%,,,-,-,,74.0,,,,,,24.2,,,,,,,21.28,26.21,21.28,26.21,24.09,2.81,-2.12,52.18,51.93,53.29,31.72,-2.12,2.81,30.98,71.6,28868.0,14851.0,11593.0,18438.0,53.11,,,,53.42,1.0,2.0
ALL PRB,ALL-B,ALL,FF,,12.5,06/27/2025,1/15/2023,1/15/2053,0.48,5.10%,,,264.67,Insurance,,89.0,,,,,,26.23,,,25.94,26.0,1.1,0.9,25.01,27.0,25.01,27.0,26.22,1.21,-0.78,46.56,42.6,73.13,17.73,-0.78,1.21,17.47,82.08,26238.0,27897.0,19148.0,24428.0,74.38,66.62,46.27,80.49,52.07,1.0,9.0
ALL PRJ,ALL-J,ALL,,,12.0,06/27/2025,7/15/2028,NONE,0.46,7.38%,,25.29,264.67,Insurance,,89.0,,,,,,26.78,1.48,,26.64,26.98,0.49,-0.78,25.56,27.99,25.15,28.22,26.76,1.2,-1.23,48.7,48.77,73.26,22.43,-1.46,1.61,24.33,79.46,35944.0,33704.0,24020.0,31223.0,74.38,66.62,46.27,80.49,55.82,1.0,0.0
ALTG PRA,ALTG-A,ALTG,,,8.0,07/11/2025,12/22/2025,NONE,0.63,10.00%,26.75,25.75,33.19,Rental&leasingservices,,13.0,,,,,,25.11,-0.64,-1.64,24.85,25.39,1.04,-1.09,23.05,26.25,23.05,27.0,24.57,1.52,-1.68,46.77,49.91,69.29,27.13,-2.43,1.52,34.11,80.05,2261.0,2897.0,2501.0,2553.0,31.84,,,,45.2,1.0,1.0
ANG PRB,ANG-B,-,FF,,9.0,05/16/2025,9/1/2025,NONE,0.41,6.63%,,,-,-,,47.0,,,,,,25.11,,,25.05,25.02,0.24,0.36,24.76,25.9,22.0,25.9,24.91,0.15,-0.99,49.58,44.58,86.28,19.92,-0.99,2.91,19.58,70.95,38691.0,57962.0,15385.0,37346.0,53.11,,,,50.62,1.0,5.0
ANG PRD,ANG-D,-,,,9.0,06/30/2025,1/15/2030,,0.49,7.38%,,,-,-,,2.0,,,,,,25.75,,,,,,,23.54,26.54,23.54,26.54,25.27,1.73,-1.27,52.18,51.93,66.68,22.85,-1.27,1.73,22.41,78.67,39415.0,24415.0,14071.0,25967.0,53.11,,,,53.89,1.0,3.0
AOMN,AOMN,AOMR,,BB,8.0,07/14/2025,7/30/2026,7/30/2029,0.59,9.50%,,,23.50,Reit,,16.0,,,,,,25.01,,,,,,,23.6,26.09,23.6,26.1,24.52,0.92,-1.57,52.18,51.93,76.73,25.98,-1.58,0.92,25.54,83.98,8057.0,7085.0,3729.0,6291.0,39.12,,,,49.86,1.0,9.0
APOS,APOS,APO,NFF,,13.0,05/30/2025,12/15/2028,9/15/2053,0.48,7.63%,,,571.72,Assetmanagement,,61.0,,,,,,26.45,,,26.34,26.71,0.42,-0.96,24.89,27.61,24.89,27.77,26.3,1.41,-1.31,48.95,49.43,70.65,23.26,-1.47,1.41,24.43,80.77,28907.0,34886.0,30702.0,31498.0,67.77,,,,54.87,1.0,0.0
AQNB,AQNB,AQN,FF,,9.0,06/13/2025,7/1/2024,7/1/2079,0.55,6.20%,,,789.65,Utilities,,75.0,,,,,,25.29,,,25.4,25.48,-0.45,-0.75,24.59,26.09,22.71,26.5,25.2,0.61,-0.89,52.0,48.66,80.57,18.88,-1.3,2.49,22.71,73.7,22602.0,26756.0,27296.0,25551.0,46.12,,,,51.08,1.0,9.0
ARGD,ARGD,-,,BB,9.5,05/30/2025,9/15/2017,9/15/2042,0.41,6.50%,24.35,21.31,-,-,,61.0,,,,,,20.19,-1.12,-4.16,20.58,21.61,-1.89,-6.59,19.19,22.71,19.19,24.24,20.06,0.87,-2.65,57.05,70.12,77.35,37.26,-4.18,0.87,51.77,84.3,7061.0,6626.0,6414.0,6700.0,53.11,,,,61.91,1.0,5.0
ARGO PRA,ARGO-A,-,NFF,,8.5,05/27/2025,9/15/2025,NONE,0.44,7.00%,,,-,-,,58.0,,,,,,25.07,,,25.04,24.94,0.11,0.5,24.59,25.36,20.76,25.49,24.91,0.32,-0.45,50.04,44.07,84.17,14.28,-0.58,4.15,15.45,62.83,16923.0,16991.0,16801.0,16905.0,53.11,,,,49.32,1.0,2.0
ARR PRC,ARR-C,ARR,,,8.0,05/15/2025,1/28/2025,,0.15,7.00%,22.6,18.06,81.90,Reit,,46.0,,,,,,20.84,2.78,-1.76,20.94,21.64,-0.47,-3.69,19.27,23.58,17.85,23.58,20.77,1.5,-2.81,52.07,59.46,69.53,38.93,-2.81,2.92,37.94,70.88,10265.0,9570.0,8564.0,9466.0,37.01,,,,52.61,1.0,2.0
ASBA,ASBA,ASB,NFF,,11.0,05/15/2025,3/1/2028,3/1/2033,0.41,6.63%,,,165.95,Regionalbank,,46.0,,,,,,24.05,,,24.1,24.17,-0.2,-0.5,22.99,25.3,18.82,25.3,23.85,0.86,-1.45,51.12,47.74,77.47,24.73,-1.45,5.03,24.22,57.07,17084.0,13954.0,10815.0,13951.0,55.46,48.25,65.82,78.92,51.51,1.0,3.0
ATCO PRD,ATCO-D,-,,,8.0,07/25/2025,1/30/2018,NONE,0.5,7.95%,25.27,23.86,-,-,,27.0,,,,,,25.33,1.47,0.06,25.04,25.1,1.16,0.91,24.14,25.98,22.04,25.98,24.98,0.84,-1.0,46.35,42.56,77.72,20.03,-1.0,2.94,19.68,70.75,4669.0,6000.0,9795.0,6821.0,53.11,,,,46.61,1.0,9.0
ATCO PRH,ATCO-H,-,,,8.0,07/25/2025,8/11/2021,NONE,0.49,7.88%,24.95,22.38,-,-,,27.0,,,,,,25.4,3.03,0.46,24.86,24.93,2.2,1.91,23.78,25.49,21.36,25.49,25.07,1.29,-0.42,42.71,38.88,72.14,13.97,-0.42,3.71,13.83,65.71,11610.0,14110.0,24558.0,16760.0,53.11,,,,44.3,1.0,9.0
ATCOL,ATCOL,-,,,8.0,07/15/2025,5/13/2023,10/30/2027,0.45,7.13%,,,-,-,,17.0,,,,,,25.28,,,24.95,25.03,1.34,1.03,22.45,25.45,22.45,25.9,24.93,2.48,-0.52,45.72,42.12,57.38,15.01,-0.97,2.48,19.38,73.76,2017.0,2501.0,2387.0,2302.0,53.11,,,,45.9,1.0,1.0
ATH PRA,ATH-A,-,NFF,,11.5,06/13/2025,6/30/2029,NONE,0.4,6.35%,,,-,-,,75.0,,,,,,24.52,,,24.16,24.56,1.47,-0.16,21.6,25.71,19.81,25.71,24.45,2.85,-1.26,45.27,46.49,52.79,22.74,-1.26,4.64,22.31,59.62,37535.0,35797.0,37532.0,36955.0,53.11,,,,49.64,1.0,3.0
ATH PRC,ATH-C,-,NFF,,11.5,06/13/2025,9/30/2025,NONE,0.4,6.38%,,,-,-,,75.0,,,,,,24.98,,,25.1,25.11,-0.48,-0.53,24.24,25.46,22.56,25.64,24.91,0.67,-0.55,52.1,47.85,79.83,15.33,-0.73,2.35,16.96,74.62,64800.0,73512.0,115626.0,84646.0,53.11,,,,55.89,1.0,6.0
ATH PRE,ATH-E,-,NFF,,11.5,06/13/2025,12/30/2027,NONE,0.48,7.75%,,,-,-,,75.0,,,,,,25.85,,,25.65,26.2,0.76,-1.32,24.17,27.5,23.61,27.5,25.77,1.6,-1.73,47.76,50.75,68.29,27.65,-1.73,2.16,27.05,75.86,22061.0,24127.0,36425.0,27537.0,53.11,,,,51.75,1.0,6.0
ATHS,ATHS,-,NFF,,12.0,06/12/2025,3/30/2029,3/30/2064,0.45,7.25%,,,-,-,,74.0,,,,,,25.19,,,25.11,25.34,0.31,-0.58,24.01,26.25,24.01,26.25,25.11,1.1,-1.14,49.33,48.03,74.5,21.49,-1.14,1.1,21.1,82.8,45125.0,43328.0,33908.0,40787.0,53.11,,,,52.11,1.0,0.0
ATLCL,ATLCL,ATLC,,,8.0,07/11/2025,10/2/2026,12/31/2026,0.38,6.13%,24.52,21.61,15.11,Creditservices,,13.0,,,,,,24.09,2.48,-0.43,24.09,23.67,-0.01,1.79,23.29,24.76,20.62,24.76,23.76,0.47,-1.0,50.46,39.32,82.31,20.03,-1.0,3.14,19.68,69.44,5323.0,6337.0,6191.0,5950.0,42.28,,,,44.74,1.0,9.0
ATLCP,ATLCP,ATLC,,,8.0,05/30/2025,6/11/2026,NONE,0.48,7.63%,24.15,20.61,15.11,Creditservices,,61.0,,,,,,22.05,1.44,-2.1,22.95,23.04,-3.92,-4.28,21.66,24.5,18.51,24.8,21.9,0.24,-2.6,64.16,61.63,85.16,36.74,-2.9,3.39,38.85,67.81,4366.0,4449.0,7353.0,5390.0,42.28,,,,59.11,1.0,2.0
ATLCZ,ATLCZ,ATLC,,BB,8.0,07/01/2025,1/31/2028,1/31/2029,0.58,9.25%,,,15.11,Creditservices,,3.0,,,,,,25.04,,,25.02,25.01,0.07,0.14,23.4,25.5,23.4,25.5,24.48,1.08,-1.02,50.18,45.39,74.74,20.23,-1.02,1.08,19.89,82.93,23219.0,18208.0,15925.0,19117.0,43.13,,,,48.05,1.0,9.0
AUB PRA,AUB-A,AUB,,,8.0,05/16/2025,9/1/2025,NONE,0.43,6.88%,26.14,19.25,142.37,Regionalbank,,47.0,,,,,,24.7,4.7,-2.19,24.26,24.34,-1.29,-1.6,22.86,25.93,19.21,25.93,23.74,0.88,-2.19,54.94,51.78,77.22,32.45,-2.19,4.53,31.69,60.34,13976.0,10563.0,10517.0,11685.0,46.77,,,,52.77,1.0,6.0
BAC PRE,BAC-E,BAC,FLR,,11.0,07/25/2025,11/15/2011,NONE,0.31,4.00%,,,7537.21,Bank,,27.0,,,,,,22.11,,,22.28,23.47,-0.74,-5.79,20.81,25.5,19.52,25.5,21.89,1.08,-3.61,53.01,67.18,74.74,47.28,-3.61,2.37,46.02,74.48,18102.0,22981.0,23632.0,21572.0,76.46,58.95,74.82,84.07,64.72,1.0,5.0
BANC PRF,BANC-F,BANC,NFF,,8.0,05/19/2025,9/1/2027,NONE,0.49,7.75%,,,169.33,Regionalbank,,50.0,,,,,,24.64,,,24.7,24.42,-0.24,0.91,23.39,25.6,21.0,25.6,24.42,1.03,-1.18,51.26,42.56,75.36,21.91,-1.18,3.42,21.5,67.61,43389.0,31300.0,19323.0,31337.0,44.38,,,,48.36,1.0,5.0
BANFP,BANFP,BANF,,TP,8.0,06/27/2025,3/21/2009,3/31/2034,0.45,7.20%,27.53,27.0,33.23,Regionalbank,,89.0,,,,,,26.06,-0.94,-1.47,26.04,25.85,0.07,0.79,25.45,29.45,24.7,29.45,26.05,0.6,-3.4,50.18,43.0,80.7,45.09,-3.4,1.35,43.9,81.16,582.0,404.0,184.0,390.0,54.55,,,,48.21,1.0,1.0
BC PRA,BC-A,BC,,BB,11.5,06/29/2025,10/15/2023,10/15/2048,0.4,6.50%,26.22,22.5,65.69,Consumercyclical,,1.0,,,,,,23.94,1.44,-2.28,23.73,24.42,0.9,-1.98,22.58,25.43,22.09,25.92,23.54,0.96,-1.89,47.27,53.18,76.23,29.32,-2.38,1.45,33.61,80.51,7887.0,8730.0,10766.0,9128.0,47.38,,,,50.23,1.0,5.0
BC PRC,BC-C,BC,,BB,11.5,06/29/2025,4/15/2024,4/15/2049,0.39,6.38%,25.99,22.33,65.69,Consumercyclical,,1.0,,,,,,24.01,1.68,-1.98,23.4,24.3,2.63,-1.2,22.0,25.43,21.76,25.77,23.62,1.62,-1.81,41.2,50.31,68.05,28.49,-2.15,1.86,31.29,77.82,13151.0,14880.0,15672.0,14568.0,47.38,,,,46.99,1.0,5.0
BK PRK,BK-K,BK,NFF,,12.5,06/05/2025,3/20/2030,NONE,0.41,6.15%,,,715.58,Bank,,67.0,,,,,,25.55,,,,,,,24.54,25.83,24.54,25.83,25.45,0.91,-0.38,52.18,51.93,76.85,13.55,-0.38,0.91,13.43,84.04,202605.0,202605.0,59621.0,154944.0,76.68,,,,66.66,1.0,0.0
BML PRG,BML-G,BAC,FLR,,11.0,05/15/2025,11/28/2009,NONE,0.33,3.00%,,,7537.21,Bank,,46.0,,,,,,20.5,,,21.54,22.32,-4.82,-8.16,20.25,23.5,19.66,23.68,20.34,0.09,-3.16,67.32,75.89,87.02,42.58,-3.34,0.68,43.29,85.55,5740.0,4102.0,5904.0,5248.0,76.46,58.95,74.82,84.07,72.9,1.0,5.0
BML PRH,BML-H,BAC,FLR,,11.0,05/15/2025,11/28/2009,NONE,0.32,3.00%,,,7537.21,Bank,,46.0,,,,,,20.02,,,21.37,22.22,-6.3,-9.9,19.73,23.45,19.05,23.45,19.86,0.13,-3.59,72.51,82.28,86.53,47.08,-3.59,0.81,45.81,84.7,16355.0,17057.0,26082.0,19831.0,76.46,58.95,74.82,84.07,78.45,1.0,5.0
BML PRJ,BML-J,BAC,FLR,,11.0,05/15/2025,11/21/2010,NONE,0.33,4.00%,,,7537.21,Bank,,46.0,,,,,,21.83,,,22.52,23.11,-3.07,-5.53,20.7,24.55,20.0,24.69,21.67,0.97,-2.88,61.18,66.22,76.11,39.66,-3.02,1.67,40.06,79.07,16596.0,16107.0,10668.0,14457.0,76.46,58.95,74.82,84.07,67.16,1.0,5.0
BML PRL,BML-L,BAC,FLR,,11.0,07/01/2025,5/21/2010,NONE,0.32,4.00%,,,7537.21,Bank,,3.0,,,,,,20.49,,,21.76,22.85,-5.83,-10.35,19.8,24.75,19.65,24.77,20.18,0.38,-4.57,70.86,83.94,83.43,57.31,-4.59,0.53,55.9,86.53,21988.0,22174.0,39338.0,27833.0,76.46,58.95,74.82,84.07,78.95,1.0,5.0
BOH PRB,BOH-B,BOH,,,9.5,07/14/2025,8/1/2029,NONE,0.5,8.00%,,,39.66,Regionalbank,,16.0,,,,,,26.05,,,,,,,24.81,27.13,24.81,27.13,25.64,0.83,-1.49,52.18,51.93,77.84,25.14,-1.49,0.83,24.63,84.57,20258.0,17905.0,17138.0,18433.0,48.71,46.06,47.16,73.91,52.54,1.0,0.0
BPOPM,BPOPM,BPOP,,TP,7.0,05/15/2025,12/1/2009,12/1/2034,0.13,6.13%,27.2,24.51,69.37,Regionalbank,,46.0,,,,,,25.09,0.58,-2.11,25.37,25.49,-1.09,-1.59,24.53,26.09,24.38,26.25,25.03,0.5,-1.06,54.24,51.75,81.94,20.65,-1.22,0.65,21.9,85.74,2075.0,2099.0,3468.0,2547.0,57.98,,,,54.15,1.0,1.0
C PRN,C-N,C,FF,,10.0,07/25/2025,10/30/2015,10/30/2040,0.68,7.88%,,,1868.19,Bank,,27.0,,,,,,29.68,,,29.72,29.93,-0.12,-0.84,28.36,31.34,27.82,31.34,29.2,0.84,-2.14,50.84,48.99,77.72,31.93,-2.14,1.38,31.19,80.97,105730.0,119248.0,119338.0,114772.0,73.06,,,,61.72,1.0,9.0
CCIA,CCIA,CCIF,,Term,8.0,05/19/2025,10/31/2025,10/31/2028,0.18,8.75%,,,15.39,Cef,,50.0,,,,,,25.55,,,25.62,25.8,-0.26,-0.96,25.0,27.79,24.1,27.79,25.47,0.47,-2.32,51.33,49.43,82.31,33.81,-2.32,1.37,33.0,81.03,4384.0,5250.0,4993.0,4875.0,40.5,,,,48.71,1.0,1.0
CFG PRH,CFG-H,CFG,,,10.5,06/20/2025,7/6/2029,NONE,0.46,7.38%,,,433.40,Regionalbank,,82.0,,,,,,25.94,,,26.15,26.41,-0.8,-1.79,24.95,27.69,24.95,27.69,25.9,0.95,-1.79,53.23,52.48,76.36,28.28,-1.79,0.95,27.65,83.78,29055.0,26577.0,27358.0,27663.0,59.23,47.06,56.08,78.32,55.86,1.0,0.0
CGBDL,CGBDL,CGBD,,,8.0,05/15/2025,,,0.51,,,,72.90,Assetmanagement,,46.0,,,,,,25.53,,,25.65,25.67,-0.48,-0.53,25.05,26.66,25.05,26.66,25.28,0.23,-1.38,52.1,47.85,85.29,23.99,-1.38,0.23,23.52,88.49,8356.0,5879.0,5685.0,6640.0,45.91,,,,49.58,1.0,1.0
CHMI PRA,CHMI-A,CHMI,,,8.0,06/27/2025,8/17/2022,NONE,0.51,8.20%,22.65,19.6,32.66,Reit,,89.0,,,,,,20.95,1.35,-1.7,21.43,22.63,-2.24,-7.41,19.2,24.4,17.75,25.0,20.94,1.74,-3.46,58.27,73.13,66.56,45.72,-4.06,3.19,50.55,69.12,2769.0,2541.0,2846.0,2718.0,34.82,,,,59.69,1.0,2.0
CHMI PRB,CHMI-B,CHMI,FF,,8.0,06/27/2025,4/5/2024,NONE,0.64,8.25%,,,32.66,Reit,,89.0,,,,,,23.97,,,24.09,24.56,-0.52,-2.38,22.23,25.1,20.2,25.6,23.96,1.73,-1.14,52.24,54.65,66.68,21.49,-1.64,3.76,26.14,65.38,4331.0,3557.0,1503.0,3130.0,34.82,,,,49.92,1.0,8.0
CHSCL,CHSCL,-,,,8.0,06/13/2025,1/21/2025,NONE,0.47,7.50%,27.3,25.07,-,-,,75.0,,,,,,25.39,0.32,-1.91,25.71,25.87,-1.25,-1.85,25.31,26.42,24.92,26.63,25.31,0.0,-1.11,54.8,52.7,88.14,21.17,-1.32,0.39,22.91,87.45,22220.0,23162.0,19477.0,21620.0,53.11,,,,54.97,1.0,9.0
CHSCM,CHSCM,-,,,8.0,06/13/2025,9/30/2024,NONE,0.42,6.75%,26.4,24.05,-,-,,75.0,,,,,,24.04,-0.01,-2.36,24.75,25.1,-2.85,-4.22,23.8,25.97,23.51,26.19,23.97,0.17,-2.0,60.41,61.41,86.03,30.47,-2.22,0.46,31.99,86.99,18378.0,18299.0,21540.0,19405.0,53.11,,,,60.56,1.0,9.0
CHSCN,CHSCN,-,,,8.0,06/13/2025,3/31/2024,NONE,0.44,7.10%,26.3,24.62,-,-,,75.0,,,,,,24.63,0.01,-1.67,25.2,25.52,-2.26,-3.49,24.37,26.39,24.37,26.9,24.56,0.19,-1.83,58.34,58.73,85.78,28.69,-2.34,0.19,33.2,88.76,14314.0,14813.0,22469.0,17199.0,53.11,,,,58.52,1.0,9.0
CHSCO,CHSCO,-,,,8.0,06/13/2025,9/26/2023,NONE,0.49,7.88%,28.31,25.64,-,-,,75.0,,,,,,26.1,0.46,-2.21,26.43,26.69,-1.24,-2.21,25.6,27.4,25.46,27.73,26.02,0.42,-1.38,54.77,54.02,82.93,23.99,-1.71,0.56,26.85,86.33,18105.0,18915.0,27634.0,21551.0,53.11,,,,55.48,1.0,0.0
CICB,CICB,CION,,,8.0,06/12/2025,12/30/2026,12/30/2029,0.47,7.50%,,,52.69,Assetmanagement,,74.0,,,,,,24.69,,,,,,,24.32,163.1,24.32,163.1,24.61,0.29,-138.49,52.18,51.93,84.54,,-138.49,0.29,,88.1,17029.0,7776.0,6089.0,10298.0,41.18,,,,50.52,1.0,4.0
CIM PRB,CIM-B,CIM,FF,,8.0,06/02/2025,3/30/2024,NONE,0.65,8.00%,,,80.92,Reit,,64.0,,,,,,24.92,,,24.36,24.75,2.31,0.69,21.6,25.59,19.64,25.59,24.73,3.13,-0.86,42.32,43.37,49.32,18.56,-0.86,5.09,18.27,56.68,26209.0,33505.0,23464.0,27726.0,38.27,52.39,62.26,87.65,43.66,1.0,2.0
CIM PRC,CIM-C,CIM,NFF,,8.0,06/02/2025,9/30/2025,NONE,0.48,7.75%,,,80.92,Reit,,64.0,,,,,,22.9,,,22.69,22.86,0.92,0.16,20.26,24.6,17.11,24.6,22.76,2.5,-1.84,47.2,45.31,57.13,28.8,-1.84,5.65,28.16,53.01,17170.0,15521.0,10970.0,14554.0,38.27,52.39,62.26,87.65,45.57,1.0,2.0
CIM PRD,CIM-D,CIM,FF,,8.0,06/02/2025,3/30/2024,NONE,0.64,8.00%,,,80.92,Reit,,64.0,,,,,,24.44,,,24.08,24.47,1.49,-0.12,20.77,25.21,19.6,25.25,24.26,3.49,-0.95,45.2,46.34,44.85,19.5,-0.99,4.66,19.58,59.49,19854.0,18792.0,14190.0,17612.0,38.27,52.39,62.26,87.65,45.37,1.0,2.0
CIMN,CIMN,CIM,,BB,8.0,07/30/2025,5/15/2026,5/15/2029,0.56,9.00%,,,80.92,Reit,,32.0,,,,,,25.15,,,24.9,25.14,1.01,0.05,23.62,25.74,23.62,25.85,24.79,1.17,-0.95,46.88,45.72,73.63,19.5,-1.06,1.17,20.29,82.34,9683.0,8971.0,6582.0,8412.0,39.04,52.39,62.26,87.65,45.37,1.0,9.0
CIMO,CIMO,CIM,,,8.0,07/30/2025,8/15/2026,8/15/2029,0.58,9.25%,,,80.92,Reit,,32.0,,,,,,25.43,,,,,,,24.12,25.99,24.12,26.25,25.06,0.94,-0.93,52.18,51.93,76.48,19.3,-1.19,0.94,21.6,83.85,13154.0,11111.0,3401.0,9222.0,38.27,52.39,62.26,87.65,49.87,1.0,8.0
CMRE PRB,CMRE-B,CMRE,,,8.0,07/10/2025,8/6/2018,NONE,0.48,7.63%,25.18,24.82,119.96,Marineshipping,,12.0,,,,,,25.01,0.19,-0.17,25.32,25.64,-1.23,-2.46,24.02,26.25,22.13,28.16,24.59,0.57,-1.66,54.73,54.94,81.07,26.92,-3.57,2.46,45.61,73.9,1915.0,2455.0,2957.0,2442.0,44.0,,,,52.82,1.0,8.0
CMRE PRC,CMRE-C,CMRE,,,8.0,07/10/2025,1/21/2019,NONE,0.53,8.50%,25.32,25.17,119.96,Marineshipping,,12.0,,,,,,25.98,0.81,0.66,25.85,26.08,0.5,-0.4,25.05,26.94,24.5,27.19,25.52,0.47,-1.42,48.67,47.37,82.31,24.41,-1.67,1.02,26.44,83.32,3359.0,4018.0,3468.0,3615.0,44.0,,,,47.44,1.0,1.0
CMRE PRD,CMRE-D,CMRE,,,8.0,07/10/2025,5/13/2020,NONE,0.55,8.75%,25.83,25.07,119.96,Marineshipping,,12.0,,,,,,26.31,1.24,0.48,26.25,26.31,0.23,0.01,24.54,27.25,24.54,27.29,25.83,1.29,-1.42,49.61,45.87,72.14,24.41,-1.46,1.29,24.33,81.55,3081.0,2895.0,1947.0,2641.0,44.0,,,,47.16,1.0,1.0
CNOBP,CNOBP,CNOB,NFF,,8.0,05/15/2025,9/1/2026,NONE,0.33,5.25%,,,38.47,Regionalbank,,46.0,,,,,,22.87,,,22.53,21.76,1.5,5.1,20.6,23.42,15.62,23.42,22.71,2.11,-0.71,45.16,27.16,61.97,17.0,-0.71,7.09,16.76,43.58,5187.0,6016.0,3288.0,4831.0,42.85,,,,37.8,1.0,6.0
CODI PRA,CODI-A,CODI,,,8.0,06/17/2025,7/30/2022,NONE,0.45,7.25%,25.08,22.03,75.24,Conglomerates,,79.0,,,,,,17.23,-4.8,-7.85,19.42,22.55,-11.29,-23.58,10.88,24.88,10.88,26.06,17.18,6.3,-7.7,90.0,51.93,10.0,90.0,-8.88,6.3,,48.76,12805.0,16087.0,14586.0,14493.0,24.54,,,,62.59,1.0,9.0
CODI PRB,CODI-B,CODI,FF,,8.0,06/17/2025,4/30/2028,NONE,0.49,7.88%,26.85,23.5,75.24,Conglomerates,,79.0,,,,,,18.59,-4.91,-8.26,20.31,22.98,-8.47,-19.12,12.75,24.6,12.75,26.5,18.53,5.78,-6.07,80.11,51.93,16.45,72.98,-7.97,5.78,90.0,52.16,45964.0,54528.0,43164.0,47885.0,24.54,,,,60.72,1.0,9.0
CODI PRC,CODI-C,CODI,FF,,8.0,06/17/2025,1/30/2025,NONE,0.49,7.88%,25.79,23.89,75.24,Conglomerates,,79.0,,,,,,18.6,-5.29,-7.19,20.39,23.05,-8.78,-19.32,12.44,25.18,12.44,25.91,18.54,6.1,-6.64,81.2,51.93,12.48,78.93,-7.37,6.1,83.95,50.07,46935.0,55191.0,48129.0,50085.0,24.54,,,,61.29,1.0,9.0
CRBD,CRBD,CRBG,,,11.0,05/30/2025,12/15/2029,12/15/2064,0.4,6.38%,,,550.13,Assetmanagement,,61.0,,,,,,23.13,,,,,,,19.76,31.75,19.76,31.75,23.0,3.24,-8.75,52.18,51.93,47.95,,-8.75,3.24,,68.79,103303.0,50039.0,50047.0,67796.0,65.18,,,,58.92,1.0,7.0
CSWCZ,CSWCZ,CSWC,,BB,8.0,07/15/2025,8/1/2025,8/1/2028,0.48,7.75%,,25.05,50.37,Assetmanagement,,17.0,,,,,,25.59,0.54,,25.55,25.7,0.16,-0.43,25.03,26.19,24.79,26.48,25.2,0.17,-0.99,49.86,47.48,86.03,19.92,-1.28,0.41,22.51,87.32,3280.0,3351.0,2069.0,2900.0,46.72,,,,48.46,1.0,1.0
CUBI PRF,CUBI-F,CUBI,FF,,8.0,05/30/2025,12/14/2021,NONE,0.59,6.00%,,,31.54,Regionalbank,,61.0,,,,,,25.62,,,25.44,25.4,0.73,0.88,23.9,25.99,22.2,25.99,25.43,1.53,-0.56,47.86,42.67,69.16,15.43,-0.56,3.23,15.25,68.85,4470.0,5061.0,5840.0,5124.0,44.35,58.82,56.18,78.22,45.4,1.0,7.0
DBRG PRH,DBRG-H,DBRG,,,8.0,07/10/2025,4/15/2020,NONE,0.45,7.13%,24.5,21.28,176.33,Assetmanagement,,12.0,,,,,,20.86,-0.42,-3.64,22.55,23.7,-7.5,-11.98,20.2,25.45,18.88,25.8,20.47,0.27,-4.98,76.71,89.93,84.79,61.59,-5.33,1.59,63.37,79.59,11153.0,13945.0,11017.0,12038.0,35.06,,,,74.42,1.0,2.0
DBRG PRI,DBRG-I,DBRG,,,8.0,07/10/2025,6/5/2022,NONE,0.45,7.15%,24.3,20.8,176.33,Assetmanagement,,12.0,,,,,,21.03,0.24,-3.26,22.58,23.72,-6.84,-11.31,20.3,25.63,18.59,25.86,20.65,0.35,-4.98,74.4,87.46,83.8,61.59,-5.21,2.06,62.16,76.51,23795.0,33792.0,32845.0,30144.0,35.06,,,,73.64,1.0,2.0
DBRG PRJ,DBRG-J,DBRG,,,8.0,07/10/2025,9/22/2022,NONE,0.45,7.13%,24.72,21.0,176.33,Assetmanagement,,12.0,,,,,,20.79,-0.21,-3.93,22.42,23.57,-7.26,-11.78,20.3,25.34,18.72,25.66,20.4,0.1,-4.94,75.87,89.19,86.9,61.17,-5.26,1.68,62.66,79.0,23326.0,30651.0,23551.0,25843.0,35.06,,,,74.65,1.0,2.0
DCOMG,DCOMG,DCOM,NFF,,10.0,06/30/2025,7/15/2029,7/15/2034,0.56,9.00%,,,43.64,Regionalbank,,2.0,,,,,,26.94,,,,,,,24.25,27.64,24.25,27.64,26.39,2.14,-1.25,52.18,51.93,61.6,22.64,-1.25,2.14,22.21,75.99,5622.0,7369.0,769.0,4586.0,46.79,33.68,41.01,90.91,51.29,1.0,1.0
DDT,DDT,DDS,,TP,10.5,07/11/2025,8/12/2003,8/1/2038,0.47,7.50%,27.0,25.4,15.68,Departmentstores,,13.0,,,,,,25.91,0.51,-1.09,25.95,25.89,-0.14,0.08,24.39,26.55,24.39,26.59,25.51,1.12,-1.04,50.91,45.61,74.25,20.44,-1.08,1.12,20.49,82.67,7300.0,8402.0,5547.0,7083.0,55.87,,,,50.22,1.0,9.0
DRH PRA,DRH-A,DRH,,,8.0,06/20/2025,8/31/2025,NONE,0.52,8.25%,27.0,24.87,205.53,Reit,,82.0,,,,,,24.98,0.11,-2.02,25.05,25.35,-0.26,-1.48,23.51,26.26,23.51,27.54,24.93,1.42,-1.33,51.33,51.34,70.53,23.47,-2.61,1.42,35.93,80.7,8284.0,8300.0,3248.0,6611.0,44.35,,,,50.35,1.0,8.0
DSX PRB,DSX-B,DSX,,,8.0,07/10/2025,3/14/2019,NONE,0.56,8.88%,25.8,25.16,115.77,Marineshipping,,12.0,,,,,,26.53,1.37,0.73,26.19,26.26,1.31,1.03,23.88,27.75,23.88,27.75,26.04,2.16,-1.71,45.83,42.12,61.35,27.44,-1.71,2.16,26.85,75.86,1830.0,1801.0,1897.0,1843.0,31.44,,,,41.58,1.0,1.0
DX PRC,DX-C,DX,NFF,,8.0,06/27/2025,4/25/2025,NONE,0.43,6.90%,,,107.00,Reit,,89.0,,,,,,25.72,,,25.46,25.24,1.01,1.9,24.56,25.76,21.48,25.76,25.72,1.16,-0.04,46.88,38.92,73.75,10.0,-0.04,4.24,10.0,62.24,10405.0,13588.0,6175.0,10056.0,45.25,,,,44.0,1.0,5.0
ECC PRD,ECC-D,ECC,,,8.0,05/12/2025,11/29/2026,NONE,0.14,6.75%,23.19,19.6,120.18,Cef,,43.0,,,,,,19.47,-0.13,-3.72,19.28,19.55,1.01,-0.42,18.08,20.42,18.08,21.45,19.4,1.32,-1.02,46.88,47.45,71.77,20.23,-2.05,1.32,30.28,81.36,26289.0,16439.0,11878.0,18202.0,40.08,,,,46.89,1.0,8.0
ECCC,ECCC,ECC,,,8.0,05/12/2025,6/16/2024,6/30/2031,0.14,6.50%,24.15,20.52,120.18,Cef,,43.0,,,,,,23.28,2.76,-0.87,22.78,22.91,2.21,1.63,21.87,24.89,20.24,24.89,23.21,1.34,-1.68,42.67,39.91,71.52,27.13,-1.68,2.97,26.54,70.56,3495.0,3771.0,3353.0,3539.0,40.08,,,,41.27,1.0,8.0
ECCF,ECCF,ECC,,Term,8.0,05/12/2025,1/18/2026,1/31/2029,0.17,8.00%,,,120.18,Cef,,43.0,,,,,,25.0,,,24.87,24.93,0.52,0.3,24.03,25.5,24.03,25.55,24.91,0.88,-0.59,48.6,44.8,77.22,15.74,-0.64,0.88,16.05,84.24,5477.0,4623.0,4361.0,4821.0,40.08,,,,45.68,1.0,1.0
ECCU,ECCU,ECC,,,8.0,05/12/2025,6/30/2027,4/30/2030,0.15,7.75%,,,120.18,Cef,,43.0,,,,,,24.68,,,,,,,23.89,25.45,23.89,25.45,24.6,0.71,-0.85,52.18,51.93,79.33,18.46,-0.85,0.71,18.17,85.35,17000.0,15909.0,7070.0,13326.0,40.08,,,,50.49,1.0,9.0
ECCV,ECCV,ECC,,BB,8.0,06/13/2025,1/31/2025,1/31/2029,0.34,5.38%,22.84,21.11,120.18,Cef,,75.0,,,,,,23.07,1.96,0.23,22.96,22.9,0.48,0.76,21.94,23.53,21.03,23.53,23.01,1.07,-0.52,48.74,43.11,74.87,15.01,-0.52,1.98,14.84,77.04,3081.0,3679.0,2004.0,2921.0,40.88,,,,45.1,1.0,8.0
ECCW,ECCW,ECC,,BB,8.0,06/13/2025,3/29/2024,3/31/2031,0.42,6.75%,24.5,21.9,120.18,Cef,,75.0,,,,,,23.49,1.59,-1.01,23.5,24.11,-0.06,-2.59,22.28,24.9,21.44,25.21,23.42,1.14,-1.48,50.63,55.42,74.0,25.04,-1.79,1.98,27.65,77.04,2730.0,3876.0,4360.0,3655.0,40.88,,,,50.82,1.0,8.0
ECCX,ECCX,ECC,,BB,8.0,06/12/2025,4/30/2021,4/30/2028,0.42,6.69%,24.91,23.24,120.18,Cef,,74.0,,,,,,24.56,1.32,-0.35,24.76,24.74,-0.8,-0.71,23.85,26.95,22.7,26.95,24.49,0.64,-2.46,53.23,48.51,80.2,35.27,-2.46,1.79,34.41,78.28,2542.0,3157.0,1364.0,2354.0,40.88,,,,49.02,1.0,8.0
EFC PRA,EFC-A,EFC,FF,,8.0,06/27/2025,10/30/2024,NONE,0.61,6.75%,,,94.36,Reit,,89.0,,,,,,25.24,,,24.95,24.98,1.15,1.02,21.5,25.54,20.77,25.54,25.23,3.73,-0.31,46.39,42.15,41.88,12.82,-0.31,4.46,12.72,60.8,12443.0,10586.0,6886.0,9972.0,46.97,,,,45.43,1.0,2.0
EFC PRB,EFC-B,EFC,NFF,,8.0,06/27/2025,1/30/2027,NONE,0.39,6.25%,,,94.36,Reit,,89.0,,,,,,22.91,,,22.78,22.44,0.58,2.11,20.29,23.75,18.35,23.75,22.91,2.62,-0.84,48.39,38.15,55.64,18.36,-0.84,4.56,18.07,60.15,5567.0,6647.0,7727.0,6647.0,46.97,,,,44.43,1.0,9.0
EFC PRC,EFC-C,EFC,NFF,,8.0,06/27/2025,4/30/2028,,0.54,8.63%,,,94.36,Reit,,89.0,,,,,,25.2,,,24.84,25.02,1.45,0.7,22.68,26.25,21.31,26.25,25.19,2.51,-1.06,45.34,43.33,57.01,20.65,-1.06,3.88,20.29,64.6,1997.0,2135.0,2605.0,2246.0,46.97,,,,45.0,1.0,8.0
EFC PRD,EFC-D,EFC,,,8.0,06/18/2025,5/12/2022,NONE,0.44,7.00%,,,94.36,Reit,,80.0,,,,,,22.99,,,23.21,23.03,-0.95,-0.19,21.41,27.0,20.24,27.0,22.94,1.53,-4.06,53.75,46.6,69.16,51.98,-4.06,2.7,50.55,72.32,655.0,555.0,187.0,466.0,46.97,,,,49.56,1.0,1.0
EICA,EICA,EIC,,Term,8.0,05/12/2025,10/31/2023,10/30/2026,0.1,5.00%,23.25,22.68,21.14,Cef,,43.0,,,,,,24.38,1.7,1.13,24.21,23.88,0.69,2.09,23.51,24.6,22.29,24.6,24.33,0.82,-0.27,48.0,38.22,77.97,12.4,-0.27,2.04,12.32,76.64,3276.0,3111.0,1526.0,2638.0,43.3,,,,43.31,1.0,8.0
EICB,EICB,EIC,,Term,8.0,05/12/2025,7/31/2025,7/31/2028,0.16,7.75%,,24.42,21.14,Cef,,43.0,,,,,,24.93,0.51,,24.88,24.92,0.19,0.06,23.63,25.24,23.63,25.5,24.85,1.22,-0.39,49.75,45.68,73.01,13.66,-0.65,1.22,16.15,82.01,6354.0,6607.0,6159.0,6373.0,43.3,,,,47.23,1.0,1.0
EICC,EICC,EIC,,Term,8.0,05/12/2025,4/3/2026,4/30/2029,0.17,8.00%,,,21.14,Cef,,43.0,,,,,,25.04,,,25.01,25.02,0.12,0.07,23.75,25.25,23.75,25.45,24.95,1.2,-0.3,50.0,45.65,73.26,12.72,-0.5,1.2,14.64,82.14,18485.0,21729.0,18618.0,19610.0,43.3,,,,48.15,1.0,1.0
EIIA,EIIA,-,,,8.0,05/12/2025,10/31/2026,10/31/2029,0.17,8.13%,,,-,-,,43.0,,,,,,24.96,,,,,,,24.37,25.37,24.37,25.37,24.87,0.5,-0.5,52.18,51.93,81.94,14.8,-0.5,0.5,14.64,86.73,8732.0,6125.0,2892.0,5916.0,53.11,,,,52.63,1.0,8.0
ESGRO,ESGRO,-,,,9.0,05/15/2025,3/1/2024,NONE,0.44,7.00%,25.62,22.5,-,-,,46.0,,,,,,20.1,-2.4,-5.52,20.25,21.01,-0.75,-4.33,18.9,21.3,18.59,25.47,19.88,0.98,-1.42,53.05,61.81,75.98,24.41,-5.59,1.29,65.99,81.55,11966.0,8586.0,7159.0,9237.0,53.11,,,,57.14,1.0,5.0
ESGRP,ESGRP,-,,,9.0,05/15/2025,9/1/2028,NONE,0.44,7.00%,25.18,22.44,-,-,,46.0,,,,,,20.36,-2.08,-4.82,20.77,21.22,-1.96,-4.04,18.52,21.94,18.52,26.12,20.14,1.62,-1.8,57.29,60.75,68.05,28.38,-5.98,1.62,69.92,79.39,26273.0,19840.0,15742.0,20618.0,53.11,,,,59.13,1.0,5.0
ET PRI,ET-I,ETR,,,8.0,08/01/2025,Never,Never,0.21,9.25%,,,430.81,Utilities,,34.0,,,,,,11.39,,,11.51,11.62,-1.1,-1.99,10.5,12.19,9.28,12.19,11.25,0.75,-0.94,54.28,53.22,78.84,19.4,-0.94,1.97,19.08,77.1,62912.0,67529.0,42276.0,57572.0,64.95,79.01,52.25,93.88,59.59,1.0,9.0
F PRD,F-D,F,,BB,9.0,04/30/2025,8/15/2027,8/15/2062,0.4,6.50%,,20.79,3980.84,Automanufacturers,,31.0,,,,,,22.76,1.96,,22.38,24.23,1.65,-6.11,20.85,26.06,20.1,26.19,22.49,1.64,-3.57,44.64,68.36,67.8,46.87,-3.7,2.39,46.92,74.35,43914.0,55390.0,41479.0,46928.0,54.05,69.95,72.75,78.56,58.94,1.0,5.0
FCRX,FCRX,CCAP,,BB,8.0,05/30/2025,5/25/2023,5/25/2026,0.31,5.00%,,23.25,37.06,Assetmanagement,,61.0,,,,,,24.85,1.6,,24.73,24.5,0.48,1.43,24.22,25.0,22.5,25.0,24.75,0.53,-0.25,48.74,40.65,81.57,12.19,-0.25,2.25,12.12,75.27,7373.0,9107.0,14367.0,10282.0,44.24,,,,45.25,1.0,1.0
FGN,FGN,FG,,BB,11.0,05/30/2025,12/15/2028,12/15/2053,0.5,7.95%,,,134.94,Insurance,,61.0,,,,,,26.65,,,25.81,26.29,3.25,1.38,24.21,27.65,24.21,27.65,26.49,2.28,-1.16,39.03,40.83,59.86,21.7,-1.16,2.28,21.3,75.07,15920.0,14998.0,19918.0,16946.0,49.53,,,,42.91,1.0,0.0
FGSN,FGSN,FG,,,8.5,07/01/2025,1/15/2030,1/15/2065,0.46,7.30%,,,134.94,Insurance,,3.0,,,,,,24.17,,,,,,,20.51,25.02,20.51,25.02,23.73,3.22,-1.29,52.18,51.93,48.2,23.05,-1.29,3.22,22.61,68.92,22310.0,22521.0,16067.0,20299.0,48.56,,,,52.62,1.0,0.0
FHN PRB,FHN-B,FHN,FF,,8.5,07/17/2025,8/1/2025,NONE,0.42,6.63%,,,506.74,Regionalbank,,19.0,,,,,,25.66,,,25.22,25.1,1.75,2.22,24.42,25.7,20.58,25.77,25.33,0.91,-0.37,44.29,37.74,76.85,13.45,-0.44,4.75,14.04,58.9,7197.0,8455.0,21501.0,12385.0,56.4,56.06,63.12,85.32,44.87,1.0,7.0
FHN PRC,FHN-C,FHN,NFF,,8.5,07/17/2025,5/1/2026,NONE,0.41,6.60%,,,506.74,Regionalbank,,19.0,,,,,,25.19,,,25.06,25.04,0.5,0.61,23.95,25.75,19.11,25.77,24.87,0.92,-0.88,48.67,43.66,76.73,18.77,-0.9,5.76,18.68,52.29,2492.0,2162.0,2604.0,2419.0,56.4,56.06,63.12,85.32,48.36,1.0,7.0
FHN PRE,FHN-E,FHN,,,8.5,06/25/2025,10/10/2025,NONE,0.41,6.50%,,,506.74,Regionalbank,,87.0,,,,,,23.61,,,23.86,24.15,-1.05,-2.23,22.77,25.71,18.19,25.71,23.6,0.83,-2.11,54.1,54.1,77.84,31.62,-2.11,5.41,30.88,54.58,8139.0,7271.0,9522.0,8311.0,56.4,56.06,63.12,85.32,55.08,1.0,6.0
FITBI,FITBI,FITB,,,10.5,06/26/2025,12/31/2023,NONE,0.52,6.63%,,,667.97,Regionalbank,,88.0,,,,,,25.34,,,25.56,25.7,-0.88,-1.38,24.75,26.25,24.11,26.25,25.33,0.58,-0.92,53.51,50.97,80.95,19.19,-0.92,1.22,18.88,82.01,29593.0,35330.0,22332.0,29085.0,60.5,38.07,52.93,73.51,55.71,1.0,6.0
FLG PRA,FLG-A,FLG,NFF,,8.5,06/06/2025,6/17/2027,NONE,0.4,6.38%,,,415.83,Regionalbank,,68.0,,,,,,20.82,,,22.3,21.16,-6.62,-1.62,20.25,24.15,8.5,24.15,20.72,0.47,-3.43,73.63,51.86,82.31,45.4,-3.43,12.22,44.2,10.0,35678.0,39907.0,46263.0,40616.0,42.25,,,,61.18,1.0,3.0
FRMEP,FRMEP,FRME,,,8.0,07/28/2025,8/15/2025,NONE,0.47,7.50%,26.0,23.23,58.20,Regionalbank,,30.0,,,,,,25.39,2.16,-0.61,25.33,25.39,0.25,0.02,24.15,25.9,22.79,26.43,25.08,0.93,-0.82,49.54,45.83,76.6,18.15,-1.35,2.29,23.22,75.01,749.0,991.0,297.0,679.0,46.52,,,,47.49,1.0,1.0
GAINI,GAINI,GAIN,,,8.0,07/14/2025,2/1/2027,2/1/2030,0.49,7.88%,,,36.84,Assetmanagement,,16.0,,,,,,25.42,,,,,,,24.6,25.53,24.6,25.53,25.02,0.42,-0.51,52.18,51.93,82.93,14.91,-0.51,0.42,14.74,87.25,23929.0,19066.0,9472.0,17489.0,49.43,,,,52.62,1.0,8.0
GAINL,GAINL,GAIN,,BB,8.0,07/15/2025,8/1/2025,8/1/2028,0.5,8.00%,,25.07,36.84,Assetmanagement,,17.0,,,,,,25.53,0.46,,25.64,25.75,-0.43,-0.86,25.27,26.25,24.7,27.13,25.12,-0.15,-1.13,51.93,49.06,90.0,21.38,-2.01,0.42,29.87,87.25,3161.0,2995.0,2586.0,2914.0,50.42,,,,50.66,1.0,1.0
GAINN,GAINN,GAIN,,BB,8.0,07/11/2025,5/1/2023,5/1/2026,0.31,5.00%,23.85,23.23,36.84,Assetmanagement,,13.0,,,,,,25.0,1.77,1.15,24.89,24.63,0.45,1.49,24.25,25.13,23.0,25.28,24.73,0.48,-0.4,48.84,40.43,82.19,13.76,-0.55,1.73,15.15,78.67,7546.0,5573.0,1862.0,4994.0,50.42,,,,46.1,1.0,9.0
GAINZ,GAINZ,GAIN,,BB,8.0,07/11/2025,11/1/2023,11/1/2028,0.31,4.75%,23.45,21.85,36.84,Assetmanagement,,13.0,,,,,,23.4,1.55,-0.05,23.05,23.22,1.53,0.79,22.21,24.14,21.38,24.76,23.13,0.92,-1.01,45.06,43.0,76.73,20.13,-1.63,1.75,26.04,78.54,3426.0,3736.0,3838.0,3666.0,50.42,,,,45.54,1.0,8.0
GAM PRB,GAM-B,GAM,,,8.0,06/09/2025,9/24/2008,NONE,0.37,5.95%,26.21,24.28,27.06,Cef,,71.0,,,,,,24.79,0.52,-1.41,24.84,25.18,-0.15,-1.52,24.43,26.24,23.74,26.24,24.72,0.29,-1.52,50.95,51.49,84.54,25.46,-1.52,0.98,24.93,83.58,8257.0,10677.0,5073.0,8002.0,55.03,,,,52.48,1.0,8.0
GECCH,GECCH,GECC,,BB,8.0,06/13/2025,12/30/2026,12/31/2029,0.5,8.13%,,,11.54,Assetmanagement,,75.0,,,,,,25.13,,,,,,,24.38,25.44,24.38,25.44,25.05,0.67,-0.39,52.18,51.93,79.83,13.66,-0.39,0.67,13.53,85.61,5771.0,3163.0,2938.0,3957.0,41.03,,,,50.1,1.0,1.0
GECCI,GECCI,GECC,,,8.0,06/13/2025,4/30/2026,4/30/2029,0.53,8.50%,,,11.54,Assetmanagement,,75.0,,,,,,25.05,,,25.16,25.21,-0.42,-0.63,24.75,25.48,24.67,25.7,24.96,0.21,-0.52,51.89,48.22,85.53,15.01,-0.74,0.29,17.06,88.1,1205.0,1386.0,793.0,1128.0,40.23,,,,48.16,1.0,1.0
GECCO,GECCO,GECC,,BB,8.0,06/13/2025,6/30/2023,6/30/2026,0.36,5.88%,24.75,24.05,11.54,Assetmanagement,,75.0,,,,,,25.01,0.96,0.26,25.25,24.93,-0.95,0.34,24.26,27.2,23.0,27.2,24.95,0.69,-2.25,53.75,44.65,79.58,33.08,-2.25,1.95,32.3,77.23,1130.0,928.0,711.0,923.0,41.03,,,,47.62,1.0,1.0
GECCZ,GECCZ,GECC,,BB,8.0,06/13/2025,9/30/2025,9/30/2028,0.54,8.75%,,24.64,11.54,Assetmanagement,,,,,,,,25.14,,,,,,,,,,,25.14,,,52.18,51.93,,,,,,,1620.0,1654.0,1778.0,1684.0,41.03,,,,49.95,1.0,1.0
GLADZ,GLADZ,GLAD,,BB,8.0,05/15/2025,9/1/2025,9/1/2028,0.48,7.75%,,25.02,22.33,Cef,,46.0,,,,,,25.38,0.36,,25.49,25.46,-0.43,-0.3,24.97,25.98,24.45,25.98,25.15,0.18,-0.83,51.93,47.01,85.91,18.25,-0.83,0.7,17.97,85.42,4275.0,4577.0,1698.0,3516.0,51.03,,,,50.0,1.0,1.0
GMRE PRA,GMRE-A,GMRE,,,8.0,07/11/2025,9/15/2022,NONE,0.47,7.50%,25.54,24.46,66.88,Reit,,13.0,,,,,,25.16,0.7,-0.38,25.03,25.14,0.5,0.08,23.38,26.26,23.32,26.26,24.76,1.38,-1.5,48.67,45.61,71.02,25.25,-1.5,1.44,24.73,80.57,3928.0,3165.0,2252.0,3115.0,34.04,,,,44.71,1.0,1.0
GNL PRA,GNL-A,GNL,,,8.0,07/02/2025,9/12/2022,NONE,0.45,7.25%,25.75,16.96,229.01,Reit,,4.0,,,,,,22.48,5.52,-3.27,22.15,22.12,1.48,1.62,19.36,23.77,16.42,23.77,22.05,2.69,-1.72,45.23,39.95,54.78,27.55,-1.72,5.63,26.95,53.14,7999.0,6364.0,3869.0,6077.0,40.33,,,,42.52,1.0,3.0
GNL PRB,GNL-B,GNL,,,8.0,07/02/2025,11/26/2024,NONE,0.43,6.88%,26.04,16.01,229.01,Reit,,4.0,,,,,,21.16,5.15,-4.88,21.09,21.23,0.33,-0.33,18.68,23.25,15.61,24.21,20.75,2.07,-2.5,49.26,47.12,62.47,35.69,-3.46,5.14,44.5,56.35,6725.0,6056.0,2122.0,4968.0,40.33,,,,46.93,1.0,2.0
GNL PRD,GNL-D,GNL,,,8.0,07/03/2025,3/26/2024,NONE,0.47,7.50%,,17.92,229.01,Reit,,5.0,,,,,,22.82,4.9,,22.75,22.51,0.31,1.37,20.25,23.97,16.44,24.47,22.38,2.13,-1.59,49.33,40.87,61.72,26.19,-2.09,5.94,30.68,51.11,9129.0,7170.0,6711.0,7670.0,40.33,,,,44.63,1.0,2.0
GNL PRE,GNL-E,GNL,,,8.0,07/03/2025,12/15/2025,NONE,0.46,7.38%,,17.64,229.01,Reit,,5.0,,,,,,22.18,4.54,,22.32,22.25,-0.61,-0.31,20.29,23.72,16.1,23.79,21.75,1.46,-1.97,52.56,47.04,70.03,30.16,-2.04,5.65,30.18,53.01,5270.0,4142.0,5194.0,4869.0,40.33,,,,48.21,1.0,2.0
GPMT PRA,GPMT-A,GPMT,NFF,,8.0,06/30/2025,1/15/2027,NONE,0.44,7.00%,,,48.41,Reit,,2.0,,,,,,18.6,,,17.68,17.12,5.22,8.66,16.2,19.22,15.38,19.22,18.17,1.97,-1.05,32.12,14.08,63.71,20.55,-1.05,2.79,20.19,71.73,10671.0,8592.0,4443.0,7902.0,31.03,,,,25.18,1.0,5.0
GS PRA,GS-A,GS,FLR,,9.5,07/24/2025,4/10/2010,NONE,0.34,3.75%,,,306.83,Bank,,26.0,,,,,,21.33,,,22.22,23.02,-4.0,-7.36,20.84,24.48,20.06,24.48,21.09,0.25,-3.39,64.44,72.95,85.04,44.99,-3.39,1.03,43.8,83.26,37043.0,39352.0,47943.0,41446.0,73.53,,,,72.25,1.0,5.0
GS PRC,GS-C,GS,FLR,,9.5,07/24/2025,5/24/2011,NONE,0.34,4.00%,,,306.83,Bank,,26.0,,,,,,21.48,,,22.59,23.56,-4.91,-8.82,21.14,25.03,20.37,25.24,21.24,0.1,-3.79,67.63,78.31,86.9,49.16,-4.0,0.87,49.95,84.3,13366.0,14748.0,21542.0,16552.0,73.53,,,,74.12,1.0,5.0
GS PRD,GS-D,GS,FLR,,9.5,07/24/2025,10/31/2010,NONE,0.33,4.00%,,,306.83,Bank,,26.0,,,,,,21.06,,,21.98,22.71,-4.17,-7.28,20.0,23.83,20.0,23.83,20.83,0.83,-3.0,65.04,72.66,77.84,40.91,-3.0,0.83,39.86,84.57,75460.0,77235.0,101765.0,84820.0,73.53,,,,75.09,1.0,5.0
GSL PRB,GSL-B,GSL,,,8.0,06/23/2025,8/20/2019,NONE,0.55,8.75%,,,35.74,Marineshipping,,85.0,,,,,,26.17,,,26.11,26.3,0.19,-0.53,24.75,27.0,24.75,28.85,26.13,1.38,-0.87,49.75,47.85,71.02,18.67,-2.72,1.38,37.04,80.97,5256.0,5501.0,4686.0,5147.0,50.36,,,,49.43,1.0,8.0
HBANL,HBANL,HBAN,NFF,,10.5,07/01/2025,4/15/2028,NONE,0.43,6.88%,,,1455.68,Regionalbank,,3.0,,,,,,25.28,,,25.23,25.45,0.2,-0.65,24.32,26.61,20.76,26.61,24.86,0.54,-1.75,49.72,48.29,81.44,27.86,-1.75,4.1,27.25,63.16,16963.0,17930.0,16463.0,17118.0,63.01,49.23,69.22,82.41,52.88,1.0,3.0
HCXY,HCXY,HTGC,,BB,8.0,07/11/2025,10/30/2023,10/30/2033,0.39,6.25%,25.31,23.56,175.77,Assetmanagement,,13.0,,,,,,25.0,1.44,-0.31,24.99,25.1,0.03,-0.38,24.42,25.98,22.7,25.98,24.67,0.25,-1.31,50.32,47.3,85.04,23.26,-1.31,1.97,22.81,77.1,1019.0,802.0,658.0,826.0,51.18,,,,49.34,1.0,8.0
HNNAZ,HNNAZ,HNNA,,BB,8.0,06/13/2025,12/31/2023,12/31/2026,0.31,4.88%,24.59,23.49,7.79,Assetmanagement,,75.0,,,,,,24.84,1.35,0.25,24.59,24.3,1.02,2.21,23.85,25.57,22.25,25.57,24.79,0.94,-0.78,46.84,37.78,76.48,17.73,-0.78,2.54,17.47,73.37,539.0,647.0,404.0,530.0,46.75,,,,43.23,1.0,1.0
HOVNP,HOVNP,HOVN,,,2.5,06/27/2025,7/12/2010,NONE,0.48,7.63%,,,-,-,,89.0,,,,,,16.42,,,16.71,17.42,-1.72,-5.75,16.05,18.2,16.05,19.89,16.41,0.36,-1.79,56.45,67.03,83.67,28.28,-3.48,0.36,44.7,87.64,12131.0,12117.0,10675.0,11641.0,53.11,,,,60.74,1.0,8.0
HPP PRC,HPP-C,HPP,,,7.0,06/16/2025,11/16/2026,NONE,0.3,4.75%,21.92,10.5,141.39,Reit,,78.0,,,,,,14.7,4.21,-7.21,13.19,13.4,11.53,9.77,11.23,15.8,8.91,15.8,14.67,3.44,-1.13,10.0,10.0,45.47,21.38,-1.13,5.76,21.0,52.29,28575.0,31038.0,41464.0,33692.0,25.0,,,,15.11,1.0,3.0
HROWL,HROWL,HROW,,BB,8.0,07/11/2025,2/1/2026,4/30/2026,0.54,8.63%,24.39,23.7,36.69,Healthcare,,13.0,,,,,,25.59,1.89,1.2,25.29,25.31,1.17,1.1,25.0,25.71,22.05,25.73,25.13,0.13,-0.58,46.32,41.86,86.53,15.64,-0.6,3.08,15.65,69.84,4042.0,4081.0,4106.0,4076.0,37.7,,,,43.07,1.0,1.0
HROWM,HROWM,HROW,,BB,8.0,07/11/2025,12/31/2024,12/31/2027,0.74,11.88%,,25.2,36.69,Healthcare,,13.0,,,,,,26.55,1.35,,26.41,26.4,0.54,0.57,24.9,27.7,22.71,27.72,25.92,1.02,-1.78,48.53,43.81,75.49,28.17,-1.8,3.21,27.76,68.99,2480.0,2481.0,2592.0,2518.0,37.7,,,,44.63,1.0,1.0
HTFB,HTFB,HRZN,,BB,8.0,06/13/2025,3/30/2023,3/30/2026,0.31,4.88%,24.49,23.53,40.36,Assetmanagement,,75.0,,,,,,24.92,1.4,0.44,24.91,24.63,0.06,1.2,24.3,26.11,23.27,26.11,24.88,0.58,-1.23,50.21,41.49,80.95,22.43,-1.23,1.61,22.01,79.46,1989.0,2990.0,50.0,1676.0,35.24,,,,43.83,1.0,1.0
HTFC,HTFC,HRZN,,BB,8.0,06/13/2025,6/15/2024,6/15/2027,0.39,4.88%,25.25,24.2,40.36,Assetmanagement,,75.0,,,,,,24.45,0.25,-0.8,24.4,24.23,0.19,0.9,23.84,24.83,22.9,24.83,24.38,0.54,-0.45,49.75,42.6,81.44,14.28,-0.45,1.48,14.14,80.31,2929.0,2887.0,1572.0,2462.0,35.24,,,,44.14,1.0,1.0
INBKZ,INBKZ,INBK,FF,,8.0,05/15/2025,6/30/2024,6/30/2029,0.54,6.00%,,,8.70,Regionalbank,,46.0,,,,,,24.49,,,24.44,24.89,0.19,-1.61,23.0,25.65,19.21,25.65,24.23,1.23,-1.42,49.75,51.82,72.88,24.41,-1.42,5.02,23.92,57.14,2012.0,1926.0,1592.0,1843.0,34.22,,,,47.59,1.0,8.0
IVR PRC,IVR-C,IVR,NFF,,8.0,06/05/2025,9/27/2027,NONE,0.47,7.50%,,,65.94,Reit,,67.0,,,,,,23.49,,,23.77,23.87,-1.18,-1.57,20.23,25.2,17.52,25.2,23.37,3.14,-1.83,54.56,51.67,49.19,28.69,-1.83,5.85,28.06,51.7,10381.0,10093.0,9161.0,9878.0,33.58,,,,49.83,1.0,3.0
JXN PRA,JXN-A,JXN,NFF,,10.0,06/12/2025,3/30/2028,NONE,0.5,8.00%,,,71.42,Insurance,,74.0,,,,,,25.65,,,25.97,26.41,-1.23,-2.87,25.25,27.5,23.6,27.69,25.56,0.31,-1.94,54.73,56.45,84.29,29.84,-2.13,1.96,31.08,77.17,27497.0,31587.0,28369.0,29151.0,51.81,,,,56.66,1.0,6.0
KEY PRI,KEY-I,KEY,NFF,,10.5,05/28/2025,12/15/2026,NONE,0.38,6.13%,,,1095.55,Regionalbank,,59.0,,,,,,24.62,,,24.74,24.6,-0.49,0.09,23.5,25.78,17.66,25.97,24.49,0.99,-1.29,52.14,45.57,75.86,23.05,-1.48,6.83,24.53,45.29,26195.0,24680.0,24547.0,25141.0,56.08,44.16,57.85,78.18,51.87,1.0,3.0
KEY PRL,KEY-L,KEY,NFF,,10.5,05/28/2025,9/15/2027,NONE,0.39,6.20%,,,1095.55,Regionalbank,,59.0,,,,,,24.41,,,24.38,24.19,0.12,0.91,22.33,25.65,16.3,25.65,24.28,1.95,-1.37,50.0,42.56,63.95,23.89,-1.37,7.98,23.42,37.76,39626.0,38599.0,36777.0,38334.0,56.08,44.16,57.85,78.18,50.64,1.0,3.0
KMPB,KMPB,KMPR,NFF,,10.0,05/30/2025,3/15/2027,3/15/2062,0.37,5.88%,,,63.97,Insurance,,61.0,,,,,,23.73,,,22.75,23.0,4.32,3.18,20.69,23.93,16.62,23.94,23.61,2.92,-0.32,35.28,34.22,51.92,12.92,-0.33,6.99,12.93,44.24,13832.0,15999.0,21974.0,17268.0,53.75,,,,39.63,1.0,5.0
LBRDP,LBRDP,LBRDA,,,8.0,06/27/2025,,3/9/2039,0.44,7.00%,26.23,21.31,143.16,Communicationservices,,89.0,,,,,,25.05,3.74,-1.18,24.58,24.17,1.93,3.64,23.39,26.88,20.9,26.88,25.05,1.66,-1.83,43.65,32.53,67.55,28.69,-1.83,4.15,28.06,62.83,12609.0,4047.0,5009.0,7222.0,51.69,,,,41.26,1.0,9.0
LNC PRD,LNC-D,LNC,,,11.0,05/15/2025,12/1/2027,NONE,0.56,9.00%,,26.41,170.70,Insurance,,46.0,,,,,,26.69,0.28,,26.83,27.55,-0.52,-3.13,25.78,28.89,25.4,28.89,26.42,0.64,-2.47,52.24,57.4,80.2,35.38,-2.47,1.02,34.51,83.32,24403.0,28204.0,34589.0,29066.0,49.77,,,,55.63,1.0,5.0
MBINL,MBINL,MBIN,,,8.0,06/12/2025,1/1/2030,NONE,0.48,7.63%,,,45.76,Regionalbank,,74.0,,,,,,23.27,,,,,,,22.83,25.9,22.83,25.9,23.18,0.35,-2.72,52.18,51.93,83.8,37.99,-2.72,0.35,37.04,87.71,63335.0,32107.0,20025.0,38489.0,39.99,37.17,14.61,4.6,47.89,0.92,2.0
MBINM,MBINM,MBIN,NFF,,8.0,06/13/2025,10/1/2027,NONE,0.52,8.25%,,,45.76,Regionalbank,,75.0,,,,,,25.09,,,25.42,25.75,-1.29,-2.55,24.8,26.92,21.6,26.92,25.0,0.2,-1.92,54.94,55.27,85.66,29.63,-1.92,3.4,28.97,67.74,5483.0,5922.0,8748.0,6717.0,39.99,37.17,14.61,4.6,48.3,0.92,6.0
MBNKP,MBNKP,MFIN,FF,,8.0,06/16/2025,4/1/2025,NONE,0.68,8.00%,,,23.24,Creditservices,,78.0,,,,,,24.98,,,25.46,25.27,-1.87,-1.16,24.34,27.0,21.97,27.0,24.89,0.55,-2.11,56.98,50.17,81.32,31.62,-2.11,2.92,30.88,70.88,3060.0,4640.0,6499.0,4733.0,48.79,,,,52.91,1.0,1.0
MER PRK,MER-K,BAC,,TP,11.5,06/12/2025,12/15/2011,12/15/2066,0.4,6.45%,26.45,24.62,7537.21,Bank,,74.0,,,,,,25.15,0.53,-1.3,25.54,25.73,-1.54,-2.24,25.02,26.49,24.51,26.64,25.08,0.06,-1.41,55.82,54.13,87.4,24.31,-1.56,0.57,25.33,86.27,35189.0,41817.0,85472.0,54159.0,76.46,58.95,74.82,84.07,62.66,1.0,0.0
MET PRA,MET-A,MET,FLR,,11.5,05/30/2025,9/15/2010,NONE,0.36,4.00%,,,671.16,Insurance,,61.0,,,,,,23.5,,,24.05,24.46,-2.29,-3.93,22.07,25.43,22.0,25.43,23.38,1.31,-2.05,58.45,60.34,71.89,30.99,-2.05,1.38,30.28,80.97,32628.0,29975.0,30774.0,31126.0,70.31,54.84,44.97,74.29,63.52,1.0,5.0
METCL,METCL,METC,,BB,8.0,07/15/2025,7/30/2023,7/30/2026,0.56,9.00%,26.32,25.45,54.69,Cokingcoal,,17.0,,,,,,25.67,0.22,-0.65,25.52,25.66,0.59,0.03,24.75,26.1,24.18,26.22,25.22,0.47,-0.88,48.35,45.79,82.31,18.77,-1.0,1.04,19.68,83.19,1931.0,1744.0,1189.0,1621.0,39.64,,,,45.69,1.0,1.0
METCZ,METCZ,METC,,,8.0,04/15/2025,11/30/2026,11/30/2029,0.52,8.38%,,,54.69,Cokingcoal,,16.0,,,,,,24.58,,,,,,,23.18,25.59,23.18,25.59,24.15,0.97,-1.44,52.18,51.93,76.11,24.62,-1.44,0.97,24.12,83.65,9207.0,6874.0,1582.0,5888.0,38.86,,,,49.78,1.0,7.0
MFA PRC,MFA-C,MFA,FF,,8.0,06/02/2025,3/31/2025,NONE,0.41,6.50%,,,102.65,Reit,,64.0,,,,,,23.92,,,24.23,24.1,-1.29,-0.77,21.62,25.03,17.8,25.03,23.8,2.18,-1.23,54.94,48.73,61.1,22.43,-1.23,6.0,22.01,50.72,20549.0,22552.0,14239.0,19113.0,40.26,46.88,31.32,77.86,50.71,1.0,2.0
MFAN,MFAN,MFA,,BB,8.0,08/01/2025,2/15/2026,2/15/2029,0.56,8.88%,,,102.65,Reit,,34.0,,,,,,25.04,,,24.91,25.15,0.54,-0.44,24.02,25.82,24.02,25.82,24.69,0.67,-1.13,48.53,47.52,79.83,21.38,-1.13,0.67,21.0,85.61,12985.0,15155.0,13271.0,13803.0,41.06,46.88,31.32,77.86,47.49,1.0,9.0
MFAO,MFAO,MFA,,BB,8.0,07/30/2025,8/15/2026,8/15/2029,0.56,9.00%,,,102.65,Reit,,32.0,,,,,,25.15,,,25.03,25.27,0.48,-0.46,24.27,25.82,24.27,25.85,24.79,0.52,-1.03,48.74,47.59,81.69,20.34,-1.06,0.52,20.29,86.6,16280.0,16688.0,11519.0,14829.0,41.06,46.88,31.32,77.86,47.67,1.0,8.0
MFICL,MFICL,MFIC,,BB,8.0,05/27/2025,12/15/2025,12/15/2028,0.5,8.00%,,,92.92,Assetmanagement,,58.0,,,,,,25.31,,,25.37,25.42,-0.23,-0.43,25.1,25.85,25.0,25.85,25.13,0.03,-0.72,51.23,47.48,87.77,17.1,-0.72,0.13,16.86,89.15,5661.0,5602.0,3630.0,4964.0,48.39,,,,49.47,1.0,1.0
MGRE,MGRE,AMG,,BB,12.0,06/26/2025,3/30/2029,3/30/2064,0.42,6.75%,,,28.79,Assetmanagement,,88.0,,,,,,23.59,,,23.86,24.94,-0.56,-4.84,22.51,26.02,22.51,26.51,23.72,1.21,-2.3,52.38,63.69,73.13,33.6,-2.79,1.21,37.74,82.08,23934.0,27631.0,25161.0,25575.0,63.54,58.39,84.14,82.69,60.73,1.0,0.0
MHLA,MHLA,MHLD,,BB,8.0,05/30/2025,6/14/2021,6/14/2046,0.41,6.63%,17.51,15.26,99.49,Insurance,,61.0,,,,,,14.88,-0.38,-2.63,14.41,15.26,3.3,-2.5,12.25,17.93,12.25,18.67,14.75,2.5,-3.18,38.85,55.09,57.13,42.79,-3.92,2.5,49.14,73.63,3379.0,3859.0,1988.0,3075.0,53.11,,,,48.39,1.0,9.0
MHNC,MHNC,MHLD,,BB,8.0,05/15/2025,12/1/2018,12/1/2043,0.48,7.75%,18.64,17.6,99.49,Insurance,,46.0,,,,,,16.5,-1.1,-2.14,16.79,17.27,-1.74,-4.44,14.85,19.97,14.85,20.65,16.27,1.42,-3.7,56.52,62.22,70.53,48.22,-4.38,1.42,53.78,80.7,3988.0,2842.0,2165.0,2998.0,53.11,,,,58.3,1.0,9.0
MITN,MITN,MITT,,BB,8.0,08/01/2025,2/15/2026,2/15/2029,0.59,9.50%,,,29.68,Reit,,34.0,,,,,,25.2,,,25.08,25.17,0.46,0.12,21.5,25.6,21.5,25.95,24.83,3.33,-0.77,48.81,45.46,46.84,17.62,-1.12,3.33,20.9,68.2,5464.0,7213.0,2404.0,5027.0,42.09,,,,46.44,1.0,8.0
MITP,MITP,MITT,,BB,8.0,07/30/2025,5/15/2026,5/15/2029,0.59,9.50%,,,29.68,Reit,,32.0,,,,,,25.19,,,25.0,25.13,0.75,0.22,24.2,25.7,24.2,25.8,24.81,0.61,-0.89,47.79,45.09,80.57,18.88,-0.99,0.61,19.58,86.01,11069.0,10503.0,5370.0,8981.0,42.09,,,,46.13,1.0,9.0
MITT PRA,MITT-A,MITT,,,8.0,05/30/2025,9/17/2024,NONE,0.52,8.25%,20.45,17.36,29.68,Reit,,61.0,,,,,,21.2,3.84,0.75,21.88,21.82,-3.1,-2.84,18.6,23.99,15.91,23.99,21.03,2.43,-2.96,61.29,56.34,58.0,40.5,-2.96,5.12,39.46,56.48,3428.0,2128.0,1635.0,2397.0,41.26,,,,55.45,1.0,2.0
MITT PRB,MITT-B,MITT,,,8.0,05/30/2025,9/27/2017,NONE,0.5,8.00%,20.19,16.46,29.68,Reit,,61.0,,,,,,20.71,4.25,0.52,21.12,21.22,-1.95,-2.39,18.41,23.82,15.89,23.82,20.55,2.14,-3.27,57.26,54.69,61.6,43.73,-3.27,4.66,42.59,59.49,9540.0,8103.0,7334.0,8326.0,41.26,,,,53.55,1.0,2.0
MITT PRC,MITT-C,MITT,FF,,8.0,05/30/2025,8/3/2017,NONE,0.71,8.00%,,,29.68,Reit,,61.0,,,,,,24.82,,,24.75,24.81,0.26,0.04,20.65,25.5,17.54,25.5,24.59,3.94,-0.91,49.51,45.76,39.27,19.09,-0.91,7.05,18.78,43.85,9862.0,10591.0,6973.0,9142.0,41.26,,,,46.93,1.0,2.0
MS PRA,MS-A,MS,FLR,,11.0,06/27/2025,7/15/2011,NONE,0.33,4.00%,,,1603.20,Bank,,89.0,,,,,,21.55,,,22.44,23.03,-3.97,-6.44,20.5,24.65,20.31,24.65,21.55,1.05,-3.1,64.34,69.57,75.12,41.96,-3.1,1.24,40.87,81.88,52613.0,48592.0,56621.0,52608.0,76.23,64.71,83.7,88.27,72.1,1.0,5.0
MS PRE,MS-E,MS,,,11.0,06/27/2025,10/15/2023,NONE,0.45,7.13%,26.1,24.99,1603.20,Bank,,89.0,,,,,,25.57,0.58,-0.53,25.42,25.41,0.6,0.62,25.01,25.71,24.93,26.03,25.57,0.56,-0.14,48.32,43.62,81.19,11.04,-0.46,0.64,14.24,85.81,50803.0,46279.0,35124.0,44069.0,76.23,64.71,83.7,88.27,54.78,1.0,0.0
MS PRF,MS-F,MS,,,11.0,06/27/2025,1/15/2024,NONE,0.43,6.88%,26.31,24.43,1603.20,Bank,,89.0,,,,,,25.44,1.01,-0.87,25.27,25.32,0.67,0.47,24.87,25.63,24.33,26.03,25.44,0.57,-0.19,48.07,44.18,81.07,11.57,-0.59,1.11,15.55,82.73,50487.0,50868.0,39264.0,46873.0,76.23,64.71,83.7,88.27,55.08,1.0,0.0
MS PRI,MS-I,MS,,,11.0,06/27/2025,10/15/2024,NONE,0.4,6.38%,26.49,23.4,1603.20,Bank,,89.0,,,,,,25.21,1.81,-1.28,24.86,25.13,1.39,0.31,24.21,26.75,23.25,26.75,25.21,1.0,-1.54,45.55,44.76,75.74,25.67,-1.54,1.96,25.13,77.17,66815.0,76048.0,62359.0,68407.0,76.23,64.71,83.7,88.27,55.65,1.0,0.0
MS PRP,MS-P,MS,,,11.0,06/27/2025,10/15/2027,NONE,0.41,6.50%,26.33,24.28,1603.20,Bank,,89.0,,,,,,25.92,1.64,-0.41,25.51,25.89,1.61,0.13,24.7,26.78,24.25,27.14,25.92,1.22,-0.86,44.78,45.42,73.01,18.56,-1.22,1.67,21.9,79.07,48690.0,55161.0,68960.0,57604.0,76.23,64.71,83.7,88.27,54.93,1.0,0.0
MS PRQ,MS-Q,MS,,,11.0,06/30/2025,10/15/2029,NONE,0.41,6.63%,,,1603.20,Bank,,2.0,,,,,,26.06,,,,,,,24.82,27.02,21.92,27.35,25.66,0.84,-1.36,52.18,51.93,77.72,23.79,-1.69,3.74,26.65,65.52,76599.0,74005.0,43927.0,64844.0,76.23,64.71,83.7,88.27,60.94,1.0,0.0
MSBIP,MSBIP,MSBI,NFF,,8.0,06/16/2025,9/30/2027,NONE,0.48,7.75%,,,21.40,Regionalbank,,78.0,,,,,,22.94,,,23.63,24.54,-2.92,-6.51,22.75,25.66,21.22,26.55,22.88,0.13,-2.78,60.66,69.83,86.53,38.62,-3.67,1.66,46.62,79.13,8334.0,6998.0,4738.0,6690.0,37.58,,,,60.13,1.0,7.0
MTB PRH,MTB-H,MTB,NFF,,10.5,06/02/2025,12/15/2026,NONE,0.35,5.63%,,,160.60,Regionalbank,,64.0,,,,,,25.39,,,24.52,24.71,3.53,2.74,23.02,26.12,20.22,26.12,25.29,2.27,-0.83,38.05,35.83,59.98,18.25,-0.83,5.07,17.97,56.81,15942.0,19267.0,17840.0,17683.0,62.04,,,,43.07,1.0,5.0
MTB PRJ,MTB-J,MTB,,,10.5,06/02/2025,6/15/2029,NONE,0.47,7.50%,,,160.60,Regionalbank,,64.0,,,,,,26.22,,,26.35,26.66,-0.49,-1.66,25.0,27.98,24.09,28.04,26.08,1.08,-1.9,52.14,52.0,74.74,29.43,-1.96,1.99,29.37,76.97,57920.0,56232.0,57256.0,57136.0,62.04,,,,57.64,1.0,0.0
NEWTG,NEWTG,NEWT,,BB,8.0,05/30/2025,6/1/2027,6/1/2029,0.53,8.50%,,,27.29,Regionalbank,,61.0,,,,,,24.75,,,24.79,25.08,-0.17,-1.32,24.0,25.84,24.0,25.84,24.58,0.58,-1.26,51.02,50.75,80.95,22.74,-1.26,0.58,22.31,86.2,8353.0,7735.0,4934.0,7007.0,34.44,,,,48.03,1.0,8.0
NEWTH,NEWTH,NEWT,,BB,8.0,07/14/2025,10/15/2026,10/15/2029,0.54,8.63%,,,27.29,Regionalbank,,16.0,,,,,,24.83,,,,,,,23.0,25.95,23.0,25.95,24.38,1.38,-1.57,52.18,51.93,71.02,25.98,-1.57,1.38,25.44,80.97,14181.0,11365.0,7166.0,10904.0,34.44,,,,49.21,1.0,8.0
NEWTI,NEWTI,NEWT,,BB,8.0,05/15/2025,9/1/2025,9/1/2028,0.5,8.00%,,24.8,27.29,Regionalbank,,46.0,,,,,,25.0,0.2,,24.97,25.11,0.12,-0.44,23.9,26.57,23.48,26.57,24.76,0.86,-1.81,50.0,47.52,77.47,28.49,-1.81,1.28,27.86,81.62,1621.0,1675.0,1252.0,1516.0,34.44,,,,45.99,1.0,1.0
NEWTZ,NEWTZ,NEWT,,,8.0,07/11/2025,2/1/2022,2/1/2026,0.34,5.50%,24.46,23.61,27.29,Regionalbank,,13.0,,,,,,24.83,1.22,0.37,24.74,24.6,0.38,0.94,24.4,25.25,23.1,26.02,24.54,0.14,-0.71,49.09,42.45,86.4,17.0,-1.48,1.44,24.53,80.57,4586.0,4514.0,2584.0,3894.0,33.76,,,,43.61,1.0,1.0
NLY PRF,NLY-F,NLY,FF,,8.0,06/02/2025,9/30/2022,NONE,0.6,6.95%,,,26.45,Reit,,64.0,,,,,,25.39,,,25.48,25.57,-0.37,-0.71,21.75,26.34,21.75,26.34,25.22,3.47,-1.12,51.72,48.51,45.1,21.28,-1.12,3.47,20.9,67.28,52109.0,57025.0,45649.0,51594.0,42.32,,,,51.78,1.0,9.0
NLY PRG,NLY-G,NLY,FF,,8.0,06/02/2025,3/31/2023,NONE,0.55,6.50%,,,26.45,Reit,,64.0,,,,,,25.2,,,24.82,25.19,1.52,0.06,23.01,25.75,22.39,25.78,25.04,2.03,-0.71,45.09,45.68,62.96,17.0,-0.74,2.65,17.06,72.65,19743.0,23154.0,20643.0,21180.0,42.32,,,,46.1,1.0,5.0
NLY PRI,NLY-I,NLY,FF,,8.0,06/02/2025,6/30/2024,NONE,0.6,6.75%,,,26.45,Reit,,64.0,,,,,,25.34,,,25.43,25.55,-0.37,-0.83,24.15,26.05,22.24,26.05,25.17,1.02,-0.88,51.72,48.95,75.49,18.77,-0.88,2.93,18.47,70.82,25953.0,28216.0,27151.0,27107.0,42.32,,,,50.43,1.0,2.0
NMFCZ,NMFCZ,NMFC,,BB,9.5,08/01/2025,6/17/2027,11/15/2028,0.52,8.25%,,,107.59,Assetmanagement,,34.0,,,,,,25.66,,,25.39,25.52,1.05,0.54,25.09,26.2,24.95,26.74,25.34,0.25,-0.86,46.74,43.92,85.04,18.56,-1.4,0.39,23.72,87.45,8678.0,9878.0,6354.0,8303.0,49.95,,,,46.77,1.0,9.0
NREF PRA,NREF-A,NREF,,,8.0,07/11/2025,7/24/2025,NONE,0.53,8.50%,24.0,18.8,17.64,Reit,,13.0,,,,,,22.98,4.18,-1.02,22.73,22.83,1.11,0.65,21.47,24.65,18.0,24.79,22.53,1.06,-2.12,46.53,43.51,74.99,31.72,-2.26,4.53,32.4,60.34,2085.0,1981.0,1299.0,1788.0,41.52,,,,44.43,1.0,9.0
NYMTG,NYMTG,NYMT,,,8.0,03/14/2025,4/1/2027,4/1/2030,0.57,9.13%,,,90.30,Reit,,74.0,,,,,,24.4,,,,,,,22.7,25.69,22.7,25.69,24.3,1.6,-1.39,52.18,51.93,68.29,24.1,-1.39,1.6,23.62,79.53,24100.0,25748.0,11467.0,20438.0,41.01,73.83,60.67,85.7,51.12,1.0,5.0
NYMTI,NYMTI,NYMT,,BB,8.0,06/12/2025,7/1/2026,7/1/2029,0.57,9.13%,,,90.30,Reit,,74.0,,,,,,24.5,,,,,,,23.09,25.59,23.09,26.0,24.4,1.31,-1.19,52.18,51.93,71.89,22.01,-1.6,1.31,25.74,81.42,11147.0,11513.0,4721.0,9127.0,41.83,73.83,60.67,85.7,50.58,1.0,8.0
NYMTL,NYMTL,NYMT,NFF,,8.0,07/01/2025,10/15/2026,NONE,0.43,6.88%,,,90.30,Reit,,3.0,,,,,,21.72,,,21.64,21.51,0.39,0.97,19.36,23.03,17.55,23.03,21.3,1.94,-1.73,49.05,42.34,64.08,27.65,-1.73,3.75,27.05,65.45,6663.0,6679.0,5952.0,6431.0,41.01,73.83,60.67,85.7,45.16,1.0,2.0
NYMTM,NYMTM,NYMT,FF,,8.0,07/01/2025,1/15/2025,NONE,0.69,7.88%,,,90.30,Reit,,3.0,,,,,,24.7,,,24.46,24.43,0.97,1.1,22.5,25.39,20.86,25.39,24.03,1.53,-1.36,47.02,41.86,69.16,23.79,-1.36,3.17,23.32,69.25,18263.0,22331.0,14748.0,18447.0,41.01,73.83,60.67,85.7,44.91,1.0,2.0
NYMTN,NYMTN,NYMT,NFF,,8.0,07/01/2025,10/15/2027,NONE,0.5,8.00%,,,90.30,Reit,,3.0,,,,,,21.37,,,21.85,22.14,-2.18,-3.48,19.21,23.56,18.71,23.56,20.89,1.68,-2.67,58.06,58.69,67.3,37.47,-2.67,2.18,36.53,75.73,7599.0,7656.0,8452.0,7902.0,41.01,73.83,60.67,85.7,55.4,1.0,2.0
OCCIM,OCCIM,OCCI,,Term,8.0,05/20/2025,10/31/2026,10/31/2029,0.16,7.88%,,,20.70,Cef,,51.0,,,,,,25.03,,,,,,,24.18,25.21,24.18,25.21,24.96,0.78,-0.25,52.18,51.93,78.47,12.19,-0.25,0.78,12.12,84.89,2225.0,2034.0,2239.0,2166.0,37.76,,,,49.33,1.0,1.0
OCCIN,OCCIN,OCCI,,,8.0,05/20/2025,12/31/2023,12/31/2026,0.11,5.25%,22.99,22.07,20.70,Cef,,51.0,,,,,,24.05,1.98,1.06,23.93,23.68,0.52,1.57,23.5,24.56,21.53,24.56,24.0,0.5,-0.56,48.6,40.13,81.94,15.43,-0.56,2.47,15.25,73.83,1731.0,1833.0,1127.0,1564.0,37.76,,,,43.14,1.0,1.0
OCCIO,OCCIO,OCCI,,,8.0,05/20/2025,4/30/2023,4/30/2026,0.13,6.13%,24.87,23.35,20.70,Cef,,51.0,,,,,,24.7,1.35,-0.17,24.67,24.58,0.1,0.5,24.2,24.99,22.86,24.99,24.64,0.44,-0.35,50.07,44.07,82.68,13.24,-0.35,1.78,13.13,78.35,987.0,1025.0,1399.0,1137.0,37.76,,,,45.28,1.0,1.0
OFSSH,OFSSH,OFS,,BB,8.0,07/11/2025,10/31/2023,10/31/2028,0.31,4.95%,22.99,21.0,13.41,Cef,,13.0,,,,,,23.18,2.18,0.19,22.65,22.43,2.33,3.36,22.06,23.18,20.52,23.18,22.91,0.85,-0.27,42.25,33.56,77.6,12.4,-0.27,2.39,12.32,74.35,791.0,815.0,2685.0,1430.0,46.16,,,,39.65,1.0,1.0
ONBPO,ONBPO,ONB,,,9.0,08/01/2025,8/20/2025,NONE,0.44,7.00%,,,370.09,Regionalbank,,34.0,,,,,,24.9,,,24.84,25.05,0.25,-0.61,24.44,25.7,21.58,27.0,24.63,0.19,-1.07,49.54,48.14,85.78,20.76,-2.37,3.05,33.51,70.03,5228.0,6816.0,7285.0,6443.0,56.36,,,,50.75,1.0,9.0
ONBPP,ONBPP,ONB,,,9.0,08/01/2025,8/20/2025,NONE,0.44,7.00%,26.93,22.98,370.09,Regionalbank,,34.0,,,,,,25.15,2.17,-1.78,25.02,25.13,0.51,0.08,24.4,25.65,21.6,26.36,24.88,0.48,-0.77,48.63,45.61,82.19,17.62,-1.48,3.28,24.53,68.53,3708.0,4293.0,4078.0,4026.0,56.36,,,,49.22,1.0,9.0
OXLCG,OXLCG,OXLC,,,8.0,06/13/2025,2/28/2030,2/29/2032,0.68,7.95%,,,437.24,Cef,,75.0,,,,,,24.9,,,,,,,24.06,25.01,24.06,25.01,24.79,0.73,-0.22,52.18,51.93,79.09,11.88,-0.22,0.73,11.82,85.22,25045.0,25045.0,33170.0,27753.0,42.02,,,,51.78,1.0,8.0
OXLCI,OXLCI,OXLC,,BB,8.0,06/13/2025,6/30/2028,6/30/2030,0.55,8.75%,,,437.24,Cef,,75.0,,,,,,25.52,,,,,,,24.93,26.18,24.93,26.18,25.43,0.5,-0.75,52.18,51.93,81.94,17.42,-0.75,0.5,17.16,86.73,11990.0,12259.0,5589.0,9946.0,42.86,,,,50.84,1.0,8.0
OXLCL,OXLCL,OXLC,,BB,8.0,06/13/2025,3/16/2024,3/31/2031,0.42,6.75%,24.65,22.68,437.24,Cef,,75.0,,,,,,23.62,0.94,-1.03,23.39,23.74,0.97,-0.49,22.75,24.68,22.1,24.68,23.55,0.8,-1.13,47.02,47.7,78.22,21.38,-1.13,1.45,21.0,80.51,2672.0,2728.0,2129.0,2510.0,42.86,,,,46.62,1.0,8.0
OXLCN,OXLCN,OXLC,,Term,8.0,05/16/2025,6/30/2024,6/30/2029,0.15,7.13%,24.6,22.92,437.24,Cef,,47.0,,,,,,24.02,1.1,-0.58,23.99,24.11,0.14,-0.38,23.4,24.5,22.11,24.5,23.95,0.55,-0.55,49.93,47.3,81.32,15.33,-0.55,1.84,15.15,77.95,2342.0,2327.0,3723.0,2797.0,42.02,,,,47.47,1.0,1.0
OXLCO,OXLCO,OXLC,,,8.0,05/16/2025,8/31/2024,8/31/2029,0.13,6.00%,23.37,21.49,437.24,Cef,,47.0,,,,,,23.26,1.77,-0.11,22.86,22.8,1.73,2.0,22.28,23.26,20.7,23.47,23.2,0.92,-0.06,44.36,38.55,76.73,10.21,-0.27,2.5,12.32,73.63,1760.0,1255.0,2045.0,1687.0,42.02,,,,41.67,1.0,8.0
OXLCP,OXLCP,OXLC,,,8.0,05/16/2025,2/28/2023,2/28/2027,0.13,6.25%,24.0,22.74,437.24,Cef,,47.0,,,,,,24.26,1.52,0.26,24.21,24.0,0.19,1.1,23.75,24.46,22.54,24.46,24.2,0.45,-0.26,49.75,41.86,82.56,12.3,-0.26,1.66,12.22,79.13,4442.0,5291.0,2865.0,4199.0,42.02,,,,45.31,1.0,8.0
OXLCZ,OXLCZ,OXLC,,BB,8.0,06/13/2025,1/31/2024,1/31/2027,0.31,5.00%,23.69,22.31,437.24,Cef,,75.0,,,,,,23.99,1.68,0.3,23.9,23.69,0.36,1.27,23.44,24.37,21.93,24.37,23.94,0.5,-0.43,49.16,41.24,81.94,14.07,-0.43,2.01,13.93,76.84,4789.0,5159.0,5421.0,5123.0,42.86,,,,45.05,1.0,8.0
OXSQG,OXSQG,OXSQ,,BB,8.0,06/20/2025,5/31/2024,7/31/2028,0.34,5.50%,23.55,21.5,71.37,Cef,,82.0,,,,,,23.76,2.26,0.21,23.26,23.1,2.13,2.85,22.75,23.79,21.39,23.79,23.73,0.98,-0.06,42.95,35.43,75.98,10.21,-0.06,2.34,10.2,74.68,2140.0,3701.0,10271.0,5370.0,38.32,,,,39.35,1.0,1.0
OXSQZ,OXSQZ,OXSQ,,BB,8.0,06/20/2025,4/30/2022,4/30/2026,0.39,6.25%,24.7,23.48,71.37,Cef,,82.0,,,,,,25.06,1.57,0.35,24.8,24.62,0.99,1.74,24.3,25.07,23.27,25.07,25.02,0.72,-0.05,46.95,39.51,79.21,10.1,-0.05,1.75,10.1,78.54,1952.0,2475.0,3454.0,2627.0,38.32,,,,42.41,1.0,1.0
PBI PRB,PBI-B,PBI,,BB,8.0,05/23/2025,3/7/2018,3/7/2043,0.42,6.70%,23.44,16.07,183.19,Integratedfreight&logistics,,54.0,,,,,,19.01,2.94,-4.43,19.71,19.76,-3.56,-3.8,17.31,22.23,14.77,22.23,18.84,1.53,-3.39,62.9,59.87,69.16,44.99,-3.39,4.07,43.8,63.36,20352.0,20580.0,22116.0,21016.0,49.3,,,,60.28,1.0,3.0
PDPA,PDPA,-,,,8.0,05/16/2025,12/31/2026,12/31/2029,0.17,8.00%,,,-,-,,47.0,,,,,,25.0,,,,,,,24.3,25.84,24.3,25.84,24.92,0.62,-0.92,52.18,51.93,80.45,19.19,-0.92,0.62,18.88,85.94,3965.0,2270.0,2179.0,2805.0,53.11,,,,52.44,1.0,7.0
PMT PRA,PMT-A,PMT,,,8.0,05/28/2025,3/15/2024,NONE,0.51,8.13%,24.77,20.8,87.13,Reit,,59.0,,,,,,23.56,2.76,-1.21,24.21,24.33,-2.69,-3.17,22.39,26.0,20.11,26.0,23.38,0.99,-2.62,59.85,57.55,75.86,36.95,-2.62,3.27,36.03,68.59,10608.0,6894.0,10246.0,9249.0,44.39,,,,56.42,1.0,2.0
PMT PRB,PMT-B,PMT,,,8.0,05/28/2025,6/15/2024,NONE,0.5,8.00%,25.0,20.27,87.13,Reit,,59.0,,,,,,23.5,3.23,-1.5,24.2,24.19,-2.87,-2.84,22.76,25.21,19.8,25.21,23.33,0.57,-1.88,60.48,56.34,81.07,29.22,-1.88,3.53,28.56,66.89,14152.0,13501.0,8342.0,11998.0,44.39,,,,56.36,1.0,2.0
PMT PRC,PMT-C,PMT,,,8.0,05/28/2025,8/24/2026,NONE,0.42,6.75%,21.21,16.38,87.13,Reit,,59.0,,,,,,19.13,2.75,-2.08,19.2,19.74,-0.35,-3.09,17.51,21.66,16.04,21.66,18.99,1.48,-2.67,51.65,57.26,69.78,37.47,-2.67,2.95,36.53,70.69,36919.0,40533.0,27493.0,34982.0,44.39,,,,54.63,1.0,2.0
PMTU,PMTU,PMT,,BB,8.0,06/13/2025,9/30/2025,9/30/2028,0.53,8.50%,,24.25,87.13,Reit,,75.0,,,,,,25.1,0.85,,25.35,25.55,-0.98,-1.77,24.46,26.14,23.75,26.49,25.01,0.55,-1.13,53.86,52.41,81.32,21.38,-1.48,1.26,24.53,81.75,4663.0,7279.0,1883.0,4608.0,45.28,,,,51.85,1.0,8.0
PMTV,PMTV,PMT,,,8.0,06/13/2025,2/15/2027,2/15/2030,0.56,9.00%,,,87.13,Reit,,75.0,,,,,,25.22,,,,,,,24.5,25.79,24.5,25.79,25.13,0.63,-0.66,52.18,51.93,80.33,16.48,-0.66,0.63,16.25,85.88,41641.0,41641.0,33402.0,38895.0,44.39,,,,52.95,1.0,0.0
PNFPP,PNFPP,PNFP,,,8.0,05/15/2025,9/1/2025,NONE,0.42,6.75%,26.08,21.0,77.52,Regionalbank,,46.0,,,,,,24.49,3.49,-1.59,24.4,24.39,0.35,0.39,23.68,25.29,20.5,25.29,24.28,0.6,-1.01,49.19,44.47,80.7,20.13,-1.01,3.78,19.79,65.25,11617.0,12519.0,11399.0,11845.0,52.8,,,,48.76,1.0,6.0
PRIF PRD,PRIF-D,-,,,8.0,06/20/2025,3/31/2022,6/30/2029,0.44,7.00%,24.79,22.45,-,-,,82.0,,,,,,24.25,1.8,-0.54,24.15,23.98,0.41,1.11,23.39,24.96,20.3,24.96,24.21,0.82,-0.75,48.98,41.82,77.97,17.42,-0.75,3.91,17.16,64.4,742.0,849.0,1078.0,890.0,53.11,,,,47.0,1.0,1.0
PRIF PRH,PRIF-H,-,,,8.0,06/20/2025,5/6/2023,12/31/2026,0.38,6.00%,,,-,-,,,,,,,,,,,,,,,,,,,,,,52.18,51.93,,,,,,,,,,,53.11,,,,,1.0,1.0
PRIF PRI,PRIF-I,-,,,8.0,06/20/2025,6/17/2024,6/30/2028,0.38,6.13%,23.73,22.13,-,-,,82.0,,,,,,24.99,2.86,1.26,23.75,23.4,5.2,6.8,23.0,25.51,21.48,25.51,24.96,1.96,-0.55,32.19,20.91,63.83,15.33,-0.55,3.48,15.15,67.22,3153.0,4322.0,9459.0,5645.0,53.11,,,,32.21,1.0,1.0
PRIF PRJ,PRIF-J,-,,,8.0,06/20/2025,8/10/2024,12/31/2028,0.38,6.00%,23.06,22.36,-,-,,82.0,,,,,,23.67,1.31,0.61,23.14,23.05,2.27,2.7,22.59,23.99,21.2,23.99,23.64,1.05,-0.35,42.46,35.98,75.12,13.24,-0.35,2.44,13.13,74.03,4216.0,4871.0,3755.0,4281.0,53.11,,,,42.27,1.0,1.0
PRIF PRK,PRIF-K,-,,,8.0,06/20/2025,9/30/2026,NONE,0.44,7.00%,23.93,19.45,-,-,,82.0,,,,,,23.55,4.1,-0.38,22.44,21.93,4.94,7.38,20.2,23.69,18.96,23.69,23.51,3.31,-0.18,33.1,18.78,47.09,11.46,-0.18,4.55,11.41,60.21,1385.0,925.0,959.0,1090.0,53.11,,,,31.44,1.0,8.0
PRIF PRL,PRIF-L,-,,,8.0,06/20/2025,2/28/2025,3/31/2029,0.4,6.38%,24.3,21.96,-,-,,82.0,,,,,,23.84,1.88,-0.46,23.48,23.38,1.52,1.98,22.12,24.27,21.44,24.27,23.8,1.68,-0.47,45.09,38.63,67.3,14.49,-0.47,2.36,14.34,74.55,1603.0,1778.0,2194.0,1858.0,53.11,,,,44.23,1.0,1.0
QVCC,QVCC,QVCGA,,BB,9.5,05/30/2025,11/26/2024,11/26/2068,0.39,6.25%,21.68,8.35,403.43,Internetretail,,61.0,,,,,,9.79,1.44,-11.89,9.52,11.59,2.8,-15.56,7.42,14.0,7.42,15.1,9.66,2.24,-4.34,40.6,51.93,60.36,54.91,-5.44,2.24,64.48,75.34,39630.0,53904.0,44475.0,46003.0,24.7,,,,44.83,1.0,10.0
QVCD,QVCD,QVCGA,,BB,9.5,05/30/2025,9/13/2023,9/13/2067,0.4,6.38%,22.05,8.31,403.43,Internetretail,,61.0,,,,,,9.63,1.32,-12.42,9.6,11.69,0.33,-17.59,7.23,14.0,7.23,15.2,9.5,2.27,-4.5,49.26,51.93,59.98,56.58,-5.7,2.27,67.1,75.14,18036.0,23045.0,28619.0,23233.0,24.7,,,,46.87,1.0,10.0
RC PRE,RC-E,RC,,,8.0,06/27/2025,6/10/2026,NONE,0.41,6.50%,20.71,17.39,172.29,Reit,,89.0,,,,,,15.79,-1.6,-4.92,16.09,17.87,-1.87,-11.66,14.87,19.6,14.87,19.73,15.79,0.92,-3.81,56.98,88.75,76.73,49.37,-3.94,0.92,49.34,83.98,11590.0,14820.0,8637.0,11682.0,30.59,,,,48.86,0.75,2.0
RCB,RCB,RC,,BB,8.0,01/09/2025,7/30/2022,7/30/2026,0.39,6.20%,24.25,23.45,172.29,Reit,,10.0,,,,,,24.36,0.91,0.11,24.16,24.22,0.82,0.59,23.5,24.85,22.93,24.85,24.01,0.51,-0.84,47.55,43.73,81.81,18.36,-0.84,1.08,18.07,82.93,19311.0,31651.0,14459.0,21807.0,31.2,,,,33.08,0.75,8.0
RCC,RCC,RC,,BB,8.0,06/24/2025,2/15/2023,2/15/2026,0.36,5.75%,23.91,23.74,172.29,Reit,,86.0,,,,,,24.51,0.77,0.6,24.55,24.42,-0.18,0.36,23.97,26.87,23.14,26.87,24.49,0.52,-2.38,51.05,44.58,81.69,34.44,-2.38,1.35,33.61,81.16,17882.0,27403.0,11241.0,18842.0,31.2,,,,34.25,0.75,1.0
RCD,RCD,RC,,,8.0,05/30/2025,12/15/2026,12/15/2029,0.56,9.00%,,,172.29,Reit,,61.0,,,,,,22.89,,,,,,,22.71,25.55,22.71,25.55,22.71,0.0,-2.84,52.18,51.93,88.14,39.24,-2.84,0.0,38.25,90.0,35008.0,28279.0,18555.0,27281.0,30.59,,,,37.1,0.75,8.0
RF PRC,RF-C,RF,NFF,,10.5,07/09/2025,8/15/2029,NONE,0.36,5.70%,,,898.77,Regionalbank,,11.0,,,,,,24.23,,,23.55,23.94,2.87,1.21,21.94,25.56,16.63,25.56,23.91,1.97,-1.65,40.36,41.46,63.71,26.81,-1.65,7.28,26.24,42.34,34745.0,32175.0,56190.0,41037.0,59.77,42.84,58.9,76.49,47.25,1.0,3.0
RF PRF,RF-F,RF,NFF,,10.5,06/02/2025,9/15/2029,NONE,0.43,6.95%,,,898.77,Regionalbank,,64.0,,,,,,25.11,,,,,,,24.2,26.49,23.61,26.67,24.99,0.79,-1.5,52.18,51.93,78.34,25.25,-1.68,1.38,26.54,80.97,45483.0,40881.0,37919.0,41428.0,59.77,42.84,58.9,76.49,56.19,1.0,0.0
RITM PRA,RITM-A,RITM,FF,,8.0,07/25/2025,8/15/2024,NONE,0.64,7.50%,,,529.83,Reit,,27.0,,,,,,25.45,,,25.33,25.37,0.49,0.31,24.36,26.16,22.0,26.22,25.0,0.64,-1.16,48.7,44.76,80.2,21.7,-1.22,3.0,21.9,70.36,18653.0,17455.0,6468.0,14192.0,57.03,,,,49.68,1.0,2.0
RITM PRB,RITM-B,RITM,FF,,8.0,07/25/2025,8/15/2024,NONE,0.63,7.13%,,,529.83,Reit,,27.0,,,,,,25.45,,,25.21,25.24,0.94,0.83,24.07,25.74,21.41,25.86,25.01,0.94,-0.73,47.13,42.85,76.48,17.21,-0.85,3.6,18.17,66.43,26028.0,24407.0,14993.0,21809.0,57.03,,,,48.76,1.0,2.0
RITM PRC,RITM-C,RITM,FF,,8.0,07/25/2025,2/15/2025,NONE,0.59,6.38%,,,529.83,Reit,,27.0,,,,,,24.83,,,24.62,24.35,0.86,1.96,22.8,25.18,18.55,25.18,24.42,1.62,-0.76,47.41,38.7,68.05,17.52,-0.76,5.87,17.26,51.57,35207.0,37868.0,21553.0,31543.0,57.03,,,,47.82,1.0,2.0
RITM PRD,RITM-D,RITM,NFF,,8.0,07/25/2025,11/15/2026,NONE,0.44,7.00%,,,529.83,Reit,,27.0,,,,,,24.25,,,23.99,23.88,1.07,1.55,22.33,24.7,19.55,25.26,23.94,1.61,-0.76,46.67,40.21,68.17,17.52,-1.32,4.39,22.91,61.26,28355.0,32655.0,22468.0,27826.0,57.03,,,,47.9,1.0,2.0
RIV PRA,RIV-A,RIV,,,12.0,08/01/2025,5/15/2027,NONE,0.38,6.00%,25.01,22.06,21.47,Cef,,34.0,,,,,,23.12,1.06,-1.89,23.26,23.42,-0.6,-1.3,22.09,24.59,21.89,24.8,22.88,0.79,-1.71,52.52,50.68,78.34,27.44,-1.92,0.99,28.97,83.52,5545.0,4393.0,4913.0,4950.0,51.97,,,,51.98,1.0,9.0
RJF PRB,RJF-B,RJF,,,9.5,06/13/2025,7/1/2026,NONE,0.4,6.38%,,,201.75,Assetmanagement,,75.0,,,,,,25.1,,,25.23,25.22,-0.51,-0.49,24.76,26.45,24.6,26.45,25.03,0.27,-1.42,52.21,47.7,84.79,24.41,-1.42,0.43,23.92,87.18,4270.0,3892.0,3256.0,3806.0,62.35,,,,52.67,1.0,1.0
RLJ PRA,RLJ-A,RLJ,,,8.0,06/27/2025,NONE,NONE,0.49,7.80%,26.33,23.55,151.76,Reit,,89.0,,,,,,24.47,0.92,-1.86,24.55,25.1,-0.34,-2.53,22.8,26.31,22.8,26.63,24.46,1.66,-1.85,51.61,55.2,67.55,28.9,-2.17,1.66,31.49,79.13,21830.0,21786.0,19259.0,20958.0,37.35,,,,51.5,1.0,9.0
RPT PRC,RPT-C,RPT,NFF,,8.0,07/30/2025,5/15/2030,NONE,0.49,9.88%,,,45.42,Reit,,32.0,,,,,,24.9,,,,,,,24.22,25.5,24.22,25.5,24.58,0.36,-0.92,52.18,51.93,83.67,19.19,-0.92,0.36,18.88,87.64,9106.0,9106.0,7116.0,8443.0,32.29,,,,48.63,1.0,7.0
RWAYL,RWAYL,RWAY,,BB,8.0,05/15/2025,7/28/2024,7/28/2027,0.47,7.50%,25.4,24.3,37.35,Creditservices,,46.0,,,,,,25.06,0.76,-0.34,25.02,25.03,0.15,0.11,24.58,25.44,23.91,25.44,24.83,0.25,-0.61,49.89,45.5,85.04,15.95,-0.61,0.92,15.75,83.98,4348.0,4374.0,4695.0,4472.0,45.06,,,,47.45,1.0,8.0
RWAYZ,RWAYZ,RWAY,,BB,8.0,05/15/2025,12/31/2024,12/31/2027,0.5,8.00%,,24.52,37.35,Creditservices,,46.0,,,,,,25.2,0.68,,25.18,25.21,0.09,-0.04,24.83,25.51,24.23,25.7,24.96,0.13,-0.55,50.11,46.05,86.53,15.33,-0.74,0.73,17.06,85.22,3490.0,3224.0,2204.0,2973.0,45.06,,,,47.66,1.0,1.0
RWT PRA,RWT-A,RWT,NFF,,8.0,06/27/2025,4/15/2028,NONE,0.63,10.00%,,,132.98,Reit,,89.0,,,,,,24.79,,,24.62,25.19,0.67,-1.58,20.77,26.5,20.77,26.5,24.78,4.01,-1.72,48.07,51.71,38.4,27.55,-1.72,4.01,26.95,63.75,7288.0,7588.0,7606.0,7494.0,37.93,,,,47.97,1.0,9.0
RWTN,RWTN,RWT,,BB,8.0,05/15/2025,3/1/2026,3/1/2029,0.57,9.13%,,,132.98,Reit,,46.0,,,,,,24.8,,,24.63,25.01,0.71,-0.85,22.48,25.72,22.48,27.1,24.52,2.04,-1.2,47.93,49.03,62.84,22.11,-2.58,2.04,35.62,76.64,6291.0,6862.0,1942.0,5031.0,38.69,,,,46.84,1.0,8.0
RWTO,RWTO,RWT,,BB,8.0,05/15/2025,9/1/2026,9/1/2029,0.56,9.00%,,,132.98,Reit,,46.0,,,,,,24.44,,,,,,,22.25,26.0,22.25,26.0,24.17,1.92,-1.83,52.18,51.93,64.33,28.69,-1.83,1.92,28.06,77.43,9714.0,8925.0,2653.0,7098.0,38.69,,,,49.82,1.0,8.0
RWTP,RWTP,RWT,,,8.0,05/15/2025,3/1/2027,3/1/2030,0.85,9.13%,,,132.98,Reit,,46.0,,,,,,24.25,,,,,,,22.7,25.25,22.7,25.25,23.83,1.13,-1.42,52.18,51.93,74.12,24.41,-1.42,1.13,23.92,82.6,20478.0,13881.0,6962.0,13774.0,37.93,,,,50.09,1.0,8.0
RZB,RZB,RGA,NFF,,12.0,05/30/2025,6/15/2026,6/15/2056,0.36,5.75%,,,66.07,Insurance,,61.0,,,,,,24.68,,,24.75,24.89,-0.28,-0.85,24.11,26.0,23.44,26.47,24.56,0.45,-1.44,51.4,49.03,82.56,24.62,-1.91,1.12,28.87,82.67,30091.0,34803.0,50119.0,38338.0,63.86,,,,55.34,1.0,5.0
RZC,RZC,RGA,NFF,,12.0,06/27/2025,10/15/2027,10/15/2052,0.45,7.13%,,,66.07,Insurance,,89.0,,,,,,25.66,,,25.73,26.12,-0.27,-1.76,24.74,27.09,24.74,29.2,25.66,0.92,-1.43,51.37,52.37,76.73,24.52,-3.54,0.92,45.31,83.98,28985.0,31002.0,27364.0,29117.0,63.86,,,,56.09,1.0,0.0
SACH PRA,SACH-A,SACH,,,8.0,06/13/2025,6/29/2026,NONE,0.48,7.75%,24.15,19.69,47.31,Reit,,75.0,,,,,,14.97,-4.72,-9.18,15.55,18.84,-3.71,-20.53,12.54,23.78,12.54,25.06,14.89,2.35,-8.89,63.43,51.93,58.99,,-10.17,2.35,,74.62,7066.0,6551.0,5237.0,6285.0,26.39,,,,51.81,1.0,9.0
SAJ,SAJ,SAR,,BB,8.0,05/15/2025,10/27/2024,10/31/2027,0.5,8.00%,,24.68,15.36,Assetmanagement,,46.0,,,,,,25.37,0.69,,25.39,25.3,-0.07,0.29,24.74,25.94,24.28,26.49,25.13,0.39,-0.81,50.67,44.84,83.3,18.04,-1.36,0.85,23.32,84.44,2449.0,2374.0,2936.0,2586.0,49.47,,,,48.26,1.0,1.0
SAT,SAT,SAR,,BB,8.0,05/15/2025,4/27/2024,4/30/2027,0.38,6.00%,24.99,23.3,15.36,Assetmanagement,,46.0,,,,,,24.63,1.33,-0.36,24.55,24.46,0.33,0.68,23.91,25.16,22.97,25.16,24.44,0.53,-0.72,49.26,43.4,81.57,17.1,-0.72,1.47,16.86,80.38,8596.0,12838.0,28067.0,16500.0,49.47,,,,47.99,1.0,8.0
SAY,SAY,SAR,,BB,8.0,05/15/2025,12/13/2024,12/31/2027,0.51,8.13%,,25.01,15.36,Assetmanagement,,46.0,,,,,,25.46,0.45,,25.33,25.3,0.52,0.61,24.9,25.98,24.64,25.98,25.21,0.31,-0.77,48.6,43.66,84.29,17.62,-0.77,0.57,17.36,86.27,3428.0,3733.0,3022.0,3394.0,49.47,,,,47.01,1.0,1.0
SAZ,SAZ,SAR,,BB,8.0,05/15/2025,4/14/2025,4/15/2028,0.53,8.50%,,25.03,15.36,Assetmanagement,,46.0,,,,,,25.35,0.33,,25.3,25.42,0.22,-0.24,24.9,25.78,24.78,26.0,25.1,0.2,-0.68,49.65,46.78,85.66,16.68,-0.9,0.32,18.68,87.91,4145.0,5510.0,2935.0,4197.0,49.47,,,,48.73,1.0,1.0
SB PRC,SB-C,SB,,,8.0,07/16/2025,5/31/2019,NONE,0.5,8.00%,25.2,24.98,105.27,Marineshipping,,18.0,,,,,,26.04,1.06,0.84,25.39,25.54,2.55,1.97,24.85,26.5,24.31,26.5,25.64,0.79,-0.86,41.48,38.66,78.34,18.56,-0.86,1.33,18.27,81.29,1055.0,869.0,877.0,934.0,39.61,,,,40.04,1.0,1.0
SB PRD,SB-D,SB,,,8.0,07/16/2025,6/30/2019,NONE,0.5,8.00%,,,105.27,Marineshipping,,18.0,,,,,,25.46,,,25.36,25.61,0.39,-0.57,24.17,26.14,24.17,26.9,25.06,0.89,-1.08,49.05,48.0,77.1,20.86,-1.84,0.89,28.16,84.17,1491.0,1328.0,1082.0,1300.0,39.61,,,,46.82,1.0,1.0
SCCC,SCCC,SACH,,BB,8.0,06/13/2025,9/30/2022,9/30/2025,0.48,7.75%,25.2,23.66,47.31,Reit,,75.0,,,,,,24.99,1.33,-0.21,24.82,24.76,0.69,0.94,23.99,25.47,23.08,25.47,24.91,0.92,-0.56,48.0,42.45,76.73,15.43,-0.56,1.83,15.25,78.02,5182.0,3546.0,4014.0,4247.0,26.92,,,,41.83,1.0,8.0
SCCD,SCCD,SACH,,,8.0,06/13/2025,9/20/2023,9/30/2026,0.38,6.00%,23.82,21.5,47.31,Reit,,75.0,,,,,,21.7,0.2,-2.12,21.0,21.53,3.31,0.81,19.0,23.1,19.0,23.26,21.64,2.64,-1.46,38.82,42.93,55.4,24.83,-1.62,2.64,25.94,72.72,4973.0,3499.0,3140.0,3871.0,26.39,,,,38.22,1.0,1.0
SCCE,SCCE,SACH,,BB,8.0,06/13/2025,3/9/2024,3/30/2027,0.38,6.00%,23.08,20.88,47.31,Reit,,75.0,,,,,,19.58,-1.3,-3.5,19.39,20.63,1.0,-5.08,18.05,22.53,18.05,23.33,19.52,1.47,-3.01,46.91,64.57,69.91,41.02,-3.81,1.47,48.03,80.38,5618.0,4151.0,2687.0,4152.0,26.92,,,,50.24,1.0,8.0
SCCF,SCCF,SACH,,BB,8.0,06/13/2025,5/11/2024,6/30/2027,0.45,7.13%,24.65,21.8,47.31,Reit,,75.0,,,,,,19.11,-2.69,-5.54,19.25,20.8,-0.72,-8.11,17.94,22.94,17.94,24.05,19.04,1.1,-3.9,52.94,75.71,74.5,50.31,-5.01,1.1,60.14,82.8,4196.0,2956.0,1661.0,2938.0,26.92,,,,57.03,1.0,8.0
SCCG,SCCG,SACH,,BB,8.0,06/13/2025,8/23/2024,9/30/2027,0.5,8.00%,,22.8,47.31,Reit,,75.0,,,,,,19.25,-3.55,,19.98,21.55,-3.64,-10.66,17.15,24.33,17.15,24.45,19.17,2.02,-5.16,63.18,85.08,63.09,63.47,-5.28,2.02,62.86,76.78,6070.0,3250.0,2246.0,3855.0,26.92,,,,64.93,1.0,8.0
SCE PRJ,SCE-J,EIX,NFF,,10.5,06/13/2025,9/15/2025,NONE,0.34,5.38%,,,384.94,Utility,,75.0,,,,,,22.79,,,22.64,23.6,0.67,-3.45,20.7,25.1,18.94,25.1,22.73,2.03,-2.37,48.07,58.58,62.96,34.33,-2.37,3.79,33.51,65.19,43219.0,36806.0,47669.0,42565.0,51.22,1.0,15.92,1.14,41.67,0.75,5.0
SCE PRK,SCE-K,EIX,NFF,,10.5,06/13/2025,3/15/2026,NONE,0.34,5.45%,,,384.94,Utility,,75.0,,,,,,22.87,,,23.09,24.06,-0.94,-4.93,21.91,25.37,20.98,25.49,22.81,0.9,-2.56,53.72,64.02,76.98,36.32,-2.68,1.83,36.63,78.02,43411.0,55807.0,46823.0,48680.0,51.22,1.0,15.92,1.14,45.28,0.75,5.0
SCE PRM,SCE-M,EIX,,TP,10.5,06/13/2025,11/22/2028,NONE,0.47,7.50%,,,384.94,Utility,,75.0,,,,,,22.69,,,23.11,25.17,-1.85,-9.89,22.02,27.55,22.02,27.55,22.6,0.58,-4.95,56.91,82.25,80.95,61.28,-4.95,0.58,59.53,86.2,41838.0,41240.0,36405.0,39827.0,51.22,1.0,15.92,1.14,51.3,0.75,0.0
SCE PRN,SCE-N,EIX,,TP,10.5,06/13/2025,5/13/2029,NONE,0.43,6.95%,,,384.94,Utility,,75.0,,,,,,21.65,,,22.26,24.49,-2.73,-11.61,20.71,27.12,20.71,27.12,21.58,0.87,-5.54,59.99,88.57,77.35,67.44,-5.54,0.87,65.49,84.3,43199.0,27477.0,26938.0,32538.0,51.22,1.0,15.92,1.14,53.78,0.75,9.0
SEAL PRA,SEAL-A,SEAL,,,8.0,06/27/2025,10/5/2021,NONE,0.56,9.00%,,,-,-,,89.0,,,,,,25.75,,,25.38,25.53,1.44,0.87,24.5,26.0,23.6,26.49,25.74,1.24,-0.26,45.37,42.71,72.76,12.3,-0.75,2.14,17.16,75.99,4461.0,4967.0,3975.0,4468.0,53.11,,,,46.13,1.0,9.0
SEAL PRB,SEAL-B,SEAL,NFF,,8.0,06/27/2025,10/15/2027,NONE,0.53,8.50%,,,-,-,,89.0,,,,,,25.86,,,25.43,25.67,1.68,0.73,23.92,26.75,22.9,27.44,25.85,1.93,-0.9,44.53,43.22,64.2,18.98,-1.59,2.95,25.64,70.69,6431.0,6242.0,2753.0,5142.0,53.11,,,,46.04,1.0,9.0
SNV PRD,SNV-D,SNV,FF,,8.0,06/13/2025,6/21/2023,NONE,0.5,6.30%,,,138.77,Regionalbank,,75.0,,,,,,25.17,,,24.98,25.14,0.75,0.11,23.51,25.75,23.45,25.8,25.09,1.58,-0.66,47.79,45.5,68.54,16.48,-0.71,1.64,16.76,79.26,11797.0,11579.0,13793.0,12390.0,52.22,,,,48.53,1.0,6.0
SNV PRE,SNV-E,SNV,FF,,8.0,06/13/2025,7/1/2024,NONE,0.53,5.88%,,,138.77,Regionalbank,,75.0,,,,,,25.92,,,25.68,25.81,0.94,0.41,24.21,26.86,19.83,26.86,25.83,1.62,-1.03,47.13,44.4,68.05,20.34,-1.03,6.0,19.99,50.72,33601.0,39306.0,20748.0,31218.0,52.22,,,,49.01,1.0,6.0
SOJF,SOJF,SO,,,12.0,06/13/2025,3/15/2030,3/15/2085,0.41,6.50%,,,1098.51,Utility,,75.0,,,,,,25.72,,,,,,,24.92,26.99,24.92,26.99,25.65,0.73,-1.34,52.18,51.93,79.09,23.58,-1.34,0.73,23.11,85.22,99985.0,47547.0,31155.0,59562.0,77.54,75.91,59.62,73.57,60.87,1.0,0.0
SPMA,SPMA,SPMC,,,8.0,05/15/2025,11/30/2026,11/30/2029,0.17,8.00%,,,20.27,Assetmanagement,,46.0,,,,,,25.06,,,,,,,23.67,25.2,23.67,25.2,24.98,1.31,-0.22,52.18,51.93,71.89,11.88,-0.22,1.31,11.82,81.42,11880.0,8762.0,5941.0,8861.0,46.28,,,,51.45,1.0,7.0
SPNT PRB,SPNT-B,SPNT,NFF,,9.0,05/15/2025,2/26/2026,NONE,0.5,8.00%,,,116.79,Insurance,,46.0,,,,,,25.36,,,25.21,25.35,0.59,0.05,24.75,25.78,24.31,25.78,25.12,0.37,-0.66,48.35,45.72,83.55,16.48,-0.66,0.81,16.25,84.7,17575.0,21132.0,9576.0,16094.0,57.11,,,,50.06,1.0,9.0
SSSSL,SSSSL,SSSS,,BB,8.0,06/13/2025,12/30/2024,12/30/2026,0.38,6.00%,24.75,23.35,23.55,Assetmanagement,,75.0,,,,,,24.74,1.39,-0.01,24.6,24.49,0.55,1.03,24.16,25.4,22.39,25.4,24.68,0.52,-0.72,48.49,42.12,81.69,17.1,-0.72,2.29,16.86,75.01,4092.0,1440.0,2262.0,2598.0,42.82,,,,44.97,1.0,1.0
SWKHL,SWKHL,SWKH,,BB,8.0,06/13/2025,Anytime,1/31/2027,0.56,9.00%,,24.8,12.27,Assetmanagement,,75.0,,,,,,25.5,0.7,,25.26,25.35,0.94,0.61,24.59,25.78,24.47,25.88,25.41,0.82,-0.37,47.13,43.66,77.97,13.45,-0.47,0.94,14.34,83.85,4969.0,8829.0,2428.0,5409.0,42.94,,,,45.24,1.0,1.0
SYF PRB,SYF-B,SYF,NFF,,8.0,08/04/2025,5/15/2029,NONE,0.52,8.25%,,,380.67,Creditservices,,37.0,,,,,,25.38,,,25.02,25.56,1.44,-0.72,23.3,26.71,23.3,26.71,25.07,1.77,-1.64,45.37,48.55,66.19,26.71,-1.64,1.77,26.14,78.41,52708.0,48997.0,41344.0,47683.0,58.92,44.36,86.37,89.7,52.33,1.0,5.0
TFC PRI,TFC-I,TFC,FLR,,11.5,08/08/2025,9/15/2011,NONE,0.32,4.00%,,,1308.21,Regionalbank,,41.0,,,,,,20.3,,,22.38,23.07,-9.3,-12.0,20.16,24.25,19.32,25.35,20.13,-0.03,-4.12,83.02,90.0,88.51,52.61,-5.22,0.81,62.26,84.7,11452.0,14190.0,19871.0,15171.0,63.01,40.74,46.06,71.47,82.76,1.0,3.0
TFINP,TFINP,TFIN,,,8.0,06/13/2025,6/30/2025,NONE,0.45,7.13%,25.47,19.2,23.50,Regionalbank,,75.0,,,,,,21.74,2.54,-3.73,21.81,22.58,-0.34,-3.71,20.26,24.4,18.25,24.4,21.66,1.4,-2.74,51.61,59.54,70.78,38.2,-2.74,3.41,37.24,67.68,2187.0,2476.0,1749.0,2137.0,35.48,,,,51.69,1.0,9.0
TFSA,TFSA,-,,,8.0,06/13/2025,2/10/2023,3/31/2026,0.44,7.00%,,,-,-,,75.0,,,,,,23.28,,,24.58,24.09,-5.27,-3.37,23.28,26.85,21.6,27.58,23.21,-0.07,-3.64,68.9,58.29,89.01,47.6,-4.37,1.61,53.68,79.46,508.0,451.0,386.0,448.0,53.11,,,,61.53,1.0,1.0
TPGXL,TPGXL,TPG,,BB,12.0,05/29/2025,3/15/2029,3/15/2064,0.43,6.95%,,,110.28,Assetmanagement,,60.0,,,,,,25.5,,,24.78,25.53,2.89,-0.11,23.53,26.33,23.53,27.0,25.36,1.83,-0.97,40.29,46.31,65.44,19.71,-1.64,1.83,26.14,78.02,16342.0,17116.0,20184.0,17881.0,54.89,,,,46.74,1.0,0.0
TRINI,TRINI,TRIN,,BB,8.0,06/12/2025,9/30/2026,9/30/2029,0.49,7.88%,,,64.65,Assetmanagement,,74.0,,,,,,25.18,,,,,,,24.66,25.65,24.05,26.88,25.09,0.43,-0.56,52.18,51.93,82.81,15.43,-1.79,1.04,27.65,83.19,16711.0,21969.0,5818.0,14832.0,48.16,,,,52.2,1.0,8.0
TRTN PRA,TRTN-A,-,,,9.0,06/09/2025,3/15/2024,NONE,0.53,8.50%,26.49,25.0,-,-,,71.0,,,,,,25.22,0.21,-1.28,25.34,25.64,-0.51,-1.68,23.96,26.25,23.96,26.83,25.1,1.14,-1.15,52.21,52.08,74.0,21.59,-1.73,1.14,27.05,82.54,4645.0,5569.0,3320.0,4511.0,53.11,,,,52.62,1.0,8.0
TRTN PRB,TRTN-B,-,,,9.0,06/09/2025,9/15/2024,NONE,0.5,8.00%,26.63,23.67,-,-,,71.0,,,,,,24.67,1.0,-1.96,24.7,25.09,-0.1,-1.67,22.75,25.7,22.75,25.95,24.56,1.81,-1.14,50.77,52.04,65.69,21.49,-1.39,1.81,23.62,78.15,6898.0,8539.0,9884.0,8441.0,53.11,,,,52.27,1.0,9.0
TRTN PRC,TRTN-C,-,,,9.0,06/09/2025,12/15/2024,NONE,0.46,7.38%,26.1,22.32,-,-,,71.0,,,,,,23.8,1.48,-2.3,23.37,24.36,1.86,-2.31,21.93,25.43,21.93,26.17,23.7,1.77,-1.73,43.9,54.39,66.19,27.65,-2.47,1.77,34.51,78.41,10336.0,11722.0,12024.0,11361.0,53.11,,,,50.65,1.0,5.0
TRTN PRF,TRTN-F,-,,,9.0,06/09/2025,3/15/2030,NONE,0.48,7.63%,,,-,-,,71.0,,,,,,24.47,,,,,,,23.2,25.35,23.2,25.35,24.37,1.17,-0.98,52.18,51.93,73.63,19.82,-0.98,1.17,19.48,82.34,26106.0,25074.0,7030.0,19403.0,53.11,,,,53.48,1.0,7.0
TVC,TVC,GOOGL,,,19.5,05/30/2025,,6/1/2028,0.13,2.13%,,,9990.00,-,,61.0,,,,,,23.6,,,23.51,23.06,0.38,2.34,22.53,25.33,21.0,25.33,23.56,1.03,-1.77,49.09,37.3,75.36,28.07,-1.77,2.56,27.45,73.24,18422.0,17336.0,17984.0,17914.0,88.92,,,,53.46,1.0,0.0
TVE,TVE,GOOGL,,,19.5,07/28/2025,,5/1/2029,0.14,2.22%,,,9990.00,-,,30.0,,,,,,23.2,,,23.19,22.64,0.06,2.46,22.11,25.3,20.72,25.3,23.11,1.0,-2.19,50.21,36.86,75.74,32.45,-2.19,2.39,31.69,74.35,14760.0,14720.0,14146.0,14542.0,88.92,,,,53.52,1.0,0.0
TWO PRA,TWO-A,TWO,NFF,,8.0,07/10/2025,4/26/2027,NONE,0.51,8.13%,,,103.74,Reit,,12.0,,,,,,23.19,,,23.67,24.07,-2.03,-3.66,21.52,25.2,18.85,25.39,22.75,1.23,-2.45,57.54,59.35,72.88,35.17,-2.64,3.9,36.23,64.47,7453.0,9814.0,13832.0,10366.0,37.96,,,,55.0,1.0,2.0
TWO PRB,TWO-B,TWO,NFF,,8.0,07/10/2025,7/27/2027,NONE,0.48,7.63%,,,103.74,Reit,,12.0,,,,,,22.64,,,23.14,23.57,-2.16,-3.96,21.27,25.27,17.9,25.43,22.22,0.95,-3.05,57.99,60.45,76.36,41.44,-3.21,4.32,41.98,61.72,10876.0,11740.0,15739.0,12785.0,37.96,,,,55.77,1.0,2.0
TWO PRC,TWO-C,TWO,FF,,8.0,07/10/2025,1/27/2025,NONE,0.6,7.25%,,,103.74,Reit,,12.0,,,,,,23.75,,,24.21,24.42,-1.89,-2.75,22.25,25.2,18.55,25.2,23.23,0.98,-1.97,57.05,56.01,75.98,30.16,-1.97,4.68,29.47,59.36,22892.0,28347.0,22435.0,24558.0,37.96,,,,54.35,1.0,2.0
UCB PRI,UCB-I,UCB,,,8.0,05/29/2025,9/15/2025,NONE,0.43,6.88%,,,119.46,Regionalbank,,60.0,,,,,,24.53,,,24.43,24.51,0.37,0.05,23.5,25.34,20.15,25.34,24.38,0.88,-0.96,49.12,45.72,77.22,19.61,-0.96,4.23,19.28,62.31,5723.0,5926.0,8036.0,6562.0,48.29,,,,48.0,1.0,6.0
UMH PRD,UMH-D,UMH,,,8.0,05/15/2025,1/22/2023,NONE,0.4,6.38%,25.57,20.85,83.91,Reit,,46.0,,,,,,22.09,1.24,-3.48,22.18,22.94,-0.42,-3.71,20.99,24.27,19.83,24.42,21.89,0.9,-2.38,51.89,59.54,76.98,34.44,-2.53,2.06,35.12,76.51,19661.0,17834.0,12685.0,16727.0,44.66,,,,54.55,1.0,9.0
USB PRH,USB-H,USB,FLR,,12.5,06/27/2025,4/15/2011,NONE,0.32,3.50%,,,1557.99,Regionalbank,,89.0,,,,,,20.24,,,21.47,21.88,-5.74,-7.49,18.91,24.0,17.67,24.0,20.24,1.33,-3.76,70.54,73.43,71.64,48.85,-3.76,2.57,47.53,73.18,61960.0,60280.0,63404.0,61881.0,67.88,40.89,64.27,77.35,75.03,1.0,5.0
VLYPN,VLYPN,VLY,NFF,,8.0,06/12/2025,9/30/2029,NONE,0.52,8.25%,,,559.85,Regionalbank,,74.0,,,,,,25.15,,,,,,,23.75,26.82,23.75,26.88,25.06,1.31,-1.76,52.18,51.93,71.89,27.96,-1.82,1.31,27.96,81.42,12902.0,12509.0,10475.0,11962.0,46.27,,,,51.64,1.0,0.0
VLYPO,VLYPO,VLY,FF,,8.0,06/13/2025,9/30/2022,NONE,0.52,5.50%,,,559.85,Regionalbank,,75.0,,,,,,24.72,,,24.8,24.8,-0.31,-0.31,22.73,25.77,20.04,26.01,24.63,1.9,-1.14,51.51,47.04,64.57,21.49,-1.38,4.59,23.52,59.95,5997.0,6651.0,7494.0,6714.0,46.27,,,,49.09,1.0,6.0
VOYA PRB,VOYA-B,VOYA,NFF,,10.0,05/27/2025,9/15/2029,NONE,0.33,5.35%,,,96.09,Financialconglomerates,,58.0,,,,,,24.25,,,24.11,24.63,0.6,-1.54,22.81,26.63,19.83,26.63,24.13,1.32,-2.5,48.32,51.56,71.77,35.69,-2.5,4.3,34.82,61.85,17648.0,15621.0,13412.0,15560.0,55.3,,,,51.98,1.0,5.0
WAL PRA,WAL-A,WAL,NFF,,8.0,06/13/2025,9/30/2026,NONE,0.27,4.25%,,,110.43,Regionalbank,,75.0,,,,,,22.05,,,21.79,20.98,1.21,5.09,19.57,23.0,13.8,23.0,22.0,2.43,-1.0,46.18,27.2,58.0,20.03,-1.0,8.2,19.68,36.32,41652.0,35735.0,27610.0,34999.0,48.05,,,,41.15,1.0,11.0
WBS PRG,WBS-G,WBS,,,10.0,06/30/2025,4/15/2018,NONE,0.41,6.50%,25.24,20.25,168.44,Regionalbank,,2.0,,,,,,23.35,3.1,-1.89,23.22,23.62,0.54,-1.16,21.26,25.26,18.12,25.26,22.95,1.69,-2.31,48.53,50.17,67.18,33.71,-2.31,4.83,32.9,58.38,8565.0,6880.0,5947.0,7131.0,57.82,46.84,64.42,83.4,51.49,1.0,6.0
WHFCL,WHFCL,WHF,,BB,8.0,05/28/2025,9/15/2025,9/15/2028,0.49,7.88%,,24.85,23.24,Assetmanagement,,59.0,,,,,,25.11,0.26,,25.28,25.33,-0.65,-0.88,25.0,25.7,24.54,27.41,24.94,-0.06,-0.76,52.7,49.14,88.88,17.52,-2.47,0.4,34.51,87.38,2199.0,2606.0,3245.0,2684.0,40.24,,,,48.95,1.0,1.0
WSBCP,WSBCP,WSBC,NFF,,8.0,07/28/2025,11/15/2025,NONE,0.42,6.75%,,,95.79,Regionalbank,,30.0,,,,,,25.29,,,25.15,25.07,0.54,0.87,24.42,25.6,22.0,25.6,25.01,0.59,-0.59,48.53,42.71,80.82,15.74,-0.59,3.01,15.55,70.29,9948.0,11642.0,30385.0,17325.0,48.56,,,,47.29,1.0,6.0
XOMAP,XOMAP,XOMA,,,8.0,06/30/2025,12/15/2021,NONE,0.54,8.63%,25.92,22.76,11.95,Biotechnology,,2.0,,,,,,25.66,2.9,-0.26,25.7,25.68,-0.16,-0.09,24.96,26.51,21.4,26.51,25.13,0.17,-1.38,50.98,46.23,86.03,23.99,-1.38,3.73,23.52,65.58,1060.0,1042.0,431.0,845.0,38.6,,,,46.66,1.0,1.0
