PREF IBKR,CMON,BOND_,CRDT SCORE_,EX-DIV DATE,CALL DATE,MATUR DATE,DIV AMOUNT,COUPON,Aug2022_Price,Oct19_Price,CGRUP,Last Price,Oct19_diff,Aug2022_diff,SMA88,SMA268,SMA88 chg,SMA268 chg,6M Low,6M High,1Y Low,1Y High,TIME TO DIV,Div adj.price,6M_Low_diff,6M_High_diff,SMA88_chg_norm,SMA268_chg_norm,6M_Low_diff_norm,6M_High_diff_norm,Aug4_chg,Oct19_chg,Aug4_chg_norm,Oct19_chg_norm,1Y_High_diff,1Y_Low_diff,1Y_High_diff_norm,1Y_Low_diff_norm,ADV_6M,ADV_3M,ADV_15D,AVG_ADV,SOLIDITY_SCORE,CUR_YIELD,FINAL_THG,SOLIDITY_WEIGHT_USED,YIELD_WEIGHT_USED,Group
ACGLN,ACGL,,12,12/13/2024,,,0.28,4.55,21.7,16.62,c450,17.15,0.53,-4.55,17.36,18.86,-1.18,-9.07,16.44,20.99,16.44,21.22,73.0,17.1,0.66,-3.89,52.55,67.24,70.3,52.75,-4.6,0.48,61.13,68.17,-4.12,0.66,54.07,82.74,33071.0,32833.0,35307.0,33737.0,66.99,0.0665,436.58,1.12,2103.86,9
ACGLO,ACGL,,11.5,12/13/2024,,,0.34,5.45,24.93,19.34,c550,20.7,1.36,-4.23,20.76,22.07,-0.31,-6.19,19.99,23.82,19.2,24.5,73.0,20.64,0.65,-3.18,48.32,55.14,70.53,43.46,-4.29,1.3,58.43,60.83,-3.86,1.44,50.66,74.98,19885.0,18509.0,14436.0,17610.0,66.99,0.066,411.62,1.12,2103.86,9
ACP PRA,ACP,,15,12/16/2024,,,0.33,5.25,24.61,21.47,c525,20.6,-0.87,-4.01,21.36,22.9,-3.54,-10.06,20.05,25.0,19.65,26.33,76.0,20.55,0.5,-4.45,64.01,71.4,74.09,60.07,-4.06,-0.92,56.43,80.69,-5.78,0.9,75.84,80.35,2037.0,1795.0,1978.0,1936.0,56.09,0.0639,443.27,1.12,2103.86,11
ADC PRA,ADC,,11,10/22/2024,,,0.27,4.25,20.92,15.83,c425,16.95,1.12,-3.97,17.43,18.46,-2.74,-8.18,16.91,21.94,15.71,21.94,21.0,16.74,-0.17,-5.2,60.13,63.5,90.0,69.87,-4.18,0.91,57.48,64.32,-5.2,1.03,68.23,79.05,15340.0,11999.0,9936.0,12425.0,65.32,0.0635,443.98,1.12,2103.86,5
AEFC,AEG,BB,12.5,11/29/2024,12/15/2024,,0.32,5.1,24.32,18.56,c500,19.72,1.16,-4.6,20.03,21.03,-1.53,-6.22,18.61,22.7,18.24,22.9,59.0,19.61,1.0,-3.09,54.25,55.27,62.23,42.29,-4.71,1.05,62.09,63.06,-3.29,1.37,43.18,75.67,37485.0,43497.0,34566.0,38516.0,35.76,0.065,373.93,1.12,2103.86,9
AFGC,AFG,BB,11.5,11/29/2024,,,0.32,5.13,26.22,18.46,c500,19.02,0.56,-7.2,19.12,20.71,-0.5,-8.15,18.01,23.42,18.01,23.42,59.0,18.91,0.9,-4.51,49.25,63.38,64.6,60.85,-7.31,0.45,84.7,68.43,-4.51,0.9,59.18,80.35,6187.0,5388.0,7524.0,6366.0,64.8,0.0678,437.24,1.12,2103.86,2
AFGD,AFG,BB,11.5,11/15/2024,,,0.35,5.63,25.56,20.36,c550,20.47,0.11,-5.09,20.75,22.71,-1.35,-9.86,18.19,25.37,18.19,25.61,45.0,20.29,2.1,-5.08,53.38,70.56,36.11,68.3,-5.27,-0.07,66.96,73.09,-5.32,2.1,69.8,68.41,7274.0,7007.0,6548.0,6943.0,64.8,0.0694,439.29,1.12,2103.86,5
AGM PRD,AGM,,NR,12/27/2024,,,0.36,5.7,25.28,21.04,c550,21.41,0.37,-3.87,21.97,22.88,-2.54,-6.41,20.92,24.86,20.26,25.7,87.0,21.4,0.48,-3.46,59.16,56.07,74.57,47.12,-3.88,0.36,54.87,69.24,-4.3,1.14,56.43,77.96,4367.0,4428.0,6988.0,5261.0,50.74,0.0666,410.1,1.12,2103.86,5
AGM PRE,AGM,,NR,12/27/2024,,,0.36,5.75,24.9,21.55,c550,21.57,0.02,-3.33,22.03,23.0,-2.09,-6.22,21.25,24.4,20.31,24.93,87.0,21.56,0.31,-2.84,56.97,55.27,78.61,39.02,-3.34,0.01,50.17,72.37,-3.37,1.25,44.23,76.87,3635.0,1923.0,2617.0,2725.0,50.74,0.0667,402.32,1.12,2103.86,11
AGM PRF,AGM,,NR,12/27/2024,,,0.33,5.25,22.5,19.9,c525,19.44,-0.46,-3.06,20.29,21.17,-4.18,-8.19,19.26,23.34,17.82,23.99,87.0,19.43,0.17,-3.91,67.12,63.54,81.93,53.01,-3.07,-0.47,47.83,76.67,-4.56,1.61,59.84,73.28,9180.0,8152.0,9428.0,8920.0,50.74,0.0676,428.75,1.12,2103.86,3
AGM PRG,AGM,,NR,12/27/2024,,,0.3,4.88,21.8,18.2,c475,18.27,0.07,-3.53,18.89,19.79,-3.3,-7.69,17.88,22.15,17.16,22.37,87.0,18.26,0.38,-3.89,62.85,61.44,76.94,52.75,-3.54,0.06,51.91,71.92,-4.11,1.1,53.93,78.36,9043.0,8225.0,11870.0,9713.0,50.74,0.0668,420.01,1.12,2103.86,1
AHH PRA,AHH,,NR,1/2/2025,,,0.42,6.75,26.43,20.5,c675,21.81,1.32,-4.61,21.94,22.47,-0.53,-2.9,19.88,24.93,19.52,25.76,3.0,21.41,1.53,-3.52,49.39,41.33,49.64,47.91,-5.02,0.91,64.78,64.32,-4.35,1.89,57.08,70.5,8170.0,5522.0,3627.0,5773.0,35.81,0.0788,388.69,1.12,2103.86,5
AIZN,AIZ,BB,10,12/27/2024,,,0.33,5.25,24.0,17.74,c525,20.34,2.6,-3.66,19.66,20.92,3.44,-2.78,18.01,23.14,17.7,23.14,87.0,20.33,2.32,-2.81,30.11,40.82,30.89,38.63,-3.67,2.59,53.04,49.28,-2.81,2.63,36.89,63.13,11875.0,13182.0,11776.0,12278.0,63.28,0.0646,350.64,1.12,2103.86,1
ALL PRH,ALL,,12,12/27/2024,,,0.32,5.1,24.78,18.74,c500,20.87,2.13,-3.91,21.08,22.21,-1.0,-6.04,19.37,24.85,18.38,24.97,87.0,20.86,1.49,-3.99,51.68,54.51,50.59,54.05,-3.92,2.12,55.22,53.49,-4.11,2.48,53.93,64.63,86243.0,72306.0,75646.0,78065.0,75.57,0.0611,402.94,1.12,2103.86,9
ALL PRI,ALL,,12,12/27/2024,,,0.3,4.75,24.92,17.85,c475,19.45,1.6,-5.47,19.57,20.87,-0.62,-6.81,18.56,23.45,17.5,24.49,87.0,19.44,0.88,-4.01,49.83,57.75,65.07,54.31,-5.48,1.59,68.78,58.23,-5.05,1.94,66.26,70.0,23508.0,20730.0,26601.0,23613.0,75.57,0.0611,420.39,1.12,2103.86,10
AMH PRG,AMH,,9,12/13/2024,,,0.37,5.88,25.47,21.43,c575,22.77,1.34,-2.7,23.07,23.41,-1.29,-2.75,21.76,25.16,21.1,25.34,73.0,22.7,0.94,-2.46,53.08,40.7,63.65,34.05,-2.77,1.27,45.22,61.1,-2.64,1.6,34.66,73.38,8130.0,9785.0,10658.0,9524.0,60.36,0.0648,377.33,1.12,2103.86,7
AMH PRH,AMH,,9,12/13/2024,,,0.39,6.25,25.85,22.38,c625,23.48,1.1,-2.37,24.12,24.32,-2.67,-3.45,22.7,25.49,21.74,26.25,73.0,23.41,0.71,-2.08,59.79,43.64,69.11,29.08,-2.44,1.03,42.35,63.24,-2.84,1.67,37.28,72.69,7882.0,7279.0,5991.0,7051.0,60.36,0.0667,388.99,1.12,2103.86,7
ASB PRE,ASB,,10,12/2/2024,,,0.37,5.88,25.1,16.77,c575,20.4,3.62,-4.71,20.46,21.35,-0.35,-4.49,19.25,23.74,16.2,23.75,62.0,20.27,1.02,-3.47,48.52,48.01,61.75,47.25,-4.83,3.5,63.13,41.14,-3.48,4.07,45.67,48.81,3685.0,2928.0,3848.0,3487.0,55.06,0.0725,385.57,1.12,2103.86,1
ASB PRF,ASB,,10,12/2/2024,,,0.35,5.63,25.25,16.4,c550,19.3,2.9,-5.95,19.61,20.43,-1.6,-5.52,18.51,22.45,15.3,22.91,62.0,19.19,0.68,-3.26,54.59,52.33,69.82,44.51,-6.06,2.79,73.83,47.49,-3.72,3.89,48.82,50.6,5919.0,4723.0,3373.0,4672.0,55.06,0.0733,402.44,1.12,2103.86,1
ATH PRB,-,,11,12/13/2024,,,0.35,5.63,25.26,18.0,c550,19.8,1.8,-5.46,19.71,21.1,0.43,-6.18,18.34,23.53,16.66,23.53,73.0,19.73,1.39,-3.8,44.73,55.1,52.97,51.57,-5.53,1.73,69.22,56.98,-3.8,3.07,49.87,58.76,21477.0,21218.0,19488.0,20727.0,44.05,0.0713,385.12,1.12,2103.86,10
ATH PRD,-,,11,12/13/2024,,,0.3,4.88,21.69,15.24,c475,16.89,1.65,-4.8,17.06,18.31,-0.97,-7.75,15.86,20.61,15.19,20.61,73.0,16.83,0.97,-3.78,51.53,61.7,62.94,51.31,-4.86,1.59,63.39,58.23,-3.78,1.64,49.61,72.99,46850.0,43301.0,47488.0,45880.0,44.05,0.0725,406.34,1.12,2103.86,8
AXS PRE,AXS,,11.5,12/26/2024,,,0.34,5.5,24.04,19.26,c550,20.42,1.16,-3.62,20.54,21.45,-0.59,-4.82,19.45,23.21,18.77,23.66,86.0,20.4,0.95,-2.81,49.68,49.39,63.41,38.63,-3.64,1.14,52.78,62.26,-3.26,1.63,42.79,73.08,31353.0,28635.0,27234.0,29074.0,67.35,0.0674,402.35,1.12,2103.86,9
BAC PRB,BAC,,11,10/29/2024,6/16/2023,,0.38,6.0,25.69,23.02,c600,24.87,1.85,-0.82,24.73,25.05,0.56,-0.71,24.04,25.63,22.3,25.63,28.0,24.61,0.57,-1.02,44.1,32.13,72.43,15.23,-1.08,1.59,30.52,58.23,-1.02,2.31,13.41,66.32,80844.0,92816.0,136655.0,103438.0,78.04,0.061,358.61,1.12,2103.86,4
BAC PRK,BAC,,11,1/2/2025,,,0.37,5.88,25.68,22.0,c575,24.46,2.46,-1.22,24.26,24.76,0.81,-1.2,23.35,25.32,21.51,25.43,3.0,24.1,0.75,-1.22,42.88,34.19,68.16,17.84,-1.58,2.1,34.87,53.67,-1.33,2.59,17.48,63.53,51814.0,55015.0,70449.0,59093.0,78.04,0.061,358.68,1.12,2103.86,4
BAC PRM,BAC,,11,12/2/2024,,,0.34,5.38,25.18,20.7,c525,21.78,1.08,-3.4,22.11,23.13,-1.5,-5.82,20.83,24.88,20.54,24.88,62.0,21.67,0.84,-3.21,54.1,53.59,66.02,43.86,-3.51,0.97,51.65,63.78,-3.21,1.13,42.13,78.06,90513.0,82259.0,113292.0,95355.0,78.04,0.0621,414.5,1.12,2103.86,2
BAC PRN,BAC,,11,12/2/2024,,,0.31,5.0,23.9,19.25,c500,20.38,1.13,-3.52,20.53,21.71,-0.72,-6.14,19.37,23.86,19.0,24.04,62.0,20.28,0.91,-3.58,50.32,54.93,64.36,48.69,-3.62,1.03,52.61,63.24,-3.76,1.28,49.34,76.57,108347.0,102306.0,157451.0,122702.0,78.04,0.0616,415.39,1.12,2103.86,2
BAC PRP,BAC,,11,10/15/2024,,,0.26,4.12,20.8,15.57,c400,16.89,1.32,-3.91,17.05,18.16,-0.94,-6.97,16.17,20.0,15.4,20.58,14.0,16.67,0.5,-3.33,51.38,58.42,74.09,45.42,-4.13,1.1,57.04,62.62,-3.91,1.27,51.31,76.67,68978.0,63597.0,83404.0,71993.0,78.04,0.0618,423.15,1.12,2103.86,2
BAC PRQ,BAC,,11,11/1/2024,,,0.27,4.25,20.46,16.11,c425,17.34,1.23,-3.12,17.48,18.58,-0.82,-6.68,16.56,20.51,15.98,21.0,31.0,17.16,0.6,-3.35,50.8,57.2,71.72,45.69,-3.3,1.05,49.83,63.06,-3.84,1.18,50.39,77.56,106481.0,107420.0,133213.0,115705.0,78.04,0.0619,420.11,1.12,2103.86,2
BAC PRS,BAC,,11,11/1/2024,,,0.3,4.75,22.49,18.24,c475,,1.1,-3.15,19.56,20.79,-1.1,-6.97,18.55,23.05,17.82,23.44,31.0,19.14,0.59,-3.91,52.16,58.42,71.96,53.01,-3.35,0.9,50.26,64.41,-4.3,1.32,56.43,76.17,47421.0,39513.0,56478.0,47804.0,78.04,0.062,426.93,1.12,2103.86,2
BCV PRA,BCV,,16,12/16/2024,,,0.34,5.39,24.69,22.15,c525,21.76,-0.39,-2.93,22.19,22.92,-1.92,-5.07,21.51,24.71,21.51,25.26,76.0,21.71,0.2,-3.0,56.14,50.44,81.22,41.11,-2.98,-0.44,47.04,76.4,-3.55,0.2,46.59,87.31,1612.0,1503.0,614.0,1243.0,59.61,0.0621,405.35,1.12,2103.86,0
BFS PRD,BFS,,NR,12/27/2024,,,0.38,6.13,24.15,19.3,c625,20.93,1.63,-3.22,20.98,21.46,-0.24,-2.48,19.3,23.76,19.01,23.95,87.0,20.92,1.62,-2.84,47.98,39.56,47.51,39.02,-3.23,1.62,49.22,57.96,-3.03,1.91,39.77,70.3,3324.0,2441.0,677.0,2147.0,44.2,0.0733,369.29,1.12,2103.86,11
BFS PRE,BFS,,NR,12/27/2024,,,0.38,6.0,24.6,18.93,c600,21.55,2.62,-3.05,20.83,21.45,3.45,0.47,18.34,24.06,18.34,24.49,87.0,21.54,3.2,-2.52,30.06,27.18,10.0,34.84,-3.06,2.61,47.74,49.11,-2.95,3.2,38.72,57.46,4223.0,3916.0,1950.0,3363.0,44.2,0.0696,316.13,1.12,2103.86,3
BHFAL,BHF,BB,10.5,12/2/2024,9/15/2023,,0.39,6.25,26.35,20.69,c625,19.3,-1.39,-7.05,20.62,22.57,-6.39,-14.49,19.05,25.47,19.05,25.47,62.0,19.18,0.13,-6.29,77.86,90.0,82.88,84.12,-7.17,-1.51,83.48,85.97,-6.29,0.13,82.52,88.01,19681.0,19960.0,19296.0,19646.0,59.64,0.0815,532.82,1.12,2103.86,1
BHFAM,BHF,,10.5,12/6/2024,,,0.29,4.63,21.13,13.35,c450,13.31,-0.04,-7.82,14.61,16.07,-8.89,-17.17,13.08,18.88,13.03,18.95,66.0,13.23,0.15,-5.65,90.0,35.58,82.4,75.75,-7.9,-0.12,89.83,73.53,-5.72,0.2,75.05,87.31,34251.0,25972.0,32136.0,30786.0,58.47,0.0875,493.5,1.12,2103.86,8
BHFAN,BHF,,10,12/6/2024,,,0.34,5.38,22.69,15.27,c525,14.86,-0.41,-7.83,16.25,18.24,-8.54,-18.55,14.54,21.47,14.54,21.63,66.0,14.77,0.23,-6.7,88.3,35.58,80.5,89.48,-7.92,-0.5,90.0,76.94,-6.86,0.23,90.0,87.01,61802.0,59891.0,62539.0,61411.0,58.47,0.0911,510.44,1.12,2103.86,8
BOH PRA,BOH,,12,10/17/2024,8/1/2026,,0.27,4.38,20.44,13.05,c425,15.71,2.66,-4.73,15.63,16.53,0.49,-4.94,14.51,19.1,12.86,19.24,16.0,15.49,0.98,-3.61,44.44,49.9,62.7,49.08,-4.95,2.44,64.17,50.63,-3.75,2.63,49.21,63.13,8946.0,6478.0,6744.0,7389.0,54.66,0.0707,392.08,1.12,2103.86,8
BWBBP,BWB,,NR,11/11/2024,8/17/2026,,0.37,5.88,23.52,16.57,c575,18.52,1.95,-5.0,18.87,19.1,-1.87,-3.04,18.1,21.4,15.25,22.0,41.0,18.32,0.22,-3.08,55.9,41.92,80.74,42.16,-5.2,1.75,66.35,56.8,-3.68,3.07,48.3,58.76,2900.0,1887.0,2185.0,2324.0,47.69,0.0802,408.08,1.12,2103.86,11
CADE PRA,CADE,,NR,11/1/2024,11/20/2024,,0.34,5.5,24.16,16.69,c550,20.67,3.98,-3.49,20.91,21.19,-1.16,-2.43,19.6,23.22,16.13,23.49,31.0,20.45,0.85,-2.77,52.45,39.35,65.79,38.1,-3.71,3.76,53.39,38.81,-3.04,4.32,39.9,46.32,9878.0,11125.0,10303.0,10436.0,30.27,0.0672,333.9,1.12,2103.86,1
CFG PRE,CFG,,10,12/18/2024,,,0.31,5.0,22.34,16.2,c500,18.93,2.73,-3.41,19.26,20.3,-1.69,-6.74,17.99,22.68,15.17,23.38,78.0,18.89,0.9,-3.79,55.03,57.45,64.6,51.44,-3.45,2.69,51.13,48.39,-4.49,3.72,58.92,52.29,32735.0,29195.0,26352.0,29427.0,59.63,0.0662,398.66,1.12,2103.86,8
CFR PRB,CFR,,11.5,11/27/2024,,,0.28,4.45,21.8,15.89,c450,17.25,1.36,-4.55,17.39,18.64,-0.8,-7.45,16.34,21.7,15.6,22.15,57.0,17.15,0.81,-4.55,50.7,60.44,66.74,61.37,-4.65,1.26,61.57,61.19,-5.0,1.55,65.61,73.88,9482.0,8719.0,8014.0,8738.0,61.35,0.0649,419.56,1.12,2103.86,1
CIM PRA,CIM,,NR,12/11/2024,10/21/2021,,0.5,8.0,22.82,18.15,c775,22.03,3.88,-0.79,21.75,22.62,1.27,-2.62,19.85,24.56,17.33,24.56,71.0,21.92,2.07,-2.64,40.65,40.15,36.82,36.41,-0.9,3.77,28.96,38.72,-2.64,4.59,34.66,43.63,9058.0,10246.0,8230.0,9178.0,18.67,0.0912,347.05,1.12,2103.86,5
CMSC,CMS,BB,11.5,12/27/2024,10/15/2023,,0.37,5.88,25.19,21.74,c575,22.53,0.79,-2.66,22.48,23.72,0.24,-5.04,21.28,25.03,21.28,25.36,87.0,22.52,1.24,-2.51,45.65,50.31,56.53,34.71,-2.67,0.78,44.35,65.48,-2.84,1.24,37.28,76.97,31497.0,43971.0,99901.0,58456.0,68.59,0.0653,393.22,1.12,2103.86,4
CNO PRA,CNO,BB,NR,11/15/2024,11/25/2025,,0.32,5.13,22.08,14.95,c500,17.41,2.46,-4.67,18.3,19.77,-4.84,-11.92,16.54,22.0,14.64,22.53,45.0,17.25,0.71,-4.75,70.33,79.21,69.11,63.99,-4.83,2.3,63.13,51.88,-5.28,2.61,69.28,63.33,1567.0,1319.0,1334.0,1407.0,53.69,0.0743,455.28,1.12,2103.86,3
COF PRI,COF,,10,11/13/2024,,,0.31,5.0,23.21,16.12,c500,19.04,2.92,-4.17,19.04,19.93,0.02,-4.48,17.75,21.83,15.65,22.04,43.0,18.88,1.13,-2.95,46.72,47.96,59.14,40.46,-4.33,2.76,58.78,47.76,-3.16,3.23,41.48,57.16,104561.0,94219.0,101874.0,100218.0,74.36,0.0662,392.95,1.12,2103.86,10
COF PRJ,COF,,10,11/13/2024,,,0.3,4.8,21.9,15.54,c475,17.95,2.41,-3.95,18.2,19.02,-1.38,-5.64,16.97,20.72,15.05,20.85,43.0,17.79,0.82,-2.93,53.52,52.83,66.5,40.2,-4.11,2.25,56.87,52.33,-3.06,2.74,40.16,62.04,100287.0,90939.0,80786.0,90671.0,74.36,0.0675,409.37,1.12,2103.86,10
COF PRK,COF,,10,11/13/2024,,,0.29,4.63,22.17,14.99,c450,17.5,2.51,-4.67,17.59,18.73,-0.52,-6.55,16.46,20.85,14.64,21.07,43.0,17.35,0.89,-3.5,49.34,56.66,64.84,47.65,-4.82,2.36,63.04,51.34,-3.72,2.71,48.82,62.34,9192.0,9169.0,10897.0,9753.0,74.36,0.0667,414.57,1.12,2103.86,10
COF PRL,COF,,10,11/13/2024,,,0.27,4.38,20.06,13.84,c425,16.61,2.77,-3.45,16.62,17.73,-0.07,-6.32,15.42,20.14,13.57,20.16,43.0,16.47,1.05,-3.67,47.16,55.69,61.04,49.87,-3.59,2.63,52.35,48.93,-3.69,2.9,48.43,60.45,46742.0,42724.0,36489.0,41985.0,74.36,0.0665,407.83,1.12,2103.86,10
COF PRN,COF,,10,11/13/2024,,,0.27,4.25,19.94,13.68,c425,16.55,2.87,-3.39,16.39,17.28,0.97,-4.23,15.15,19.72,13.26,19.81,43.0,16.41,1.26,-3.31,42.11,46.91,56.05,45.16,-3.53,2.73,51.83,48.03,-3.4,3.15,44.62,57.96,33541.0,26085.0,21243.0,26957.0,74.36,0.0647,386.95,1.12,2103.86,10
CUBB,CUBI,BB,NR,12/13/2024,,,0.34,5.38,23.56,18.75,c525,19.75,1.0,-3.81,19.86,19.99,-0.54,-1.2,18.3,21.85,16.89,22.0,73.0,19.69,1.39,-2.16,49.44,34.19,52.97,30.13,-3.87,0.94,54.78,64.05,-2.31,2.8,30.33,61.44,2185.0,2752.0,1207.0,2048.0,45.65,0.0683,351.16,1.12,2103.86,11
DCOMP,DCOM,,8,11/5/2024,2/15/2025,,0.34,5.5,22.38,14.51,c550,18.28,3.76,-4.11,18.74,19.02,-2.5,-3.96,17.05,20.75,14.26,21.44,35.0,18.06,1.01,-2.69,58.96,45.78,61.99,37.06,-4.32,3.55,58.7,40.69,-3.38,3.8,44.36,51.49,5677.0,4303.0,5740.0,5240.0,24.03,0.0761,358.91,1.12,2103.86,3
DLR PRJ,DLR,,10.5,12/13/2024,,,0.33,5.25,25.38,19.55,c525,20.97,1.41,-4.42,21.11,22.19,-0.72,-5.55,20.02,24.63,19.06,24.63,73.0,20.9,0.88,-3.73,50.32,52.46,65.07,50.65,-4.48,1.35,60.09,60.38,-3.73,1.84,48.95,71.0,12720.0,10598.0,7168.0,10162.0,71.01,0.0628,406.65,1.12,2103.86,2
DLR PRK,DLR,,10.5,12/13/2024,,,0.37,5.88,26.4,22.0,c575,23.36,1.36,-3.04,23.37,24.17,-0.05,-3.33,22.1,25.41,21.4,25.61,73.0,23.29,1.19,-2.12,47.06,43.13,57.72,29.61,-3.11,1.29,48.17,60.92,-2.32,1.89,30.46,70.5,13232.0,14167.0,10693.0,12697.0,71.01,0.0631,378.4,1.12,2103.86,2
DLR PRL,DLR,,10.5,12/13/2024,,,0.33,5.2,25.37,19.32,c525,20.12,0.8,-5.25,20.49,21.78,-1.8,-7.61,19.61,24.26,19.01,24.45,73.0,20.06,0.45,-4.2,55.56,61.11,75.28,56.8,-5.31,0.74,67.3,65.84,-4.39,1.05,57.61,78.86,19672.0,21987.0,20040.0,20566.0,71.01,0.0648,436.88,1.12,2103.86,2
DTB,DTE,BB,11.5,12/27/2024,,,0.27,4.38,22.29,17.3,c425,17.51,0.21,-4.78,17.71,19.14,-1.12,-8.52,16.93,21.71,16.93,22.65,87.0,17.5,0.57,-4.21,52.26,64.93,72.43,56.93,-4.79,0.2,62.78,70.67,-5.15,0.57,67.57,83.63,15694.0,13002.0,17521.0,15406.0,73.05,0.0626,441.31,1.12,2103.86,10
DTG,DTE,BB,11.5,11/15/2024,,,0.27,4.38,20.89,17.32,c425,17.23,-0.09,-3.66,17.62,19.19,-2.22,-10.2,16.71,22.05,16.71,22.25,45.0,17.09,0.38,-4.96,57.6,71.98,76.94,66.73,-3.8,-0.23,54.17,74.52,-5.16,0.38,67.7,85.52,22340.0,21985.0,17935.0,20753.0,73.05,0.0641,459.61,1.12,2103.86,9
DTW,DTE,BB,11.5,11/15/2024,12/1/2022,,0.33,5.25,25.42,20.88,c525,21.27,0.39,-4.15,21.6,22.85,-1.54,-6.92,20.55,25.11,20.42,25.17,45.0,21.11,0.56,-4.0,54.3,58.21,72.67,54.18,-4.31,0.23,58.61,70.4,-4.06,0.69,53.28,82.44,22281.0,15966.0,16561.0,18269.0,73.05,0.0622,428.45,1.12,2103.86,2
DUK PRA,DUK,,11,11/15/2024,,,0.36,5.75,26.49,22.91,c550,24.42,1.51,-2.07,24.79,24.97,-1.5,-2.21,24.06,25.59,22.71,25.66,45.0,24.24,0.18,-1.35,54.1,38.43,81.69,19.54,-2.25,1.33,40.7,60.56,-1.42,1.53,18.66,74.08,58524.0,59319.0,50080.0,55975.0,76.09,0.0593,376.91,1.12,2103.86,4
DUKB,DUK,BB,12,12/13/2024,,,0.35,5.63,26.08,21.93,c550,23.92,1.99,-2.16,24.51,24.72,-2.43,-3.24,23.3,25.46,21.8,25.5,73.0,23.85,0.55,-1.61,58.62,42.76,72.91,22.94,-2.23,1.92,40.52,55.28,-1.65,2.05,21.67,68.91,27745.0,28548.0,31894.0,29395.0,77.61,0.059,379.84,1.12,2103.86,4
ECF PRA,ECF,,16,12/16/2024,,,0.33,5.25,24.84,21.83,c525,21.76,-0.07,-3.08,21.88,22.5,-0.53,-3.28,20.21,24.36,20.21,24.43,76.0,21.71,1.5,-2.65,49.39,42.92,50.36,36.54,-3.13,-0.12,48.35,73.53,-2.72,1.5,35.7,74.38,1241.0,936.0,447.0,875.0,61.24,0.0605,370.64,1.12,2103.86,0
EFSCP,EFSC,,NR,11/27/2024,,,0.31,5.0,21.75,15.4,c500,19.76,4.36,-1.99,18.87,19.62,4.74,0.7,17.2,22.22,13.68,22.22,57.0,19.65,2.45,-2.57,23.79,26.21,27.8,35.49,-2.1,4.25,39.39,34.43,-2.57,5.97,33.74,29.9,2384.0,2106.0,1204.0,1898.0,49.82,0.0636,292.07,1.12,2103.86,11
ELC,ETR,BB,15,11/29/2024,,,0.3,4.88,25.3,20.02,c475,20.19,0.17,-5.11,20.57,21.61,-1.83,-6.58,19.86,23.43,19.86,23.45,59.0,20.09,0.23,-3.34,55.71,56.78,80.5,45.56,-5.21,0.07,66.43,71.83,-3.36,0.23,44.1,87.01,12365.0,10434.0,10722.0,11173.0,80.72,0.0607,433.71,1.12,2103.86,9
EMP,ETR,BB,14.5,12/27/2024,,,0.31,4.9,25.3,20.07,c475,20.62,0.55,-4.68,20.72,21.84,-0.49,-5.57,20.01,23.61,19.9,24.23,87.0,20.61,0.6,-3.0,49.2,52.54,71.72,41.11,-4.69,0.54,61.91,67.63,-3.62,0.71,47.51,82.24,11847.0,10946.0,9235.0,10676.0,80.72,0.0594,415.66,1.12,2103.86,9
ENJ,ETR,BB,14.5,11/29/2024,12/1/2017,,0.31,5.0,24.79,19.49,c500,20.3,0.81,-4.49,20.73,21.68,-2.07,-6.38,19.86,23.91,19.31,24.59,59.0,20.19,0.33,-3.72,56.87,55.94,78.13,50.52,-4.6,0.7,61.13,66.2,-4.4,0.88,57.74,80.55,1525.0,1304.0,1163.0,1330.0,80.72,0.0619,436.38,1.12,2103.86,11
ENO,ETR,BB,13,12/27/2024,,,0.34,5.5,25.4,20.75,c550,21.86,1.11,-3.54,22.0,23.02,-0.65,-5.04,21.21,25.26,20.5,25.32,87.0,21.85,0.64,-3.41,49.98,50.31,70.77,46.47,-3.55,1.1,52.0,62.62,-3.47,1.35,45.54,75.87,7465.0,8092.0,4777.0,6778.0,80.72,0.0629,416.3,1.12,2103.86,4
EQH PRA,EQH,,10.5,11/29/2024,,,0.33,5.25,23.77,17.79,c525,20.58,2.79,-3.19,20.4,21.62,0.86,-4.81,18.41,23.76,17.26,23.89,59.0,20.47,2.06,-3.29,42.64,49.35,37.06,44.9,-3.3,2.68,49.83,48.48,-3.42,3.21,44.89,57.36,47627.0,46975.0,50250.0,48284.0,66.3,0.0641,372.08,1.12,2103.86,9
EQH PRC,EQH,,10.5,11/29/2024,,,0.27,4.3,21.08,13.95,c425,17.24,3.29,-3.84,16.89,18.16,2.08,-5.07,15.83,20.02,13.35,20.69,59.0,17.15,1.32,-2.87,36.72,50.44,54.63,39.41,-3.93,3.2,55.3,43.83,-3.54,3.8,46.46,51.49,26749.0,33489.0,61185.0,40475.0,66.3,0.0627,368.32,1.12,2103.86,10
ETI PR,ETR,,10,12/30/2024,,,0.34,5.38,25.5,21.75,c525,22.79,1.04,-2.71,23.38,23.68,-2.52,-3.74,22.36,24.99,21.39,25.43,0.0,22.45,0.09,-2.54,59.06,44.86,83.83,35.1,-3.05,0.7,47.65,66.2,-2.98,1.06,39.11,78.76,1901.0,1476.0,1280.0,1552.0,79.13,0.0599,408.7,1.12,2103.86,7
F PRB,F,BB,9.5,11/12/2024,6/1/2024,,0.39,6.2,26.79,20.83,c625,21.5,0.67,-5.29,21.35,23.28,0.71,-7.64,19.85,25.39,19.85,25.64,42.0,21.29,1.44,-4.1,43.37,61.23,51.78,55.49,-5.5,0.46,68.96,68.34,-4.35,1.44,57.08,74.98,43765.0,45803.0,48778.0,46115.0,55.84,0.0728,420.12,1.12,2103.86,9
F PRC,F,BB,9,11/12/2024,12/1/2024,,0.38,6.0,25.99,20.49,c600,21.34,0.85,-4.65,20.94,22.9,1.9,-6.8,19.2,25.02,19.2,25.38,42.0,21.14,1.94,-3.88,37.59,57.71,39.91,52.61,-4.85,0.65,63.3,66.64,-4.24,1.94,55.64,70.0,46984.0,44923.0,32399.0,41435.0,55.84,0.071,400.4,1.12,2103.86,9
FBRT PRE,FBRT,,NR,12/27/2024,,,0.47,7.5,21.68,18.2,c750,21.1,2.9,-0.58,20.62,21.43,2.34,-1.56,19.05,23.65,18.03,23.65,87.0,21.08,2.03,-2.57,35.45,35.7,37.77,35.49,-0.6,2.88,26.35,46.69,-2.57,3.05,33.74,58.96,13477.0,11659.0,7211.0,10782.0,23.6,0.0889,348.86,1.12,2103.86,5
FCNCO,FCNCA,,9.5,11/27/2024,,,0.35,5.63,24.08,19.4,c550,23.26,3.86,-0.82,22.25,22.91,4.54,1.52,20.57,24.81,18.91,24.83,57.0,23.13,2.56,-1.68,24.77,22.77,25.19,23.86,-0.95,3.73,29.39,39.08,-1.7,4.22,22.33,47.31,12682.0,13862.0,23155.0,16566.0,59.36,0.0609,292.66,1.12,2103.86,1
FCNCP,FCNCA,,9.5,11/27/2024,,,0.34,5.38,23.66,18.85,c525,21.6,2.75,-2.06,21.36,22.32,1.14,-3.21,19.3,24.42,18.69,24.42,57.0,21.48,2.18,-2.94,41.28,42.63,34.21,40.33,-2.18,2.63,40.09,48.93,-2.94,2.79,38.59,61.54,15429.0,19683.0,23231.0,19448.0,59.36,0.0626,349.68,1.12,2103.86,1
FHN PRF,FHN,,8.5,12/20/2024,,,0.29,4.7,,,c475,17.35,,,17.5,18.33,-0.88,-5.36,16.41,21.48,13.13,21.48,80.0,17.32,0.91,-4.16,51.09,51.66,64.36,56.27,,,41.62,43.84,-4.16,4.19,54.59,47.61,6813.0,5474.0,8040.0,6776.0,56.98,0.0678,386.46,1.12,2103.86,6
FITBO,FITB,,10.5,12/26/2024,,,0.31,4.95,25.79,17.93,c500,19.82,1.89,-5.97,21.3,21.71,-6.94,-8.7,19.52,24.15,17.58,24.15,86.0,19.81,0.29,-4.34,80.53,65.69,79.08,58.63,-5.98,1.88,73.13,55.64,-4.34,2.23,56.95,67.11,20069.0,21442.0,24469.0,21993.0,61.88,0.0625,435.43,1.12,2103.86,10
FITBP,FITB,,NR,12/26/2024,,,0.38,6.0,25.6,22.13,c600,24.4,2.27,-1.2,24.4,24.49,-0.01,-0.37,23.04,25.56,21.01,25.9,86.0,24.38,1.34,-1.18,46.87,30.7,54.15,17.32,-1.22,2.25,31.74,52.33,-1.52,3.37,19.97,55.77,8135.0,9050.0,8836.0,8674.0,61.88,0.0615,332.43,1.12,2103.86,4
FRT PRC,FRT,,12.5,1/2/2025,,,0.31,5.0,25.75,19.64,c500,20.3,0.66,-5.45,20.61,21.39,-1.53,-5.08,19.41,23.27,18.57,23.9,3.0,20.0,0.59,-3.27,54.25,50.48,71.96,44.64,-5.75,0.36,71.13,69.24,-3.9,1.43,51.18,75.07,5989.0,5439.0,2033.0,4487.0,41.14,0.0625,380.75,1.12,2103.86,2
FULTP,FULT,,11,12/2/2024,,,0.32,5.13,23.1,15.09,c500,18.19,3.1,-4.91,19.02,19.25,-4.34,-5.51,17.25,21.22,14.56,21.22,62.0,18.09,0.84,-3.13,67.9,52.29,66.02,42.81,-5.01,3.0,64.7,45.62,-3.13,3.53,41.08,54.18,8553.0,6299.0,8954.0,7935.0,54.63,0.0709,399.52,1.12,2103.86,1
GAB PRG,GAB,,16,12/16/2024,,,0.31,5.0,24.5,21.0,c500,20.52,-0.48,-3.98,21.09,21.81,-2.7,-5.92,20.17,24.0,20.17,24.2,76.0,20.47,0.3,-3.53,59.93,54.01,78.84,48.04,-4.03,-0.53,56.17,77.2,-3.73,0.3,48.95,86.32,4073.0,4911.0,2322.0,3769.0,66.23,0.0611,420.01,1.12,2103.86,7
GAB PRH,GAB,,16,12/16/2024,,,0.31,5.0,23.89,20.98,c500,20.57,-0.41,-3.32,21.08,21.85,-2.43,-5.87,20.39,24.03,20.39,24.24,76.0,20.52,0.13,-3.51,58.62,53.8,82.88,47.78,-3.37,-0.46,50.43,76.58,-3.72,0.13,48.82,88.01,9143.0,10262.0,12839.0,10748.0,66.23,0.0609,419.39,1.12,2103.86,7
GAB PRK,GAB,,16,12/16/2024,,,0.31,5.0,24.4,21.23,c500,20.54,-0.69,-3.86,21.1,21.86,-2.64,-6.04,20.48,24.17,20.48,24.25,76.0,20.49,0.01,-3.68,59.64,54.51,85.73,50.0,-3.91,-0.74,55.13,79.08,-3.76,0.01,49.34,89.2,7201.0,8169.0,10328.0,8566.0,66.23,0.061,424.94,1.12,2103.86,7
GDV PRH,GDV,,17,12/16/2024,,,0.34,5.38,25.85,22.55,c525,22.45,-0.1,-3.4,23.23,23.67,-3.34,-5.14,22.35,25.15,22.0,25.34,76.0,22.4,0.05,-2.75,63.04,50.73,84.78,37.84,-3.45,-0.15,51.13,73.8,-2.94,0.4,38.59,85.32,2991.0,3324.0,3297.0,3204.0,72.25,0.06,415.82,1.12,2103.86,7
GDV PRK,GDV,,17,12/13/2024,,,0.27,4.25,20.82,17.65,c425,18.09,0.44,-2.73,18.48,19.12,-2.09,-5.39,17.96,21.31,16.96,21.49,73.0,18.04,0.08,-3.27,56.97,51.78,84.07,44.64,-2.78,0.39,45.3,68.97,-3.45,1.08,45.28,78.56,7732.0,8359.0,4963.0,7018.0,72.25,0.0589,409.86,1.12,2103.86,4
GGN PRB,GGN,,15,12/16/2024,5/7/2018,,0.31,5.0,23.67,21.38,c500,20.35,-1.03,-3.32,20.73,21.37,-1.81,-4.79,19.84,23.88,19.84,24.15,76.0,20.3,0.46,-3.58,55.61,49.27,75.04,48.69,-3.37,-1.08,50.43,82.13,-3.85,0.46,50.52,84.73,8074.0,9189.0,3836.0,7033.0,68.77,0.0616,416.42,1.12,2103.86,7
GGT PRE,GGT,,15,12/16/2024,,,0.32,5.13,24.85,22.98,c500,22.91,-0.07,-1.94,22.82,23.0,0.38,-0.39,22.25,24.63,21.41,24.7,76.0,22.86,0.61,-1.77,44.97,30.79,71.48,25.03,-1.99,-0.12,38.43,73.53,-1.84,1.45,24.16,74.88,657.0,567.0,361.0,528.0,50.3,0.0561,333.36,1.12,2103.86,0
GGT PRG,GGT,,15,12/16/2024,12/20/2024,,0.32,5.13,24.59,22.95,c500,22.65,-0.3,-1.94,22.69,22.96,-0.16,-1.36,22.25,24.47,21.87,24.47,76.0,22.6,0.35,-1.87,47.6,34.86,77.66,26.34,-1.99,-0.35,38.43,75.59,-1.87,0.73,24.56,82.04,883.0,1022.0,513.0,806.0,50.3,0.0567,346.3,1.12,2103.86,0
GNT PRA,GNT,,15,11/15/2024,,,0.33,5.2,24.55,21.53,c525,21.49,-0.05,-3.07,21.69,22.21,-0.96,-3.28,21.33,24.01,21.17,24.3,45.0,21.32,-0.01,-2.69,51.48,42.92,86.2,37.06,-3.23,-0.21,49.22,74.34,-2.98,0.15,39.11,87.81,800.0,619.0,138.0,519.0,67.19,0.061,399.59,1.12,2103.86,7
GPJA,SO,BB,11.5,12/27/2024,,,0.31,5.0,25.62,20.82,c500,20.92,0.1,-4.7,22.15,23.36,-5.55,-10.44,20.7,24.98,20.58,25.66,87.0,20.91,0.21,-4.07,73.78,72.99,80.98,55.1,-4.71,0.09,62.09,71.66,-4.75,0.33,62.33,86.02,16536.0,12256.0,16104.0,14965.0,80.08,0.0598,465.19,1.12,2103.86,2
GRBK PRA,GRBK,,NR,11/25/2024,,,0.36,5.75,22.08,17.93,c550,23.5,5.57,1.42,22.83,23.12,2.95,1.62,21.06,24.6,17.15,25.0,55.0,23.36,2.3,-1.24,32.49,22.35,31.36,18.1,1.28,5.43,10.0,23.87,-1.64,6.21,21.54,27.51,3508.0,2948.0,4178.0,3544.0,25.9,0.0615,243.92,1.12,2103.86,0
GUT PRC,GUT,,16,12/16/2024,,,0.34,5.38,25.39,23.02,c525,22.42,-0.6,-2.97,23.79,24.21,-5.75,-7.41,22.36,25.0,22.33,25.56,76.0,22.37,0.01,-2.63,74.75,60.27,85.73,36.27,-3.02,-0.65,47.39,78.28,-3.19,0.04,41.87,88.91,1493.0,1944.0,3497.0,2312.0,63.62,0.0601,425.22,1.12,2103.86,0
HBANM,HBAN,,9,11/15/2024,12/1/2022,,0.36,5.7,25.47,17.8,c550,22.13,4.33,-3.34,22.43,23.01,-1.36,-3.82,21.38,25.39,17.68,25.39,45.0,21.95,0.57,-3.44,53.42,45.19,72.43,46.86,-3.52,4.15,51.74,35.32,-3.44,4.27,45.15,46.82,10934.0,8385.0,6003.0,8441.0,61.43,0.0649,375.82,1.12,2103.86,1
HBANP,HBAN,,10,1/2/2025,,,0.28,4.5,20.81,14.07,c450,17.53,3.46,-3.28,17.55,18.35,-0.1,-4.47,16.22,20.65,13.71,20.74,3.0,17.26,1.04,-3.39,47.3,47.92,61.28,46.21,-3.55,3.19,52.0,43.91,-3.48,3.55,45.67,53.98,39294.0,39452.0,43857.0,40868.0,61.43,0.0652,377.13,1.12,2103.86,8
HFRO PRA,HFRO,,16,12/20/2024,,,0.34,5.38,23.45,17.01,c525,15.92,-1.09,-7.53,15.68,17.55,1.51,-9.28,14.5,20.9,14.5,21.09,80.0,15.88,1.38,-5.02,39.48,68.12,53.2,67.52,-7.57,-1.13,86.96,82.57,-5.21,1.38,68.36,75.57,19004.0,15703.0,13128.0,15945.0,55.58,0.0847,465.41,1.12,2103.86,7
HIG PRG,HIG,,11,11/1/2024,11/15/2023,,0.38,6.0,26.6,22.89,c600,25.09,2.2,-1.51,24.89,25.04,0.79,0.21,23.99,25.53,22.76,25.6,31.0,24.84,0.85,-0.69,42.98,28.27,65.79,10.92,-1.76,1.95,36.43,55.01,-0.76,2.08,10.0,68.61,17845.0,15761.0,15624.0,16410.0,71.6,0.0604,341.91,1.12,2103.86,4
HWCPZ,HWC,BB,11,11/27/2024,6/15/2025,,0.39,6.25,26.56,22.45,c625,23.58,1.13,-2.98,23.78,24.05,-0.82,-1.97,22.21,25.42,21.05,26.19,57.0,23.44,1.23,-1.98,50.8,37.42,56.77,27.78,-3.12,0.99,48.26,63.6,-2.75,2.39,36.1,65.52,7674.0,7819.0,6067.0,7187.0,61.01,0.0667,371.68,1.12,2103.86,5
INN PRE,INN,,NR,11/13/2024,11/13/2022,,0.39,6.25,21.22,18.14,c625,18.17,0.03,-3.05,19.24,20.34,-5.57,-10.67,17.3,21.77,17.3,22.48,43.0,17.97,0.67,-3.8,73.87,73.96,70.06,51.57,-3.25,-0.17,49.39,73.98,-4.51,0.67,59.18,82.64,9255.0,5830.0,4580.0,6555.0,36.57,0.087,465.56,1.12,2103.86,5
INN PRF,INN,,NR,11/13/2024,8/12/2026,,0.37,5.88,21.02,18.07,c575,17.86,-0.21,-3.16,18.65,19.91,-4.25,-10.29,17.03,22.0,16.75,22.0,43.0,17.67,0.64,-4.33,67.46,72.36,70.77,58.5,-3.35,-0.4,50.26,76.04,-4.33,0.92,56.82,80.15,4635.0,3536.0,4854.0,4341.0,36.57,0.0832,453.9,1.12,2103.86,3
JPM PRC,JPM,,11.5,10/29/2024,3/1/2024,,0.38,6.0,26.1,24.11,c600,25.28,1.17,-0.82,25.14,25.27,0.57,0.05,24.74,25.76,23.87,25.82,28.0,25.02,0.28,-0.74,44.05,28.94,79.32,11.57,-1.08,0.91,30.52,64.32,-0.8,1.15,10.52,77.86,118908.0,125651.0,130247.0,124936.0,81.92,0.06,364.9,1.12,2103.86,4
JPM PRD,JPM,,11.5,10/29/2024,12/1/2023,,0.36,5.75,25.75,23.3,c550,24.54,1.24,-1.21,24.53,24.91,0.02,-1.49,23.82,25.56,22.83,25.67,28.0,24.29,0.47,-1.27,46.72,35.41,74.81,18.5,-1.46,0.99,33.83,63.6,-1.38,1.46,18.13,74.78,108175.0,117213.0,143413.0,122934.0,81.92,0.0592,373.2,1.12,2103.86,4
JPM PRJ,JPM,,11.5,10/29/2024,,,0.3,4.75,23.74,19.38,c475,20.16,0.78,-3.58,20.3,21.5,-0.68,-6.25,19.36,23.98,19.02,24.85,28.0,19.95,0.59,-4.03,50.12,55.4,71.96,54.58,-3.79,0.57,54.09,67.36,-4.9,0.93,64.3,80.05,71054.0,71924.0,62657.0,68545.0,81.92,0.0595,428.63,1.12,2103.86,9
JPM PRL,JPM,,11.5,10/29/2024,,,0.29,4.63,21.62,18.94,c450,19.59,0.65,-2.03,19.71,20.89,-0.63,-6.24,18.88,23.12,18.71,23.44,28.0,19.39,0.51,-3.73,49.88,55.35,73.86,50.65,-2.23,0.45,40.52,68.43,-4.05,0.68,53.15,82.54,143066.0,131269.0,161592.0,145309.0,81.92,0.0597,423.27,1.12,2103.86,9
JPM PRM,JPM,,11.5,10/29/2024,,,0.26,4.2,20.7,17.17,c425,17.96,0.79,-2.74,18.13,19.16,-0.92,-6.26,17.25,21.24,16.96,21.68,28.0,17.78,0.53,-3.46,51.29,55.44,73.38,47.12,-2.92,0.61,46.52,67.0,-3.9,0.82,51.18,81.14,187185.0,164882.0,185220.0,179095.0,81.92,0.0591,420.84,1.12,2103.86,9
JSM,NAVI,BB,7.5,12/13/2024,,,0.38,6.0,23.5,16.7,c600,18.82,2.12,-4.68,18.42,19.28,2.19,-2.37,16.51,20.83,16.06,21.82,73.0,18.75,2.24,-2.08,36.18,39.1,32.79,29.08,-4.75,2.05,62.43,54.12,-3.07,2.69,40.3,62.54,14958.0,13581.0,14093.0,14210.0,43.17,0.08,364.1,1.12,2103.86,1
KEY PRJ,KEY,,10.5,11/27/2024,,,0.35,5.65,25.36,16.17,c550,21.17,5.0,-4.19,21.39,21.88,-1.01,-3.23,19.97,24.18,15.19,24.18,57.0,21.04,1.07,-3.14,51.72,42.71,60.56,42.94,-4.32,4.87,58.7,28.88,-3.14,5.85,41.21,31.09,27960.0,24867.0,23635.0,25487.0,57.46,0.0671,358.36,1.12,2103.86,8
KEY PRK,KEY,,10.5,11/27/2024,,,0.35,5.63,26.17,16.05,c550,21.25,5.2,-4.92,21.2,21.87,0.24,-2.84,19.76,24.43,14.99,24.43,57.0,21.12,1.36,-3.31,45.65,41.08,53.68,45.16,-5.05,5.07,65.04,27.09,-3.31,6.13,43.44,28.31,23824.0,20550.0,21140.0,21838.0,57.46,0.0666,350.71,1.12,2103.86,8
KIM PRL,KIM,,11.5,12/27/2024,,,0.32,5.13,25.42,19.2,c500,19.82,0.62,-5.6,20.27,21.34,-2.23,-7.12,19.39,23.68,18.81,24.18,87.0,19.81,0.42,-3.87,57.65,59.05,75.99,52.48,-5.61,0.61,69.91,67.0,-4.37,1.0,57.34,79.35,11649.0,10895.0,6937.0,9827.0,63.25,0.0647,427.06,1.12,2103.86,2
KIM PRM,KIM,,11.5,12/27/2024,,,0.33,5.25,25.4,19.83,c525,20.16,0.33,-5.24,20.64,21.87,-2.33,-7.81,19.71,24.43,19.71,25.16,87.0,20.15,0.44,-4.28,58.14,61.95,75.52,57.84,-5.25,0.32,66.78,69.6,-5.01,0.44,65.74,84.93,15684.0,16394.0,14415.0,15498.0,63.25,0.0651,438.1,1.12,2103.86,2
KREF PRA,KREF,,NR,11/27/2024,4/16/2026,,0.41,6.5,23.37,16.18,c650,20.85,4.67,-2.52,19.38,19.94,7.58,4.56,17.98,21.88,15.81,23.66,57.0,20.7,2.72,-1.18,10.0,10.0,21.39,17.32,-2.67,4.52,44.35,32.01,-2.96,4.89,38.85,40.65,17032.0,16907.0,15068.0,16336.0,37.89,0.0785,284.97,1.12,2103.86,5
MBINN,MBIN,,NR,12/13/2024,,,0.38,6.0,24.23,16.5,c600,19.78,3.27,-4.46,20.33,21.4,-2.74,-7.63,18.31,24.26,16.31,24.34,73.0,19.7,1.39,-4.56,60.13,61.19,52.97,61.5,-4.53,3.2,60.52,43.83,-4.64,3.39,60.89,55.57,7563.0,6825.0,4792.0,6394.0,40.39,0.0761,406.04,1.12,2103.86,8
MET PRE,MET,,12,11/27/2024,,,0.35,5.63,26.5,21.22,c550,23.76,2.54,-2.74,23.62,24.17,0.58,-1.72,22.66,25.19,21.03,25.23,57.0,23.63,0.97,-1.56,44.0,36.37,62.94,22.29,-2.87,2.41,46.09,50.89,-1.6,2.6,21.02,63.43,53590.0,45382.0,54509.0,51160.0,73.09,0.0596,354.82,1.12,2103.86,4
MET PRF,MET,,12,11/27/2024,,,0.3,4.75,24.56,18.5,c475,19.67,1.17,-4.89,19.87,20.86,-0.99,-5.69,19.0,23.21,18.33,23.21,57.0,19.56,0.56,-3.65,51.63,53.04,72.67,49.61,-5.0,1.06,64.61,62.98,-3.65,1.23,47.9,77.06,88400.0,91183.0,127054.0,102213.0,73.09,0.0607,411.98,1.12,2103.86,9
MFA PRB,MFA,,NR,11/27/2024,4/15/2018,,0.47,7.5,21.92,18.34,c750,20.57,2.23,-1.35,20.99,21.57,-2.0,-4.64,18.27,23.67,17.01,23.67,57.0,20.4,2.13,-3.27,56.53,48.64,35.4,44.64,-1.52,2.06,34.35,54.03,-3.27,3.39,42.92,55.57,16330.0,15141.0,11833.0,14435.0,20.65,0.0919,384.11,1.12,2103.86,5
MGR,AMG,BB,12,12/27/2024,,,0.37,5.88,26.29,19.6,c575,20.55,1.32,-5.37,21.08,22.64,-0.74,-7.61,19.91,25.15,19.43,25.17,87.0,20.91,1.0,-4.24,50.41,61.11,62.23,57.32,-5.38,1.31,67.91,60.74,-4.26,1.48,55.9,74.58,17708.0,16566.0,15313.0,16529.0,65.5,0.0703,430.86,1.12,2103.86,2
MGRD,AMG,BB,12,12/27/2024,,,0.26,4.2,19.5,15.18,c425,15.17,0.25,-4.07,15.48,16.55,-0.3,-6.75,14.61,18.37,14.61,18.37,87.0,15.42,0.81,-2.95,48.28,57.5,66.74,40.46,-4.08,0.24,56.61,70.31,-2.95,0.81,38.72,81.24,10256.0,10147.0,10419.0,10274.0,65.5,0.0681,415.3,1.12,2103.86,10
MS PRK,MS,,11,12/27/2024,,,0.37,5.85,26.38,21.4,c575,23.87,2.47,-2.51,23.58,24.45,1.22,-2.37,22.52,25.75,21.16,26.0,87.0,23.86,1.34,-1.89,40.89,39.1,54.15,26.6,-2.52,2.46,43.04,50.45,-2.14,2.7,28.1,62.44,80818.0,86151.0,85743.0,84237.0,77.82,0.0613,364.1,1.12,2103.86,4
MS PRL,MS,,11,12/27/2024,,,0.3,4.88,24.0,18.32,c475,20.08,1.76,-3.92,20.13,21.74,-0.26,-7.63,19.26,24.32,18.15,24.49,87.0,20.07,0.81,-4.25,48.08,61.19,66.74,57.45,-3.93,1.75,55.3,56.8,-4.42,1.92,58.0,70.2,26852.0,27956.0,30469.0,28425.0,77.82,0.0608,420.38,1.12,2103.86,2
NCV PRA,NCV,,NR,12/5/2024,,,0.35,5.63,24.28,20.92,c550,21.18,0.26,-3.1,21.76,22.01,-2.68,-3.77,20.72,23.18,20.6,23.64,65.0,21.08,0.36,-2.1,59.84,44.98,77.42,29.35,-3.2,0.16,48.96,71.03,-2.56,0.48,33.61,84.53,5519.0,3507.0,4848.0,4625.0,23.61,0.0668,359.66,1.12,2103.86,7
NCZ PRA,NCZ,,NR,12/5/2024,,,0.34,5.5,24.28,20.5,c550,20.84,0.34,-3.44,21.02,21.05,-0.84,-0.99,19.92,22.09,19.92,22.38,65.0,20.75,0.83,-1.34,50.9,33.31,66.26,19.41,-3.53,0.25,51.83,70.22,-1.63,0.83,21.41,81.04,8815.0,8505.0,3157.0,6826.0,23.85,0.0663,330.12,1.12,2103.86,7
NRUC,-,BB,13,11/1/2024,,,0.34,5.5,25.22,21.75,c550,24.19,2.44,-1.03,23.53,24.12,2.8,0.29,22.38,25.75,21.64,25.75,31.0,23.97,1.59,-1.78,33.22,27.93,48.22,25.16,-1.25,2.22,32.0,52.6,-1.78,2.33,23.38,66.12,15479.0,14521.0,12745.0,14248.0,45.33,0.0574,300.93,1.12,2103.86,4
NSA PRA,NSA,,NR,12/13/2024,,,0.38,6.0,25.3,20.65,c600,22.99,2.34,-2.31,22.48,22.86,2.27,0.58,21.12,24.8,20.16,25.2,73.0,22.92,1.8,-1.88,35.79,26.71,43.23,26.47,-2.38,2.27,41.83,52.15,-2.28,2.76,29.93,61.84,11964.0,11715.0,14593.0,12757.0,40.77,0.0654,313.88,1.12,2103.86,5
NTRSO,NTRS,,13,12/13/2024,,,0.29,4.7,24.85,18.3,c475,19.4,1.1,-5.45,19.74,20.87,-1.7,-7.04,18.74,24.29,18.1,24.29,73.0,19.35,0.61,-4.94,55.08,58.71,71.48,66.47,-5.5,1.05,68.96,63.06,-4.94,1.25,64.82,76.87,26881.0,24373.0,27508.0,26254.0,70.12,0.0607,427.94,1.12,2103.86,9
NYMTZ,NYMT,,NR,1/2/2025,,,0.44,7.0,19.78,16.6,c700,18.75,2.15,-1.03,18.52,19.35,1.22,-3.08,16.75,21.5,15.31,21.75,3.0,18.32,1.57,-3.18,40.89,42.08,48.69,43.46,-1.46,1.72,33.83,57.07,-3.43,3.01,45.02,59.35,4187.0,3669.0,3352.0,3736.0,21.41,0.0955,384.71,1.12,2103.86,11
OPP PRA,OPP,,16,11/1/2024,,,0.27,4.38,20.87,16.98,c425,17.14,0.16,-3.73,17.9,18.56,-4.25,-7.65,16.54,19.95,16.54,20.21,31.0,16.96,0.42,-2.99,67.46,61.28,75.99,40.98,-3.91,-0.02,55.13,72.64,-3.25,0.42,42.66,85.12,4783.0,4457.0,6630.0,5290.0,58.61,0.0646,422.06,1.12,2103.86,7
OPP PRB,OPP,,16,11/1/2024,2/15/2027,,0.3,4.75,21.43,18.7,c475,18.44,-0.26,-2.99,19.42,20.0,-5.07,-7.8,18.34,21.13,18.31,22.31,31.0,18.24,-0.1,-2.89,71.45,61.91,88.34,39.67,-3.19,-0.46,48.87,76.58,-4.07,-0.07,53.41,90.0,2995.0,2066.0,3214.0,2758.0,58.61,0.0651,435.93,1.12,2103.86,7
OZKAP,OZK,,9,11/1/2024,11/15/2026,,0.29,4.63,20.78,14.61,c450,16.31,1.7,-4.47,16.61,17.04,-1.81,-4.27,15.69,19.88,14.37,19.88,31.0,16.12,0.43,-3.76,55.61,47.08,75.76,51.05,-4.66,1.51,61.65,58.95,-3.76,1.75,49.34,71.89,29164.0,24480.0,21925.0,25190.0,55.2,0.0718,410.41,1.12,2103.86,8
PEB PRE,PEB,,NR,12/27/2024,,,0.4,6.38,24.71,18.32,c625,18.15,-0.17,-6.56,18.09,20.24,0.32,-10.35,16.27,23.22,16.27,23.22,87.0,18.14,1.87,-5.08,45.26,72.61,41.57,68.3,-6.57,-0.18,78.26,74.07,-5.08,1.87,66.66,70.7,9006.0,7565.0,3961.0,6844.0,35.52,0.0879,446.46,1.12,2103.86,11
PEB PRF,PEB,,NR,12/27/2024,,,0.39,6.3,23.52,18.56,c625,18.45,-0.11,-5.07,18.31,20.35,0.79,-9.33,16.85,23.75,16.85,23.75,87.0,18.44,1.59,-5.31,42.98,68.33,48.22,71.31,-5.08,-0.12,65.3,73.53,-5.31,1.59,69.67,73.48,7189.0,8268.0,1867.0,5774.0,35.52,0.0854,439.14,1.12,2103.86,5
PEB PRG,PEB,,NR,12/27/2024,,,0.4,6.38,23.4,18.0,c625,18.37,0.37,-5.03,18.3,20.09,0.38,-8.57,16.6,22.94,16.6,23.18,87.0,18.36,1.76,-4.58,44.97,65.14,44.18,61.76,-5.04,0.36,64.96,69.24,-4.82,1.76,63.25,71.79,9443.0,8821.0,4193.0,7486.0,35.52,0.0869,431.46,1.12,2103.86,5
PEB PRH,PEB,,NR,12/27/2024,,,0.36,5.7,21.01,16.38,c550,16.36,-0.02,-4.65,16.54,18.17,-1.06,-9.98,15.51,21.12,15.02,21.12,87.0,16.35,0.84,-4.77,51.97,71.06,66.02,64.25,-4.66,-0.03,61.65,72.73,-4.77,1.33,62.59,76.07,11295.0,7199.0,6454.0,8316.0,35.52,0.0872,452.25,1.12,2103.86,5
PFH,PRU,BB,13,11/15/2024,9/1/2025,,0.26,4.13,22.61,17.35,c400,17.39,0.04,-5.22,17.47,18.9,-0.46,-8.0,16.62,21.27,16.62,21.59,45.0,17.26,0.64,-4.01,49.05,62.75,70.77,54.31,-5.35,-0.09,67.65,73.27,-4.33,0.64,56.82,82.94,30861.0,30002.0,33900.0,31588.0,71.08,0.0598,425.48,1.12,2103.86,9
PRH,PRU,BB,13,11/15/2024,,,0.37,5.95,,23.79,c575,25.14,1.35,,24.79,25.53,1.4,-1.54,23.59,26.89,23.17,26.95,45.0,24.96,1.37,-1.93,40.02,35.62,53.44,27.12,,1.17,41.62,61.99,-1.99,1.79,26.13,71.49,18925.0,22952.0,15463.0,19113.0,71.08,0.0596,355.87,1.12,2103.86,4
PRS,PRU,BB,13,11/1/2024,8/15/2023,,0.35,5.63,26.16,22.52,c550,23.71,1.19,-2.45,23.22,24.13,2.1,-1.75,22.35,25.42,22.31,25.42,31.0,23.48,1.13,-1.94,36.62,36.5,59.14,27.25,-2.68,0.96,44.43,63.87,-1.94,1.17,25.48,77.66,30406.0,28478.0,31338.0,30074.0,71.08,0.0599,360.76,1.12,2103.86,4
PSA PRF,PSA,,13.5,12/12/2024,,,0.32,5.15,25.84,20.87,c500,20.58,-0.29,-5.26,21.06,22.67,-2.3,-9.2,19.87,25.08,19.87,25.11,72.0,20.52,0.65,-4.56,57.99,67.78,70.53,61.5,-5.32,-0.35,67.39,75.59,-4.59,0.65,60.23,82.84,18539.0,14635.0,17927.0,17034.0,71.49,0.0627,446.22,1.12,2103.86,2
PSA PRG,PSA,,13.5,12/12/2024,,,0.32,5.05,25.87,21.11,c500,20.25,-0.86,-5.62,20.86,22.45,-2.95,-9.79,19.87,25.0,19.87,25.06,72.0,20.19,0.32,-4.81,61.15,70.26,78.37,64.77,-5.68,-0.92,70.52,80.69,-4.87,0.32,63.9,86.12,17025.0,13952.0,10733.0,13903.0,71.49,0.0625,458.68,1.12,2103.86,2
PSA PRH,PSA,,13.5,12/12/2024,,,0.35,5.6,26.96,22.76,c550,22.8,0.04,-4.16,22.98,24.17,-0.8,-5.67,20.85,25.7,20.85,25.95,72.0,22.73,1.88,-2.97,50.7,52.96,41.34,40.72,-4.23,-0.03,57.91,72.73,-3.22,1.88,42.26,70.6,19567.0,19370.0,14478.0,17805.0,71.49,0.0616,394.69,1.12,2103.86,4
PSA PRI,PSA,,13.5,12/12/2024,,,0.3,4.88,25.8,19.44,c475,19.44,0.0,-6.36,19.86,21.4,-2.13,-9.17,18.69,23.72,18.69,23.94,72.0,19.38,0.69,-4.34,57.16,67.66,69.58,58.63,-6.42,-0.06,76.96,73.0,-4.56,0.69,59.84,82.44,15908.0,12425.0,10815.0,13049.0,71.49,0.063,445.44,1.12,2103.86,2
PSA PRJ,PSA,,13.5,12/12/2024,,,0.29,4.7,25.08,18.25,c475,18.69,0.44,-6.39,19.13,20.53,-2.32,-8.97,18.25,23.21,17.94,23.21,72.0,18.63,0.38,-4.58,58.09,66.82,76.94,61.76,-6.45,0.38,77.22,69.06,-4.58,0.69,60.1,82.44,15014.0,14716.0,12785.0,14172.0,71.49,0.0631,447.98,1.12,2103.86,2
PSA PRK,PSA,,13.5,12/12/2024,,,0.3,4.75,25.8,18.4,c475,18.92,0.51,-6.89,19.35,20.72,-2.26,-8.74,18.44,23.16,18.16,23.21,72.0,18.85,0.41,-4.31,57.8,65.85,76.23,58.24,-6.95,0.45,81.57,68.43,-4.36,0.69,57.21,82.44,16810.0,18044.0,15703.0,16852.0,71.49,0.063,444.78,1.12,2103.86,2
PSA PRL,PSA,,13.5,12/12/2024,,,0.29,4.63,24.84,18.17,c450,18.58,0.41,-6.26,18.93,20.23,-1.84,-8.16,17.52,22.75,17.52,22.89,72.0,18.52,1.0,-4.23,55.76,63.42,62.23,57.19,-6.32,0.35,76.09,69.33,-4.37,1.0,57.34,79.35,29812.0,26880.0,29821.0,28838.0,71.49,0.0625,433.14,1.12,2103.86,2
PSA PRM,PSA,,13.5,12/12/2024,,,0.26,4.13,22.79,16.05,c400,16.58,0.53,-6.21,16.95,18.23,-2.21,-9.07,16.11,20.52,15.82,20.79,72.0,16.53,0.42,-3.99,57.55,67.24,75.99,54.05,-6.26,0.48,75.57,68.17,-4.26,0.71,55.9,82.24,9087.0,8769.0,11110.0,9655.0,71.49,0.0625,441.61,1.12,2103.86,2
PSA PRN,PSA,,13.5,12/12/2024,,,0.24,3.88,21.02,15.12,c400,15.57,0.45,-5.45,15.9,16.99,-2.05,-8.33,15.1,19.12,14.9,19.23,72.0,15.52,0.42,-3.6,56.78,64.13,75.99,48.95,-5.5,0.4,68.96,68.88,-3.71,0.62,48.69,83.13,17249.0,18548.0,25800.0,20532.0,71.49,0.0625,433.48,1.12,2103.86,2
PSA PRO,PSA,,13.5,12/12/2024,11/17/2025,,0.24,3.9,20.29,15.53,c400,15.61,0.08,-4.68,15.96,17.06,-2.18,-8.49,15.07,18.97,15.07,19.13,72.0,15.56,0.49,-3.41,57.41,64.8,74.33,46.47,-4.73,0.03,62.26,72.19,-3.57,0.49,46.85,84.43,16880.0,17388.0,35804.0,23357.0,71.49,0.0627,433.24,1.12,2103.86,2
PSA PRP,PSA,,13.5,12/12/2024,,,0.25,4.0,20.88,15.54,c400,16.01,0.47,-4.87,16.31,17.52,-1.83,-8.64,15.39,19.76,15.37,19.99,72.0,15.96,0.57,-3.8,55.71,65.43,72.43,51.57,-4.92,0.42,63.91,68.7,-4.03,0.59,52.89,83.43,41742.0,37594.0,47190.0,42175.0,71.49,0.0627,434.76,1.12,2103.86,2
PSA PRQ,PSA,,13.5,12/12/2024,,,0.25,3.95,20.84,15.31,c400,15.83,0.52,-5.01,16.06,17.24,-1.43,-8.19,15.3,19.28,15.17,19.47,72.0,15.78,0.48,-3.5,53.76,63.54,74.57,47.65,-5.06,0.47,65.13,68.26,-3.69,0.61,48.43,83.23,13333.0,13342.0,18760.0,15145.0,71.49,0.0626,429.48,1.12,2103.86,2
PSA PRR,PSA,,13.5,12/12/2024,,,0.25,4.0,20.78,15.59,c400,15.99,0.4,-4.79,16.29,17.58,-1.86,-9.05,15.45,19.99,15.38,20.16,72.0,15.94,0.49,-4.05,55.85,67.15,74.33,54.84,-4.84,0.35,63.22,69.33,-4.22,0.56,55.38,83.73,31482.0,30954.0,48648.0,37028.0,71.49,0.0627,439.28,1.12,2103.86,2
PSA PRS,PSA,,13.5,12/12/2024,,,0.26,4.1,21.15,15.83,c400,16.37,0.54,-4.78,16.66,18.0,-1.74,-9.04,14.18,20.44,14.18,20.47,72.0,16.32,2.14,-4.12,55.27,67.11,35.16,55.75,-4.83,0.49,63.13,68.08,-4.15,2.14,54.46,68.01,16040.0,17642.0,12558.0,15413.0,71.49,0.0628,418.37,1.12,2103.86,2
PSEC PRA,PSEC,,9,10/16/2024,7/19/2026,,0.33,5.35,19.55,15.21,c525,15.75,0.54,-3.8,16.27,17.55,-3.21,-10.24,14.58,21.54,14.04,21.54,15.0,15.47,0.89,-6.07,62.41,72.15,64.84,81.24,-4.08,0.26,56.61,70.13,-6.07,1.43,79.64,75.07,8170.0,7482.0,6654.0,7435.0,37.91,0.0865,470.05,1.12,2103.86,3
REGCO,REG,,NR,10/16/2024,,,0.37,5.88,,21.85,c575,22.42,0.57,,22.41,22.75,0.04,-1.45,21.43,24.7,21.2,24.9,15.0,22.11,0.68,-2.59,46.62,35.24,69.82,35.75,,0.26,41.62,70.13,-2.79,0.91,36.62,80.25,5701.0,4926.0,3073.0,4567.0,59.88,0.0665,380.21,1.12,2103.86,11
REGCP,REG,,NR,10/16/2024,,,0.39,6.25,,23.1,c625,23.52,0.42,,23.36,23.76,0.67,-0.99,21.88,25.4,21.88,25.63,15.0,23.2,1.32,-2.2,43.56,33.31,54.63,30.65,,0.1,41.62,71.57,-2.43,1.32,31.9,76.17,4869.0,4320.0,3327.0,4172.0,59.88,0.0673,368.32,1.12,2103.86,7
REXR PRB,REXR,,NR,12/13/2024,,,0.37,5.88,25.39,21.16,c575,22.33,1.17,-3.06,23.06,22.86,-3.16,-2.32,22.15,24.43,20.6,24.57,73.0,22.26,0.11,-2.17,62.17,38.89,83.35,30.26,-3.13,1.1,48.35,62.62,-2.31,1.66,30.33,72.79,4993.0,3802.0,1147.0,3314.0,45.87,0.066,372.3,1.12,2103.86,7
REXR PRC,REXR,,NR,11/15/2024,,,0.35,5.63,26.1,20.05,c550,20.97,0.91,-5.14,21.7,21.99,-3.43,-4.66,20.13,24.22,19.71,24.54,45.0,20.79,0.66,-3.43,63.48,48.72,70.3,46.73,-5.31,0.74,67.3,65.84,-3.75,1.08,49.21,78.56,7423.0,3790.0,1425.0,4213.0,45.87,0.0677,400.1,1.12,2103.86,7
RF PRE,RF,,10,11/27/2024,,,0.28,4.45,20.69,15.45,c450,17.5,2.05,-3.19,17.42,18.19,0.44,-3.78,16.41,19.98,14.16,19.98,57.0,17.4,0.99,-2.58,44.68,45.02,62.46,35.62,-3.29,1.95,49.74,55.01,-2.58,3.24,33.87,57.06,28617.0,26343.0,29117.0,28026.0,60.17,0.0639,365.88,1.12,2103.86,10
RNR PRF,RNR,,12,11/27/2024,,,0.36,5.75,25.11,20.71,c550,21.43,0.72,-3.68,21.6,23.08,-0.77,-7.13,20.8,24.9,20.43,25.1,57.0,21.3,0.5,-3.6,50.56,59.09,74.09,48.95,-3.81,0.59,54.26,67.18,-3.8,0.87,49.87,80.65,16224.0,18127.0,21443.0,18598.0,64.61,0.0675,423.61,1.12,2103.86,2
RNR PRG,RNR,,12,11/27/2024,,,0.26,4.2,20.02,15.35,c425,15.88,0.53,-4.14,15.87,17.22,0.06,-7.8,14.26,18.73,14.26,19.46,57.0,15.78,1.52,-2.95,46.53,61.91,49.88,40.46,-4.24,0.43,58.0,68.61,-3.68,1.52,48.3,74.18,28870.0,30988.0,17546.0,25802.0,64.61,0.0665,408.03,1.12,2103.86,9
SCE PRG,EIX,TP,10,12/13/2024,,,0.32,5.1,20.73,17.2,c500,16.76,-0.44,-3.97,17.37,19.33,-3.53,-13.28,16.32,21.69,16.32,21.7,73.0,16.7,0.38,-4.99,63.96,84.92,76.94,67.12,-4.03,-0.5,56.17,76.94,-5.0,0.38,65.61,85.52,17357.0,14638.0,10102.0,14032.0,51.61,0.0763,477.27,1.12,2103.86,1
SCE PRL,EIX,TP,10,12/13/2024,,,0.31,5.0,20.24,16.94,c500,16.17,-0.77,-4.07,16.95,18.9,-4.61,-14.44,15.98,21.09,15.98,21.32,73.0,16.11,0.13,-4.98,69.21,89.79,82.88,66.99,-4.13,-0.83,57.04,79.89,-5.21,0.13,68.36,88.01,43656.0,32088.0,38383.0,38042.0,51.61,0.0776,492.69,1.12,2103.86,2
SCHW PRD,SCHW,,12,11/13/2024,,,0.37,5.95,25.94,22.65,c575,24.95,2.3,-0.99,24.87,25.14,0.34,-0.75,24.25,25.71,22.29,25.71,43.0,24.76,0.51,-0.95,45.17,32.3,73.86,14.31,-1.18,2.11,31.39,53.58,-0.95,2.47,12.49,64.73,44756.0,52223.0,58025.0,51668.0,80.09,0.0601,357.64,1.12,2103.86,4
SCHW PRJ,SCHW,,12,11/13/2024,,,0.28,4.45,23.4,16.75,c450,18.85,2.1,-4.55,19.16,20.25,-1.63,-6.9,18.33,22.57,16.63,22.6,43.0,18.7,0.37,-3.87,54.74,58.13,77.18,52.48,-4.7,1.95,62.0,55.01,-3.9,2.07,51.18,68.71,55522.0,55024.0,62037.0,57528.0,80.09,0.0595,420.92,1.12,2103.86,9
SF PRB,SF,,8,12/2/2024,,,0.39,6.25,26.94,22.01,c625,23.62,1.61,-3.32,23.77,24.45,-0.64,-3.41,22.22,25.39,21.56,25.73,62.0,23.5,1.28,-1.89,49.93,43.47,55.58,26.6,-3.44,1.49,51.04,59.13,-2.23,1.94,29.28,70.0,6718.0,7214.0,8994.0,7642.0,55.31,0.0665,367.5,1.12,2103.86,1
SF PRC,SF,,8,12/2/2024,,,0.38,6.13,27.0,22.12,c625,22.88,0.76,-4.12,23.34,24.38,-1.96,-6.15,21.81,25.86,21.27,26.47,62.0,22.76,0.95,-3.1,56.34,54.98,63.41,42.42,-4.24,0.64,58.0,66.73,-3.71,1.49,48.69,74.48,10994.0,12113.0,16415.0,13174.0,55.31,0.0673,404.02,1.12,2103.86,1
SHO PRH,SHO,,NR,12/27/2024,,,0.38,6.13,23.75,20.4,c625,20.69,0.29,-3.06,20.7,21.69,-0.06,-4.62,19.14,24.22,19.14,24.27,87.0,20.68,1.54,-3.54,47.11,48.55,49.41,48.17,-3.07,0.28,47.83,69.96,-3.59,1.54,47.11,73.98,6816.0,6583.0,1470.0,4956.0,42.92,0.0741,388.75,1.12,2103.86,5
SHO PRI,SHO,,NR,12/27/2024,,,0.36,5.7,22.98,19.43,c550,19.43,0.0,-3.55,19.48,20.44,-0.26,-4.92,17.96,22.79,17.96,22.79,87.0,19.42,1.46,-3.37,48.08,49.81,51.31,45.95,-3.56,-0.01,52.09,72.55,-3.37,1.46,44.23,74.78,6531.0,6016.0,1270.0,4606.0,42.92,0.0734,389.79,1.12,2103.86,5
SIGIP,SIGI,,10,11/27/2024,,,0.29,4.6,20.74,15.48,c450,17.09,1.61,-3.65,17.51,18.31,-2.42,-6.66,16.61,20.3,15.17,20.3,57.0,16.98,0.37,-3.32,58.57,57.12,77.18,45.29,-3.76,1.5,53.83,59.04,-3.32,1.81,43.57,71.29,4834.0,4029.0,3008.0,3957.0,55.99,0.0677,408.35,1.12,2103.86,1
SLG PRI,SLG,,9.5,12/17/2024,,,0.41,6.5,25.67,18.15,c650,21.65,3.5,-4.02,22.21,22.7,-2.5,-4.62,20.56,24.53,16.6,24.87,77.0,21.59,1.03,-2.94,58.96,48.55,61.51,40.33,-4.08,3.44,56.61,41.68,-3.28,4.99,43.05,39.65,13358.0,10586.0,12440.0,12128.0,33.45,0.0753,365.77,1.12,2103.86,1
SOJC,SO,BB,11.5,11/29/2024,,,0.33,5.25,25.69,20.75,c525,21.59,0.84,-4.1,21.64,22.93,-0.22,-5.84,21.05,24.92,20.35,25.07,59.0,21.48,0.43,-3.44,47.89,53.67,75.76,46.86,-4.21,0.73,57.74,65.93,-3.59,1.13,47.11,78.06,25585.0,24126.0,23746.0,24486.0,80.08,0.0611,418.99,1.12,2103.86,2
SOJD,SO,BB,11.5,10/29/2024,,,0.31,4.95,23.86,19.45,c500,20.02,0.57,-3.84,20.29,21.65,-1.32,-7.52,19.26,23.95,19.26,24.55,28.0,19.81,0.55,-4.14,53.23,60.73,72.91,56.01,-4.05,0.36,56.35,69.24,-4.74,0.55,62.2,83.83,84500.0,78197.0,81739.0,81479.0,80.08,0.0625,442.24,1.12,2103.86,9
SOJE,SO,BB,11.5,1/10/2025,,,0.26,4.2,20.96,17.42,c425,17.62,0.2,-3.34,17.92,19.4,-1.7,-9.19,16.99,21.92,16.99,22.35,11.0,17.39,0.4,-4.53,55.08,67.74,76.47,61.11,-3.57,-0.03,52.17,72.73,-4.96,0.4,65.08,85.32,54327.0,53489.0,44049.0,50622.0,80.08,0.0604,450.31,1.12,2103.86,9
SR PRA,SR,,11,10/25/2024,8/15/2024,,0.37,5.9,26.15,21.87,c575,23.7,1.83,-2.45,24.06,24.31,-1.5,-2.51,23.2,25.39,21.36,25.39,24.0,23.43,0.23,-1.96,54.1,39.69,80.5,27.52,-2.72,1.56,44.78,58.5,-1.96,2.07,25.74,68.71,16451.0,14956.0,15170.0,15526.0,61.12,0.063,371.7,1.12,2103.86,4
SREA,SRE,BB,11.5,12/13/2024,,,0.36,5.75,25.24,21.16,c550,20.94,-0.22,-4.3,21.24,23.12,-1.41,-9.42,19.6,25.2,19.6,25.47,73.0,20.87,1.27,-4.33,53.67,68.71,55.82,58.5,-4.37,-0.29,59.13,75.06,-4.6,1.27,60.36,76.67,51975.0,57703.0,35445.0,48374.0,69.46,0.0689,444.87,1.12,2103.86,2
STT PRG,STT,,13,11/27/2024,,,0.33,5.35,26.9,21.63,c525,21.88,0.25,-5.02,22.5,23.79,-2.77,-8.02,21.32,25.16,21.32,25.16,57.0,21.76,0.44,-3.4,60.27,62.83,75.52,46.34,-5.14,0.13,65.83,71.3,-3.4,0.44,44.62,84.93,40842.0,43237.0,43816.0,42632.0,73.34,0.0615,432.87,1.12,2103.86,4
SYF PRA,SYF,,NR,10/30/2024,11/15/2024,,0.35,5.63,22.14,15.28,c550,18.67,3.39,-3.47,18.14,19.27,2.94,-3.1,16.19,21.62,14.51,21.94,29.0,18.43,2.24,-3.19,32.54,42.17,32.79,43.59,-3.71,3.15,53.39,44.27,-3.51,3.92,46.07,50.3,53975.0,50636.0,39710.0,48107.0,59.35,0.0764,372.4,1.12,2103.86,8
T PRA,T,,10,1/7/2025,12/12/2024,,0.31,5.0,23.49,18.31,c500,20.1,1.79,-3.39,20.28,21.09,-0.87,-4.71,19.15,22.75,18.2,22.8,8.0,19.82,0.67,-2.93,51.04,48.93,70.06,40.2,-3.67,1.51,53.04,58.95,-2.98,1.62,39.11,73.18,98183.0,91406.0,75101.0,88230.0,77.94,0.0631,406.16,1.12,2103.86,9
T PRC,T,,10,1/7/2025,2/18/2025,,0.3,4.75,21.55,17.25,c475,19.1,1.85,-2.45,19.19,19.99,-0.47,-4.43,18.2,21.69,17.02,21.71,8.0,18.83,0.63,-2.86,49.1,47.75,71.01,39.28,-2.72,1.58,44.78,58.32,-2.88,1.81,37.8,71.29,132174.0,126090.0,136500.0,131588.0,77.94,0.0631,401.05,1.12,2103.86,9
TBB,T,BB,12,10/17/2024,,,0.33,5.35,24.98,20.32,c525,22.51,2.19,-2.47,22.78,23.47,-1.21,-4.11,21.55,24.9,20.26,24.9,16.0,22.24,0.69,-2.66,52.7,46.41,69.58,36.67,-2.74,1.92,44.96,55.28,-2.66,1.98,34.92,69.6,75650.0,58923.0,56730.0,63768.0,79.5,0.0601,393.35,1.12,2103.86,4
TCBIO,TCBI,,8,12/2/2024,6/15/2026,,0.36,5.75,24.5,16.01,c550,21.02,5.01,-3.48,20.06,20.35,4.8,3.29,18.11,21.87,15.52,22.71,62.0,20.91,2.8,-0.96,23.5,15.33,19.5,14.44,-3.59,4.9,52.35,28.61,-1.8,5.39,23.64,35.67,20534.0,17547.0,14869.0,17650.0,50.97,0.0687,283.11,1.12,2103.86,8
TDS PRU,TDS,,7,12/13/2024,,,0.41,6.63,24.25,14.26,c650,19.71,5.45,-4.54,20.31,20.74,-2.97,-4.95,18.71,22.88,13.31,22.88,73.0,19.63,0.92,-3.25,61.24,49.94,64.12,44.38,-4.62,5.37,61.3,24.41,-3.25,6.32,42.66,26.42,26767.0,21593.0,28363.0,25574.0,48.66,0.0844,396.42,1.12,2103.86,6
TDS PRV,TDS,,7,12/13/2024,9/30/2026,,0.38,6.0,22.28,12.88,c600,18.1,5.22,-4.18,17.98,18.47,0.67,-1.99,16.25,20.48,12.01,20.48,73.0,18.03,1.78,-2.45,43.56,37.51,43.71,33.92,-4.25,5.15,58.09,26.38,-2.45,6.02,32.16,29.4,43916.0,39342.0,40286.0,41181.0,48.66,0.0832,358.95,1.12,2103.86,6
TFC PRO,TFC,,11.5,11/8/2024,,,0.33,5.25,25.2,19.78,c525,21.15,1.37,-4.05,21.31,22.38,-0.76,-5.49,19.69,24.46,19.43,24.83,38.0,20.96,1.27,-3.5,50.51,52.2,55.82,47.65,-4.24,1.18,58.0,61.9,-3.87,1.53,50.79,74.08,47097.0,39397.0,40141.0,42212.0,64.81,0.0626,396.95,1.12,2103.86,9
TFC PRR,TFC,,11.5,11/8/2024,,,0.3,4.75,22.49,17.71,c475,18.96,1.25,-3.53,19.29,20.26,-1.71,-6.42,18.41,22.27,17.29,22.62,38.0,18.79,0.38,-3.48,55.12,56.11,76.94,47.39,-3.7,1.08,53.3,62.8,-3.83,1.5,50.26,74.38,69470.0,60926.0,58621.0,63006.0,64.81,0.0632,411.21,1.12,2103.86,10
TRTN PRD,-,,NR,12/6/2024,3/15/2025,,0.43,6.88,25.95,21.62,c675,22.55,0.93,-3.4,21.93,23.26,2.84,-3.05,19.76,25.01,19.76,25.67,66.0,22.44,2.68,-2.57,33.02,41.96,22.34,35.49,-3.51,0.82,51.65,65.12,-3.23,2.68,42.39,62.64,9411.0,9310.0,10758.0,9827.0,44.05,0.0766,359.66,1.12,2103.86,5
TRTN PRE,-,,NR,12/6/2024,,,0.36,5.75,23.79,17.8,c550,18.75,0.95,-5.04,18.75,20.42,0.01,-8.16,16.9,23.17,16.9,23.3,66.0,18.65,1.75,-4.52,46.77,63.42,44.42,60.98,-5.14,0.85,65.83,64.85,-4.65,1.75,61.02,71.89,6906.0,7019.0,4681.0,6202.0,44.05,0.0771,417.72,1.12,2103.86,3
TRTX PRC,TRTX,,NR,12/16/2024,6/14/2026,,0.39,6.25,18.83,13.81,c625,17.55,3.74,-1.28,17.69,18.09,-0.79,-2.97,16.01,20.0,13.0,20.0,76.0,17.49,1.48,-2.51,50.66,41.62,50.83,34.71,-1.34,3.68,32.78,39.53,-2.51,4.49,32.95,44.63,7250.0,7399.0,5375.0,6674.0,42.84,0.0893,382.51,1.12,2103.86,11
TY PR,TY,,NR,12/5/2024,,,0.31,5.0,50.11,43.5,c500,44.29,0.8,-5.81,44.6,45.82,-0.68,-3.32,43.13,48.65,42.0,49.19,65.0,44.21,1.08,-4.44,50.12,43.09,60.33,59.93,-5.9,0.71,72.43,66.11,-4.98,2.21,65.34,67.31,533.0,453.0,190.0,392.0,51.41,0.0283,313.36,1.12,2103.86,0
UNMA,UNM,BB,10,11/29/2024,,,0.39,6.25,26.19,21.92,c625,23.23,1.31,-2.96,24.48,24.83,-5.11,-6.44,23.1,25.46,21.49,26.05,59.0,23.1,0.0,-2.36,71.64,56.19,85.96,32.75,-3.09,1.18,48.0,61.9,-2.95,1.61,38.72,73.28,13265.0,12463.0,11243.0,12324.0,66.43,0.0676,424.57,1.12,2103.86,4
USB PRP,USB,,13.5,12/30/2024,,,0.34,5.5,25.25,19.75,c550,22.78,3.03,-2.47,22.93,23.85,-0.64,-4.47,21.46,25.43,19.0,25.43,0.0,22.44,0.98,-2.99,49.93,47.92,62.7,40.98,-2.81,2.69,45.57,48.39,-2.99,3.44,39.25,55.07,34992.0,36179.0,37948.0,36373.0,72.04,0.0613,379.59,1.12,2103.86,2
USB PRQ,USB,,13.5,12/27/2024,,,0.23,3.75,19.57,13.5,c400,15.28,1.78,-4.29,15.55,16.64,-1.76,-8.19,14.66,18.59,13.32,18.6,87.0,15.27,0.61,-3.32,55.37,63.54,71.48,45.29,-4.3,1.77,58.52,56.62,-3.33,1.95,43.7,69.9,41326.0,38487.0,55976.0,45263.0,72.04,0.0614,414.43,1.12,2103.86,10
USB PRR,USB,,13.5,12/27/2024,,,0.25,4.0,21.05,14.57,c400,16.33,1.75,-4.73,16.59,17.76,-1.61,-8.12,15.62,20.09,14.24,20.35,87.0,16.31,0.69,-3.78,54.64,63.25,69.58,51.31,-4.74,1.74,62.35,56.89,-4.04,2.07,53.02,68.71,49759.0,43121.0,51745.0,48208.0,72.04,0.0613,418.49,1.12,2103.86,9
USB PRS,USB,,13.5,12/27/2024,,,0.28,4.5,22.08,16.44,c450,18.73,2.29,-3.35,18.99,20.21,-1.35,-7.33,18.04,22.54,16.22,22.97,87.0,18.72,0.68,-3.82,53.38,59.93,69.82,51.83,-3.36,2.28,50.35,52.06,-4.25,2.5,55.77,64.43,41596.0,35961.0,27636.0,35064.0,72.04,0.0601,407.98,1.12,2103.86,9
UZD,USM,BB,9.5,11/29/2024,9/1/2025,,0.39,6.25,24.16,16.77,c625,23.88,7.11,-0.28,23.7,23.41,0.77,2.01,22.0,24.37,15.78,24.8,59.0,23.75,1.75,-0.62,43.08,20.71,44.42,10.0,-0.41,6.98,24.7,10.0,-1.05,7.97,13.8,10.0,39825.0,38960.0,50850.0,43212.0,57.76,0.0658,283.26,1.12,2103.86,8
UZE,USM,BB,9.5,11/29/2024,,,0.34,5.5,21.8,14.93,c550,20.88,5.95,-0.92,21.69,21.78,-3.73,-4.13,20.25,23.22,13.7,23.8,59.0,20.76,0.51,-2.46,64.94,46.49,73.86,34.05,-1.04,5.83,30.17,20.29,-3.04,7.06,39.9,19.05,36282.0,32213.0,37621.0,35372.0,57.76,0.0662,356.38,1.12,2103.86,6
UZF,USM,BB,9.5,11/29/2024,6/1/2026,,0.34,5.5,21.75,15.44,c550,20.83,5.39,-0.92,21.73,21.79,-4.15,-4.4,20.3,23.5,13.61,23.7,59.0,20.71,0.41,-2.79,66.98,47.63,76.23,38.37,-1.04,5.27,30.17,25.3,-2.99,7.1,39.25,18.66,30097.0,26017.0,30393.0,28836.0,57.76,0.0664,362.63,1.12,2103.86,8
VNO PRL,VNO,,10.5,12/13/2024,,,0.34,5.4,24.16,13.75,c525,17.85,4.11,-6.3,17.52,17.5,1.96,2.04,15.25,19.46,13.11,19.46,73.0,17.8,2.55,-1.66,37.3,20.58,25.43,23.59,-6.36,4.05,76.43,36.22,-1.66,4.69,21.8,42.64,19678.0,17678.0,17419.0,18258.0,60.67,0.0758,336.17,1.12,2103.86,6
VNO PRM,VNO,,10.5,12/13/2024,,,0.33,5.25,23.4,13.71,c525,17.11,3.4,-6.29,16.96,17.03,0.91,0.47,14.75,18.99,13.17,18.99,73.0,17.05,2.3,-1.94,42.4,27.18,31.36,27.25,-6.35,3.34,76.35,42.57,-1.94,3.88,25.48,50.7,20018.0,18945.0,9600.0,16188.0,60.67,0.077,357.77,1.12,2103.86,6
VNO PRN,VNO,,10.5,12/13/2024,,,0.33,5.25,22.92,13.76,c525,17.13,3.37,-5.79,17.0,17.1,0.78,0.15,14.81,18.97,13.31,18.97,73.0,17.07,2.26,-1.9,43.03,28.52,32.31,26.73,-5.85,3.31,72.0,42.84,-1.9,3.76,24.95,51.89,18192.0,17972.0,17758.0,17974.0,60.67,0.0769,358.94,1.12,2103.86,6
VNO PRO,VNO,,10.5,12/13/2024,,,0.28,4.5,19.7,11.6,c450,14.55,2.95,-5.15,14.62,14.99,-0.48,-2.96,12.51,17.34,11.28,17.34,73.0,14.5,1.99,-2.84,49.15,41.58,38.72,39.02,-5.2,2.9,66.35,46.51,-2.84,3.22,37.28,57.26,21534.0,21377.0,20186.0,21032.0,60.67,0.0776,389.16,1.12,2103.86,6
WAFDP,WAFD,,10,12/27/2024,4/15/2026,,0.3,4.88,22.2,12.6,c475,15.94,3.34,-6.26,16.21,16.86,-1.67,-5.46,15.24,19.49,12.02,19.75,87.0,15.93,0.69,-3.56,54.93,52.08,69.58,48.43,-6.27,3.33,75.65,42.66,-3.82,3.91,50.13,50.4,18171.0,18448.0,20084.0,18901.0,50.23,0.0766,404.36,1.12,2103.86,8
WBS PRF,WBS,,10,12/2/2024,,,0.33,5.25,24.4,15.52,c525,19.09,3.57,-5.31,19.3,20.23,-1.09,-5.62,18.02,22.54,15.1,22.54,62.0,18.99,0.97,-3.55,52.11,52.75,62.94,48.3,-5.41,3.47,68.17,41.41,-3.55,3.89,46.59,50.6,7374.0,5440.0,7789.0,6868.0,59.0,0.0691,392.08,1.12,2103.86,8
WFC PRC,WFC,,11,11/27/2024,,,0.27,4.38,20.19,16.05,c425,17.62,1.57,-2.57,17.79,18.99,-0.94,-7.2,16.85,20.7,15.89,21.18,57.0,17.52,0.67,-3.18,51.38,59.39,70.06,43.46,-2.67,1.47,44.35,59.31,-3.66,1.63,48.03,73.08,74313.0,67691.0,92706.0,78236.0,77.15,0.0625,416.45,1.12,2103.86,2
WFC PRD,WFC,,11,11/27/2024,,,0.27,4.25,19.89,15.56,c425,17.14,1.58,-2.75,17.35,18.51,-1.19,-7.41,16.38,20.26,15.47,20.8,57.0,17.04,0.66,-3.22,52.6,60.27,70.3,43.99,-2.85,1.48,45.91,59.22,-3.76,1.57,49.34,73.68,90959.0,92495.0,111511.0,98322.0,77.15,0.0624,418.99,1.12,2103.86,9
WFC PRY,WFC,,11,11/27/2024,,,0.35,5.63,25.36,21.19,c550,23.23,2.04,-2.13,23.11,23.96,0.53,-3.04,21.92,25.36,21.08,25.36,57.0,23.1,1.18,-2.26,44.24,41.92,57.95,31.44,-2.26,1.91,40.78,55.37,-2.26,2.02,29.67,69.2,44136.0,44057.0,66811.0,51668.0,77.15,0.0609,374.67,1.12,2103.86,4
WFC PRZ,WFC,,11,11/27/2024,,,0.3,4.75,21.8,17.49,c475,19.08,1.59,-2.72,19.28,20.28,-1.04,-5.93,18.22,22.01,17.33,22.29,57.0,18.97,0.75,-3.04,51.87,54.05,68.16,41.63,-2.83,1.48,45.74,59.22,-3.32,1.64,43.57,72.99,168452.0,162979.0,254999.0,195477.0,77.15,0.0626,409.46,1.12,2103.86,9
WRB PRE,WRB,BB,11.5,12/13/2024,,,0.36,5.7,25.59,21.77,c550,22.52,0.75,-3.07,22.04,23.62,2.18,-4.68,20.43,25.32,20.43,25.68,73.0,22.45,2.02,-2.87,36.23,48.8,38.01,39.41,-3.14,0.68,48.43,66.38,-3.23,2.02,42.39,69.2,10043.0,12756.0,12539.0,11779.0,73.16,0.0635,382.24,1.12,2103.86,2
WRB PRF,WRB,BB,11.5,12/13/2024,,,0.32,5.1,24.51,18.93,c500,20.18,1.25,-4.33,19.77,21.3,2.09,-5.28,19.0,24.24,18.79,24.54,73.0,20.12,1.12,-4.12,36.67,51.32,59.38,55.75,-4.39,1.19,59.3,61.81,-4.42,1.33,58.0,76.07,19949.0,21920.0,16023.0,19297.0,73.16,0.0634,406.52,1.12,2103.86,2
WRB PRG,WRB,BB,11.5,12/13/2024,,,0.27,4.25,21.25,17.35,c425,16.49,-0.86,-4.76,16.74,18.4,-1.49,-10.39,15.82,20.65,15.82,22.29,73.0,16.44,0.62,-4.21,54.06,72.78,71.25,56.93,-4.81,-0.91,62.96,80.6,-5.85,0.62,76.75,83.13,7596.0,8350.0,9102.0,8350.0,73.16,0.0646,459.64,1.12,2103.86,2
WRB PRH,WRB,BB,11.5,12/13/2024,,,0.26,4.13,20.85,15.6,c400,16.1,0.5,-4.75,16.44,17.99,-2.06,-10.49,15.44,20.61,15.4,21.15,73.0,16.05,0.61,-4.56,56.82,73.2,71.48,61.5,-4.8,0.45,62.87,68.43,-5.1,0.65,66.92,82.84,13145.0,17440.0,33636.0,21407.0,73.16,0.0643,455.19,1.12,2103.86,10
